id,content,score,total_lex_score,label
1,seruuu bangett pakee apk inii simpel banget karena ada template nya,5,1,Positif
2,hilangkan pro nya,1,0,Negatif
3,"lumayan bagus, cocok buat pemula karena banyak template yang bagus tapi grafik nya masih kurang",4,2,Positif
4,capcut kikir bet sekarang apa apa harus berbayar,4,-2,Positif
5,tiba tiba saya di beri tagihan pro padahal saya tidak berasa membeli dan di caocut saya juga akun biasa bukan akun pro jadi saya merasa rugi mendapatkan tagihan yang saya tidak ketahui dan hanya menghambur hamburkan uang.,1,-3,Negatif
6,bagus mantap bs utk menuangkan inspirasi,5,2,Positif
7,bagussss,5,0,Positif
8,kok sekarang ada iklan nya sih,3,-1,Negatif
9,tidak perlu ngedit tinggal pencet templet terus pilih gambar terus ekspor tapi maaf saya kasih ï¿½ï¿,4,0,Positif
10,bagusss banget. cuma ya ada iklan nya sedikit ketika mengekspor,4,-1,Positif
11,baguss,5,0,Positif
12,ngelek an ih gasuka,1,-1,Negatif
13,menang di template doang yg lain kureng anjir,1,0,Negatif
14,apalah dikit dikit premium dikit dikit premium 1080p pun sampe premium apk apaan ini g guna jelekï¿½ï,1,-4,Negatif
15,"Capcut bukan sekedar tempat untuk mengedit foto dan video,capcut memberikan banyak manfaat bisa anak muda dan memberikan pekerjaan bagi para anak muda",5,1,Positif
16,seru banget,5,1,Positif
17,pas mau nyimpan video ga bisa harus bayarr anj!!,1,0,Negatif
18,karna banyak yang saya donlod di hp dan terus habis memori habis itu saya pergi bikin pakai capcut,5,0,Positif
19,aplikasi ini baguss sekali jadi membuat aku mudah untuk mengedit,5,1,Positif
20,bikin video sekali iklannya 5 kali wkwkwkwk best dah,1,0,Negatif
21,sangat bagus ayok medolot sekarang,5,1,Positif
22,"jujur capcut udah bagus si,cuma sekarang banyak iklan nyaa",4,0,Positif
23,banyak bugg,1,0,Negatif
24,ok,5,1,Positif
25,"sejujurnya capcut tuh bagus ,cuman tolong kurangin iklan jud*l dan video seks* ya",4,0,Positif
26,sangat mendukung,5,0,Positif
27,bagus,5,1,Positif
28,bagus,5,1,Positif
29,tidak bisa beroperasi,1,0,Negatif
30,bagus tapi MB nya turunkan,5,1,Positif
31,sumpah ini seru banget tp dia itu sukanya wkwkwkwkw,4,1,Positif
32,ko sekarang mah bayar yah,2,0,Negatif
33,"apk ngeselin harus pake kredit kaya iklannya, semoga saya jadi orang kaya biar bisa mbanting hape KLO iklannya muncul,",1,-1,Negatif
34,"Menarik,dan bagus,",4,1,Positif
35,aplikasi nya bagus sesuai ekspektasi,5,1,Positif
36,"udah kikir jirr, mau beli bumi kek nyaï¿½ï",3,-1,Negatif
37,harus banget berbayar ya dulu perasaan ga ada pemaksaan buat berbayar sekarang mau edit pun harus berbayar unistal aja deh nyari apk lain,1,-3,Negatif
38,udah instal di play store kok masih tidak aman piye to iki??,1,0,Negatif
39,ini bagus tapi ngeselin mau di donlot malah gak bisa masuk ke aplikasi nya,3,0,Netral
40,bagus banget,5,1,Positif
41,untuk membuat jj jadi lebih gampang tanpa harus mengedit,5,1,Positif
42,apk tolol,1,0,Negatif
43,apalikasi ini tu bagus banget,5,1,Positif
44,apk nya baguss,5,0,Positif
45,aplikasi jelek bikin kena tagihan yg tidak diketahui,1,-2,Negatif
46,baguss,5,0,Positif
47,bagus untuk bikin jj dan ngedit kontenï¿½ï,5,1,Positif
48,happy,5,0,Positif
49,worrtt it kalo buat ngedit JJ,5,0,Positif
50,capcup aku dia itu bagus pakai yang lebih cantik tapi sayang pembayaran,3,1,Positif
51,knp sering ngelek,1,-1,Negatif
52,aplikasi ny baguss,5,0,Positif
53,"APK IDIOT, KESEL BGT GUE SM NI APK PENYAMPAIAN OKE, HP JG OKE, TP KNPA DH NI APKLIKASI, BURUK BGT IH ANDAI ADA APK LAIN GA GUE PAKE NI",1,0,Negatif
54,"harga makin kikir, bug makin banyak, plis perbaiki bug masking bintang, aku lelah benerin 1 per 1 setiap ngebuka ulang projek di capcut",1,-3,Negatif
55,saldo gw kesedot sendiri t41 sama lu gila,1,-1,Negatif
56,bagus hanya saja aplikasi ini sekarang berbayar,5,0,Positif
57,"udah iklannya judol doang, malah capcut skrng dijadikan tempat nyebar foto ga beres dengan geserï¿½ï¿½ï¿½ï¿½ï¿½ï¿½ï¿½ï¿½ï¿½ï¿½ï¿½ï¿½ï¿½ï¿½ï¿½ï¿½ï¿½ï¿½ï¿½ï¿½ï¿½ï¿½ï¿½ï¿½ï¿½ï¿½ï¿½ï¿½ï¿½ï¿½ï¿½ï¿½ï¿½ï¿½ï¿½ï¿½ï¿½ï¿½ï¿½ï¿½ï¿½ï¿½ï¿½ï¿½ï¿½ï¿½ï¿½ï¿½ï¿½ï¿½ï¿½ï¿½ï¿½ï¿½ stiker semakin ke sini kontenï¿½ï¿½ï¿½ï¿½ï¿½ï¿",1,0,Negatif
58,sedang sja,4,0,Positif
59,Iklan lu sampe 10 kali bego..blm lg di pake apk nya uda iklan sampe 10 mnt,1,-2,Negatif
60,ssngat puas,5,1,Positif
61,sudah terlalu banyak aplikasi berbayar,1,-1,Negatif
62,Parah sih sekarang capcut mau download harus berbayar. auto uninstal sih. udah capekï¿½ï¿½ï¿½ï¿½ï¿½ï¿½ï¿½ï¿½ï¿½ï¿½ï¿½ï¿½ï¿½ï¿½ï¿½,2,-2,Negatif
63,sangatt baguss,5,0,Positif
64,"Apk nya bagus,tapii",4,1,Positif
65,sangat bagus sekali,5,1,Positif
66,bagusds,5,0,Positif
67,"kenapa saya memberi bintang 4 karena Aplikasi Capcut ini membuat memori dan penyimpanan MB saya langsung penuh jadi kadang saya harus menghapus foto atau vidio saya,untuk bisa menggunakan aplikasi Capcut ini,jadi ini kurang memuaskan pada memori tapi bisa dan bagus pada membuat JJ untuk di posting di Tik tok maupun IG",4,1,Positif
68,bagus sih TPI koen e mene use the form below to delete aja gan ga ada uang nya gak ada,5,1,Positif
69,selain buat JJ bisa juga ngedit ngedit jadi POV atau drama dari game kita,5,0,Positif
70,baguss,5,0,Positif
71,capcut in Dangan menarik dan bgu bagt,5,0,Positif
72,masa setiap bulan di suruh bayar Mulu padahal ga make mode yang berbayar hadehh capcut jelek emng,1,-2,Negatif
73,knpa tidak bisa d gunakan,5,0,Positif
74,knp sekarang harus nonton iklan saat ingin ekspor,2,-1,Negatif
75,"Benci bgt, tiap mau ekspor pasti iklan shopee terus yg muncul. Giliran udah selesai iklan malah harus ngulang edit nya",3,-2,Negatif
76,banyak cewek2 yg pake baju minum bahaya banget anak2 kalo buka capcut,1,0,Negatif
77,"kebanyakan iklan, kebanyakan bayar hadeuhh jadi males",1,-1,Negatif
78,"hnthk kalian yang ngedit pake apk ini sering lag patah patah, coba ganti handphone kalian minimal ram 6",5,-1,Positif
79,lumayan bagus tapi kurangi iklan nya yahh,4,0,Positif
80,Baguss,5,0,Positif
81,"APLIKASI BAGUS TAPI GA WAJAR,HARGA MAKIN GA MASUK AKAL",1,1,Positif
82,keseringan update versi.,4,0,Positif
83,apk kikir mending gausah download,1,-1,Negatif
84,paansi lol update mlu kocak,1,0,Negatif
85,kok bisa hilang sendiri aplikasi nya,5,0,Positif
86,sekarang sering nge bug saat ngedit atau memutar ulang tampilan template waktu mengedit,1,-1,Negatif
87,apk monyet banyak iklan,1,-1,Negatif
88,bagus,5,1,Positif
89,memuat Mulu kocak!!,5,0,Positif
90,Bertahun-tahun belum pernah Saya buka capcut bisa lancar Sll sj eror memuat efek aja gagal Terus Apa gak bisa di perbaiki biar bisa Cocok jg dg HP android,4,1,Positif
91,ok,5,1,Positif
92,lumayan lah buat edit tipis tipis dan enak buat edit pas lagi gabut,5,0,Positif
93,keren,5,1,Positif
94,bagus,4,1,Positif
95,"editan kaku,gelombang kurang dari segi putar kurang lancar kedepannya mohon di perbaiki lagi.",2,1,Positif
96,keren,5,1,Positif
97,mantap poll,5,1,Positif
98,karena di sini buat saya bisa edit panyak hal tapi cuman ada panya edita yg harus di bayar itu saya yg saya mau bilang,1,0,Negatif
99,"duh banyak template yg gak banget diliat anak kecil yg seksi atau hal hal ttg ketelanjangan,jujur hrsnya sadar kalo apk kalian tu masi dipake banyak anak kecil hrsnya kalian tidak meloloskan template yg senonoh itu beneran deh kecewa apalagi itu template kyk gitu pro semua gilaa kali ya ,ga respect bgt kalo smpe bulan depan gada perubahan",2,-1,Negatif
100,di hp mm ku bisa di login tap di hp ku ngabisa terus banyak iklan sedikit susah aku kasi retig 3/6 pesen!,3,-1,Negatif
101,bagus banget,5,1,Positif
102,"aplikasinya bagus, sudah tidak lag lagi Capcut ku mohon, banyak konten tidak senonoh di beranda template kumohon di minimalisir lagi videonya aku tidak nyaman menontonnya ï¿½ï¿½ï¿½ï¿½ï¿½ï¿½ï¿½ï¿½ï¿½ï¿½ï¿½ï¿½ï¿½ï¿½ï¿½ï¿½ï¿½ï¿½ï¿½ï¿½ï¿½ï¿½ï¿½ï¿½ï¿½ï¿½ï¿½ï¿½ï¿½ï¿½ï¿½ï¿½ï¿½ï¿½ï¿½ï¿½ï¿½ï¿½ï¿½ï¿½ï¿½ï¿½ï¿½ï¿½ï¿½ï¿½",2,0,Negatif
103,saya mau cri template malah yg keluar nya org dewasa lgi gtu,1,0,Negatif
104,"tiba-tiba saja melakukan pembayaran langganan tanpa sepertujuan saya, saya kehilangan dana saya tanpa sepengetahuan saya",1,0,Negatif
105,"ini maksudnya capcut gimana?? saya setiap top up saldo entah itu di gopay/dana selalu terpotong untuk pembayaran langganan, padahal saya tidak merasa berlangganan??????? ini saya sering terpotong saldo saya?? saya ajukan refund dana juga tidak bisa?? mana ini capcut tanggung jawabnya???? kembalikan saldo dana saya, ada 100k lebih.",1,0,Negatif
106,terlalu banyak iklan,1,-1,Negatif
107,tidak sesuai karna ada notif capcut tidak aman saya udh berkali-kali dowload di playstore tolong diperbaiki,1,0,Negatif
108,aplikasinya bagus banget lebih bagus dari yang dulu tapi sekarang sering iklan coba iklan nya di hapus biar ga lama kalo ngeditnya,5,0,Positif
109,capcut ini sudah bagus mines nya di bayar doang,1,1,Positif
110,aplikasi kikir,1,-1,Negatif
111,sayangnya sering lewat iklan yg tak pantas,1,-1,Negatif
112,"kalau update premium hati hati ya guys, ini aplikasi nyedot dana kita sendiri tanpa konfirmasi",1,-1,Negatif
113,gaenak bgt capcutï¿½ï¿½ï¿,5,0,Positif
114,lama banget instal nyah sampe 10 menit belum selesai jugaï¿½ï,3,0,Netral
115,engga make fitur yg pro ko berbayar.aneh,1,0,Negatif
116,muncul notifikasi aplikasi tidak resmi silahkan download diaplikasi resmi padahal saya downloadnya disini diplaystore udah puluhan kalik bolak balik unistal dan download lgi tetap ngga bisa digunakan,1,0,Negatif
117,aneh terimakasih,1,0,Negatif
118,"kikir bnyk klip 18+ kalo g update g bisa di buka apk nya, intinya kikir benerrr",1,-2,Negatif
119,"saya suka bangett sama aplikasinyaa,,seruu bisa menciptakan kreasi"" yqng kreatiff,,mantulllllllï¿½ï¿½ï¿½ï¿½ï¿½ï¿½ï¿½ï¿½ï¿½ï¿½ï¿",5,0,Positif
120,udah ga berlangganan masih aja ada pembayaran gada konfirmasi pembayaran tau2 sukses pembayarannya,1,0,Negatif
121,"bgus,cumn apa apa bayar,pro",4,0,Positif
122,"aplikasi ini sangat bagus saya suka dengan aplikasi ini tapi banyak iklan yang menggangu terimakasih sekian, assalamualaikum warahmatullahi wa barokatu",5,0,Positif
123,mantap,5,1,Positif
124,kelihatanya baguss,4,0,Positif
125,tidak di didik,1,0,Negatif
126,bgus,5,0,Positif
127,APLIKASI BUSUKK!!!,1,0,Negatif
128,"Penggunaan Gratis AI 1x. Dicoba malah gagal menerapkan efek AI, padahal udh ngorbanin waktu banyak. Stuck di 99% malah gagal, disuruh bayar. Marketing banget ya biar banyak yang berlangganan?",2,0,Negatif
129,ini gak mau ke instal gak suka capcut,1,0,Negatif
130,apa apa harus premium lawak hama,1,-1,Negatif
131,"aplikasi kurang optimal di beberapa ponsel model lama, kebanyakan fitur sekarang di paywallï¿½ï¿½ï¿½ï¿½",1,0,Negatif
132,ada tamplate yang keliatan aurat nya tolong di hapus,4,0,Positif
133,"capcut tolong lebih tegas dalam konten.opsi templat yang seharusnya untuk menggampangkan mengedit menjadi unsur film p*o**o.tolong capcur jangan membuat generasi muda menjadi rusak krn konten 18+, tolong kalo memang capcut mau menjadi apk film 18+ batasi umurnya jangan seperti ini.selain itu, kalo mau capcut digunakan di seluruh kalangan umur .tolong, blokir semua yang berunsur film 18+ krn capcut ini aplikasi mengedit bukan menonton film yang tidak jelas itu. semoga bisa menjadi pembelajaran.",1,0,Negatif
134,mantap,5,1,Positif
135,saya sangat sukaa,5,0,Positif
136,sudah langganan capcut lab ai tp Generator minta credit terus hingga tak siapï¿½ï¿½ï¿½ï¿½ï¿½ï¿½ï¿½ï¿½ï¿½ï¿½ï¿½ï¿½ï¿½ï¿½ï¿½ï¿½ï¿½ï¿½ï¿½ï¿½ï¿½ï¿½ï¿½ï¿½ï¿½ï¿,2,-1,Negatif
137,udah kikir nga tau diri apk apa ini Cok di buka susah ngak bisa pakai harus update tapi masih ngak bisa beneran kikir ni apk banyak iklan suka eror padahal hp gua nya juga udah bagus apaan sih ni apk sumpah,1,-2,Negatif
138,mantep,5,0,Positif
139,"ini capcut lagi kenapa ya?ko gabisa terus si ngedit"" pls la",1,0,Negatif
140,apaï¿½ï¿½ï¿½ï¿½ï¿½ï¿½ï¿½ï,1,0,Negatif
141,suka ngelag gitu mungkin hpnya kentang,3,0,Netral
142,Aplikasi nya Bagus Dan Gampang Buat Ngedit Foto Atau Video,5,2,Positif
143,Jajar capcut itu sangat membantu,5,1,Positif
144,bagus juga donlot sekarang,4,1,Positif
145,cucok banget,5,0,Positif
146,Saya mengasihi nilai1 saja Karena kayak ketika gituloh pas dipakai,5,0,Positif
147,sangat membantu,5,1,Positif
148,lucu,5,0,Positif
149,"woy hama ini kok dana gw ke kuras gara""lu, padahal dg gak ada beli"" efek atau apa ini apk hama capcut hama balikin 83 gw hama",1,0,Negatif
150,sekrng capcut ektak audio jg bayar....ï¿½ï,1,0,Negatif
151,"ini ngpa sih apk ny gk bgt, orang aku download dari Google Play masa pas masuk ada tulisan harus download dari apk resmi, emng google play bukan apk resmi? tolong lah di perbaiki habis di update kok makin aneh bukannya makin bener, dasar apk gk jelas",1,0,Negatif
152,memori gw banyak tapi gw download gak bisa lu niat gak si bikin aplikasi tolol,1,0,Negatif
153,apk kikir,1,-1,Negatif
154,"apa apaan dah. semuanya di pro-in. padahal dulu engga tuh, terus juga iklannya jud0l. minimal diperbaiki lh!",1,0,Negatif
155,bagus sekali apk ini aku suka,5,1,Positif
156,bagus banget banget buat ngedit,4,1,Positif
157,"tambahin opsi font di edit foto woi, dulu ada banyak sekarang malah diilangin.",3,0,Netral
158,bagus siih tapi kebanyakan jj pro nya,4,1,Positif
159,bgus nie,5,0,Positif
160,sangat cocok untuk ngedit pokoknya iloveyou capcut!!!!!!!,5,0,Positif
161,banyak iklan nya,1,-1,Negatif
162,suka GK bisa di download jadi agak kurang suka terus banyak iklan,1,-1,Negatif
163,bagus,3,1,Positif
164,menarik,5,0,Positif
165,baguss,5,0,Positif
166,bagus bangat editanya buat ngedit gampang pol,5,2,Positif
167,bagus,5,1,Positif
168,"dulu apk ini bagus banget, tapi sekarang makin kikir. yang standar aja berbayar buset dah, gw sih fineï¿½ï¿½ï¿½ï¿½ï¿½ï¿½ï¿½ï¿½ï¿½ï¿½ï¿½ï¿½ï¿½ï¿½ï¿½ï¿½ï¿½ï¿½ï¿½ï¿½ï¿½ï¿½ï¿½ï¿½ï¿½ï¿½ï¿½ï¿½ï¿½ï¿½ï¿½ï¿½ï¿½ï¿½ï¿½ï¿½ï¿½ï¿½ï¿½ï¿½ï¿½ï¿½ï¿½ï¿",1,-3,Negatif
169,"apk nya bagus tp jelek karena semuanya pro, fitur dasar saja ikut pro, resolusi 1080p pro, mengekstrak audio juga pro, tidak masalah jika beberapa effect pro tp ini keterlaluan",1,0,Negatif
170,"Hai capcut terimaksih sudah ada, saya suka sekali edit edit foto, dengan adanya capcut saya jadi mudah ngedit foto, tidak cuma wajah tapi bisa merubah tempat juga. semoga capcut semakin sukses.",5,1,Positif
171,"fitur HDNya jadi jelek ,udah di HD tetep aja hasil fotonya jelek burem ,padahal kemarin bagus , udah bayar mahal tetep aja jelek",1,-3,Negatif
172,kalo bisa tols nya di free kan aj kayak dulu,3,0,Netral
173,saya kasih bintang 1 karena capcut sekarang harus bayar,1,0,Negatif
174,tolong jangan kikir dan kenapa croma key saya berbayar kikir,3,-3,Negatif
175,kikir banget njir jadi harus make template gw ashu,2,-1,Negatif
176,jelek bgt makanya aku kasih bintang 5,5,-1,Positif
177,bagusss bngt,5,0,Positif
178,sangat bagus dan berguna,5,1,Positif
179,emang bagus,5,1,Positif
180,bagus kok tapi di hp aku 1 lagi ga bisa download tulisan nya koneksi eror periksa koneksi atau data padahal wifi saya bagus bug atau gimana,3,1,Positif
181,capcut kikir kek garena epep,1,-1,Negatif
182,sangat bagus dan mudah cepat mengedit video atau foto,5,2,Positif
183,bagus bnagetttt,5,1,Positif
184,sumpah kalau edit sih emang paling cakep ini sih,5,0,Positif
185,karna seru bikin vidio yutube juga bagusss o may gattr,5,1,Positif
186,bagussss banget yallo karna dia bisa bikin JJ trend trend apapun sumpah,5,0,Positif
187,karena bagusss,5,0,Positif
188,kebanyakan fitur pro,1,0,Negatif
189,sangat berguna untuk mengeditï¿½ï¿½ï¿½ï¿½ï¿½ï,3,0,Netral
190,apk kebanyakan iklan kalo bisa iklan nya 1jm sekalian,1,-2,Negatif
191,untuk aplikasi nya bagusss,5,0,Positif
192,"baguss bangettt , tapi aku gasuka kalo ada templat jamet kaya ibu ibu gitu pengen nya yag lagi trend trend tiktok",5,0,Positif
193,Trash! -100 Star,5,0,Positif
194,tiba di dana gw ada tulisan transfer gagal eh ternyata dari capcut,1,0,Negatif
195,"ýýýýýýýýýýýý ýýýýýýýýýýýý ýýýýýýýý ýýýýýýýýýýýýýýýýýýýý ýýýýýýýýýýýý, ýýýýýýýýýýýý ýýýýýýýýýýýý ýýýýýýýý ýýýýýýýýýýýýýýýý ýýýýýýýýýýýýýýýý ýýýýýýýýýýýýýýýýýýýý ýýýýýýýý ýýýýýýýýýýýýýýýýýýýýýýýýýýýý ýýýýýýýý ýýýýýýýý ýýýýýýýýýýýýýýýýýýýýýýýý, ýýýýýýýý ýýýýýýýýýýýýýýýý ýýýýýýýýýýýýýýýýýýýýýýýýýýýýýýýýýýýýýýýý ýýýýýýýý ýýýýýýýýýýýýýýýý ýýýýýýýýýýýýýýýýýýýýýýýýýýýý ýýýýýýýýýýýý ýýýýýýýýýýýýýýýýýýýýýýýý ýýýýýýýý, ýýýýýýýýýýýýýýýý ýýýýýýýýýýýýýýýýýýýýýýýýýýýýýýýýýýýýýýýýýýýý ýýýýýýýýýýýýýýýý ýýýýýýýýýýýýýýýýýýýý ýýýýýýýý ýýýýýýýýýýýýýýýýýýýýýýýý ýýýýýýýýýýýýýýýýýýýýýýýýýýýýýýýýýýýý, ýýýýýýýýýýýý ýýýýýýýýýýýýýýýý ýýýýýýýýýýýýýýýýýýýýýýýýýýýýýýýýýýýýýýýý ýýýýýýýýýýýý ýýýýýýýý ýýýýýýýýýýýýýýýý ýýýýýýýýýýýýýýýý ýýýýýýýý ýýýýýýýýýýýýýýýýýýýýýýýý, ýýýýýýýýýýýýýýýýýýýýýýýý ýýýýýýýýýýýýýýýýýýýýýýýýýýýýýýýý ýýýýýýýý ýýýýýýýýýýýýýýýý ýýýýýýýýýýýý ýýýýýýýýýýýý ýýýý",4,0,Positif
196,aku suka banget pake capcut aku soalnya youtuber kalo gak ada capcut aku gak bisa ngonten,5,0,Positif
197,Bagus bngt capcut ny pas itu th capcut aku di hapus karena penyimpanan ny penuh terus jadi sekarang bisa bagus bngt sama aku di kasih ï¿½ï¿½ï¿½ï¿½ï¿½ï¿½ï¿½ï¿½ï¿½ï¿½ï¿½ï¿½ï¿½ï¿½ï¿½ï¿½ï¿½ï¿½ï¿½ï¿½ï¿½ï¿½ï¿½ï¿½ï¿½ï¿½ï¿½ï¿½ï¿½ï¿½ï¿½ï¿½ï¿½ï¿½ï¿½ï¿½ï¿½ï¿½ï¿½ï¿½ï¿½ï¿½ï¿½ï¿½ï¿½ï¿½ï¿½ï¿½ï¿½ï¿½ï¿½ï¿½ï¿½ï¿½ï¿½ï¿½ï¿½ï¿½ï¿½ï¿½ï¿½ï¿½ï¿½ï¿½ï¿½ï¿½ï¿½ï¿½ï¿½ï¿½ï¿½ï¿½ï¿½ï¿½ï¿½ï¿½ï¿½ï¿½ï¿½ï¿½ï¿½ï¿½ï¿½ï¿½ï¿½ï¿½ï¿½ï¿½ï¿½ï¿½ï¿½ï¿½ï¿½ï¿½ï¿½ï¿½ï¿½ï¿½ï¿½ï¿½ï¿½ï¿½ï¿½ï¿½ï¿½ï¿½ï¿½ï¿½ 5 bisa ngedit buat ngonten juga pas itu jug,5,3,Positif
198,"alah developer ny kebelet haji, dari bertambah ny harus pake diamond.. lah ada iklan ny pula.. dulu enak gak pake diamon .. bebas template yg mana ad di pake bisa.. sekarang gabisa lagi.. uuu kebelet haji",1,-1,Negatif
199,"Capcut ini apk sudah sungguh luar biasa, namun apk ini minus banyak iklannya dan fiturnya kebanyakan pro.",4,0,Positif
200,aplikasi nya bagus,5,1,Positif
201,"halo kak,bisa ga ya kalo pas download video yang udah di edit di latar belakang, masa harus diem aja di aplikasi capcut, kita edit video hp cuma satu .",4,0,Positif
202,lumayan tapi sekarang kebanyakan berbayar dan banyak vidio yang tidak fantasssï¿½ï¿½ï¿½ï¿,3,-1,Negatif
203,"SAYA MENGINSTAL CAPCUT MASA GA BISAA,PADAHAL PENYIMPANAN SAYA GA PENUHH,TOLONGG INI GMNAAA",1,0,Negatif
204,bagusssss,4,0,Positif
205,Kalo mau unduh videonya sekalian bayar juga tuh,1,0,Negatif
206,bisa buat ngedit kerja jadi konten kreator,5,0,Positif
207,ini gmn si APK nya apa hp saya nya kok sudah berapa' kali donlowd tida ke simpan saya ulng' trs gasuka bgt deh,1,0,Negatif
208,bagus,5,1,Positif
209,lemot banyak iklan,1,-2,Negatif
210,aplikasi haram jngan download klo mau mengeskpor vidio hasil edit harus nonton iklan mana iklannya judol lama ada 3 iklan itu juga cuma bikin naik 10% yang awal nya 70% paling mentok sampe 80% karna iklan yang lainnya gagal harus nonton sampe akhir padahal mah udah ada tombol X nya.Hadeh lain kali adminnya di perbaiki ya males banget iklan judol Mulu 80% iklan judol klo ga judol ya pinjol,1,-5,Negatif
211,ýýýýýýýýýýýý,5,0,Positif
212,"apk ini banyak iklan nya,itu mengganggu kenyamanan sya di apk ini",2,-1,Negatif
213,"bagus bngt lagu, template,nya",5,1,Positif
214,bagus sekali mbk,5,1,Positif
215,Terima kasih sangat membantu,5,1,Positif
216,"Puass bangett samaa apk inii,,karnaa aku buat jj au gampangg bangeettttt luvvv deehh ï¿½ï¿½ï¿½ï¿½ï¿",5,0,Positif
217,baguss,4,0,Positif
218,Sy kasih bintang 2 karena sekarang capcut keamanan nya kurang ketat banyak template kurang senonoh Vidio jorok negatif tolong diperkuat keamanannya ï¿½ï,2,0,Negatif
219,lumayan lah,4,0,Positif
220,apik,5,0,Positif
221,tidak bisa di download ï¿½ï¿½ï¿½ï¿½,1,0,Negatif
222,mantap,5,1,Positif
223,"aplikasi nya bagus buat ngedit video,bebas mau video vlog,cinematik,JJ,dan dll,pokonya mantapp aplikasi capcut",5,1,Positif
224,baikk dann enak juga klo mau ngedit,5,0,Positif
225,"bagus si tapi kalo abis ngedit suka warna item semua jadi ga suka, jadi nya aku harus dowload lagi download lagii males jadi nya tolong benerin dong min ini gmna si suka warna item semua nya ga suka bangttt",2,1,Positif
226,"Capcut bagus tapii kenapa banyak yang di beli?, aku sebagai pelanggan lama ga sukaa tapii yaaaaa gimana punn udah akuuu udah beliii and toling di update terus yaaa capcuttt yaaa makasiiii lop loppp ï¿½ï¿½ï¿",5,1,Positif
227,bagus juga aplikasi tapi ada yang kurang harus pake uang,4,1,Positif
228,bagus kok,5,1,Positif
229,hai capcut uni sudah bagus kok aku suka sakali dengan ini ok,5,2,Positif
230,burukkkkkkk semuanya premium,1,-1,Negatif
231,sekarang kalo mau ngedit harus bayar dan patahï¿½ï¿½ï¿½ï¿½ï¿½ï¿½ï¿½ï¿½ï¿½ï¿½ï¿½ï¿½ï¿½ï¿½ï¿½ï¿½ï¿½ï¿½ï¿½ï¿½ï¿½ï¿½ï¿½ï¿½ï¿½ï¿,2,0,Negatif
232,bagus banget kok,5,1,Positif
233,seru,5,1,Positif
234,kebanyakan update,3,0,Netral
235,bagus nya tuh bagus banget pake apl ini bisa milih tapi kenapa saya kasih bintang 4 karena ada yang berbayar ada yang gaï¿½ï¿½ï¿½ï¿½ï¿½ï,4,1,Positif
236,p apa,5,0,Positif
237,"tidak bisa mengimpor element ini, aplikasi ini dri dulu sekarang malah jadi aplikasi edit gak jelas banget huhu, aku un instal aja haha jelek ï¿½ï¿½ï¿",1,-1,Negatif
238,aplikasi ini terlalu mahal mb nya pas gw donlowad harus menghapus salah satu aplikasi saya dn saya gk terima,1,-1,Negatif
239,aplikasinya sangat bagus,5,1,Positif
240,gateli gantok capcut hapos ae,1,0,Negatif
241,bagus sekali,5,1,Positif
242,Kenapa ya kalau saya bikin videonya hasilnya blur,2,0,Negatif
243,singkat padat jelas.halo,5,0,Positif
244,bagus si,5,1,Positif
245,baguss bangettt,5,0,Positif
246,banyak iklan nya sekarang,4,-1,Positif
247,menurut saya capcut keren apa lagi dengan slowmo nya dan jj nya dan editor editor nya sangat keren,5,2,Positif
248,mudah di pakai ï¿½ï,5,1,Positif
249,apk gak iklas pake bayar lagi,1,0,Negatif
250,* 10,5,0,Positif
251,cara Aku bagus sih,5,1,Positif
252,lumayan,2,0,Negatif
253,di sini dengan aplikasi capcut bisa mencari video video yang menarik,5,0,Positif
254,ýýýý,5,0,Positif
255,best,1,0,Negatif
256,gua GK bisa Donllod anj,1,0,Negatif
257,"Dih aplah Memang cara ngeditnya paling gampang tapi aku pernah Ngedit capek capek Malah Nggak bisa,malah ngulang terus jg Nyari template nya apa yang muncul qpa",2,1,Positif
258,bagussih ini capcut ngak adaburukya aku kasih bintang ï¿½ï¿½ï¿½ï¿½ï¿½ï¿½ï¿½ï¿,5,0,Positif
259,ai nya sangat bagus sekali,5,1,Positif
260,sangat bagus,5,1,Positif
261,capcut nggak jelas apa apa suruh bayar template bayar ngedit bayar nggak jelas semua aja bayar,1,0,Negatif
262,hampir berbayar semua skrgï¿½ï,1,-1,Negatif
263,baguss bangetttt,5,0,Positif
264,Bagus Dan Berguna,5,1,Positif
265,ga betul ni capcut,1,0,Negatif
266,tandain dong klo kita make hilangin kebisingan,2,0,Negatif
267,good,5,0,Positif
268,bagus,5,1,Positif
269,Sangat bagus,5,1,Positif
270,"mohon capcut hilangin konten/template seksual di capcut bahaya untuk anak dibawah umur dan generasi bangsa ini kukasih bintang 2 masa aplikasi buat edit gambar,video malah buat tontonan dewasa",2,0,Negatif
271,bayar njir,1,0,Negatif
272,"tolong diperbaiki ini aplikasinya soalnya katanya aplikasi ini tidak aman dan harus diperbarui tapi udah diperbarui tetap tidak bisa, jadi mohon developer memperbaiki erornya",2,0,Negatif
273,bagusssss,5,0,Positif
274,aplikasi ini cocok untuk mengedit atau apapun,5,0,Positif
275,kikir bjir,1,-1,Negatif
276,aplikasi taikk,1,0,Negatif
277,vidio saya lebih bagus dan hidup,5,1,Positif
278,Keren Banget ï¿½ï¿½ï¿½ï¿½ï¿½ï¿½ï¿,5,1,Positif
279,aplikasi ini sangat bagus tetapi yg saya tidak suka karena banyak iklan itu aja pokoknya aplikasi ini sangat membantu dan bagusss,5,1,Positif
280,gane burik,1,0,Negatif
281,kenpa ya capcut gabisa di ekspor vidionya padahl kouta ada wifi ada tapi gabisa di ekspor penyimpanan masih banyak terus setelah di hapus mau install lagi eh malah gabisa di install padahl aplikasi lain bisa alhasil harus donlod capcut di hp lain dehï¿½ï¿½ï¿,1,0,Negatif
282,ini bisa bikin fidio aku menjadi bagus aku kasi lima bintang,5,1,Positif
283,aku sangat puas dengan hasil editan di capcut.,5,1,Positif
284,"kurangilah fitur yang bayar, nemenin dari nol malah banyak uang premium",2,-1,Negatif
285,"apk ini sangat bagus ,Gk ada iklan,dan template nya bagus banget dan sangat bermanfaat",5,1,Positif
286,ini bagus bgt sumpah cuma gara gara apk ini musuh ku langsung mau minta maaf atas kesalahan nya cuyy kalo ada rating 100 pasti aku rate segitu sihh so good,5,1,Positif
287,nice,5,0,Positif
288,bayar tetuuus,1,0,Negatif
289,versi baru dong,5,0,Positif
290,Jelek,1,-1,Negatif
291,sukaaa banget jj nya bagus bagus cuman kalau kita pake akun lain jj terubah jadi jj orang tua,5,2,Positif
292,"Kalo masuk suka keluar sendiri pas ngedit lag mulu pas unggah vidio yang habis di edit ada bagian yang tiba tiba hitam gjls bngt, nyoba tamplate suka glitch ke waktu yang gak pas sama lagu nya gitu.. Lag nya parah bngt",2,-3,Negatif
293,ga enak capcut sekarang bnyak yg berbayar.sngaja kasih bintang lima biar terlihat pesan nya,5,0,Positif
294,bagus sekali edi foto,5,1,Positif
295,sangat membantu dalam pengeditan,4,1,Positif
296,apalah bayar,1,0,Negatif
297,di pake edit foto atau vidio Thu mudah dan gampang,5,2,Positif
298,Sedikit Aneh,2,0,Negatif
299,"bagus tapi, penuhin memori, suka lag, download lagi ga bisa kepasang di hp ku",3,0,Netral
300,gaa bisa di pakai lma ensbor nya,2,0,Negatif
301,mantap,5,1,Positif
302,pelit,1,0,Negatif
303,aplikasi monyet begini juga lu pada curhat tentang masalah gak didenger dev nya awokawok,5,0,Positif
304,kurang bermanfaat,1,0,Negatif
305,"ini bagus bgt apk nya engga berat juga tapi menurut aku cap cut fitur nya masih ada yg kurang , gabungan overlay soalnya aku gabungin nya harus keluar masuk dulu",4,1,Positif
306,capcut bagus supaya gampang edit,5,2,Positif
307,berbayar,1,-1,Negatif
308,mohon pihak developer untuk menurun kan mb download capcut menjadi 160 agar lebib banyak yang meng instal walaupun hp nyaa ram 1 /2 bisa menginstal mohon kebijakan nyaa,5,0,Positif
309,capcut skrng bedak SM yg dulu,1,0,Negatif
310,Kenapa mau pake template stuck di30% teruss ga naikï¿½ï¿½ï¿½ï¿½ï¿½ï¿½ï¿½ï,2,0,Negatif
311,Capcut tidak mau memproses ketika saya mau bikin video. Saya kesal pada pihak capcut mohon segera di benerin yaï¿½ï,5,0,Positif
312,lama banget donlot maaf typo ya terus juga harus hapus aplikasi lagih ahhhhh,3,0,Netral
313,mohon untuk di perbaiki buf nya saja kalo di simpan tidak ada gambar cuman musiknya saja hanya itu saja yg saya sampaikan dan untuk yg lainya memang sangat berguna semua fitur mantap,5,1,Positif
314,aplikasi T A I - TAI - TAIIIIK,1,0,Negatif
315,bagus,5,1,Positif
316,sy uninstall krn mau edit video kok berbayar padahal di akun yg satu tidak,1,-1,Negatif
317,bagus nya banyak yang lagi tren aku suka aku suka suka bangetttï¿½ï¿½ï¿½ï¿½ï¿½ï,5,1,Positif
318,kata ku si bagus dan juga penting,5,1,Positif
319,update hampir tiap hati aplikasi gilaaa,1,0,Negatif
320,capcut apa nggak bisa di download buang aja aplikasi ini,1,0,Negatif
321,oky mantap,5,1,Positif
322,bnyk bat iklan dh skrng,1,-1,Negatif
323,"apk ini gk sm sprt yg dulu(gratis), skrng bayar. jd aku gk bs ekspor krn gk ngerti cr pembayaran ny",1,0,Negatif
324,ini sangat bagus untuk saya dan edit lebih rapi,5,1,Positif
325,bagus,5,1,Positif
326,puas sekali,5,1,Positif
327,"Iya sih emang bagus, tapi yang paling menyebalkan adalah karena loadingnya lama banget, sebenarnya jujur sih aplikasi ini agak baguslah tapi aku juga kurang suka sih coba aja loadingnya cepet cepet itu nanti jadi bagus.",5,2,Positif
328,semua dibuat prem njir,2,0,Negatif
329,saya kasi bintang lima aplikasi mantap berguna bagi kami semua,5,1,Positif
330,bisa mengedit dan bisa bikin jj,4,0,Positif
331,Perjuangan pantang menyerah tersaji hingga menit akhir. #PERSIB mengamankan 3 poin dari GBLA malam ini! ï¿½ï¿½ï¿½ï¿½ï¿½ï¿½ï¿½ï¿½ï¿½ï,5,0,Positif
332,Maaf kukasih bintang 1 karrna yg katanya gratis ternyata berbayar. Udah edit video pakai template smpai bagus malah berbayar,1,-1,Negatif
333,"saya suka bngt dengan aplikasi ini ,,sangat membantu, makasih",5,1,Positif
334,bagus JJ nya,5,1,Positif
335,baguss bangett,5,0,Positif
336,aku suka dengan hasilnya dan setiap ada iklan eh mlh timbulï¿½ï¿½ï¿,5,-1,Positif
337,memang seru sih cuman kurangi iklannya dilit ya ka terus jangan sampai ngeleg,5,1,Positif
338,"bagus banget, sangat membantu proses edit video",5,2,Positif
339,"cara berlangganan nya bagaimana, error terus kalok berlangganan",5,-1,Positif
340,"gak bisa login selalu ada tulisan 'pemberitahuan keamanan' 'versi aplikasi saat ini tidak aman . unduh versi terbaru di toko aplikasi resmi' 'unduh di toko aplikasi' gajelas banget udah donwload ber ulang kali tetep sama, ilangin plisss bug inii",1,-1,Negatif
341,bagus,5,1,Positif
342,capcut sekarang belajar jadi ga bisa upload video atau ngedit video kalo di ekspor ga bisa tolong dong capcut kaya dulu lagi plssssssï¿½ï¿½ï¿½ï¿½ï¿½ï¿½ï¿½ï¿½ï¿½ï¿½ï¿½ï¿½,5,0,Positif
343,capcut ini sangat seru saya menyukai nya,5,1,Positif
344,bagus,5,1,Positif
345,kebanyakan harus berbayar bejirrr,1,-1,Negatif
346,sangatt membantu mengedit foto dan video lebih mudah dan sesuai keinginan kitaaï¿½ï¿½ï¿,5,2,Positif
347,aneh skrg gk bsa edit video lg ï¿½ï,1,0,Negatif
348,edit,5,0,Positif
349,iya aplikasinya bagus heheheh ï¿½ï,5,1,Positif
350,saya kok ngak bisa ke downlot ya padahal sudah 100 tapi kok mental meng instal terus plis kasih bantuan,2,0,Negatif
351,"Aplikasi editing video yang mudah digunakan dengan banyak efek, transisi, dan fitur gratis.",5,1,Positif
352,Saat ini malah kebanyakan iklan hampir 95% jadi berbayar,1,-2,Negatif
353,km terlalu kikir buat aku yg masih pelajar,2,-1,Negatif
354,ku kasih bintang 5 tapi tolong lah masa harus premium dulu,5,-1,Positif
355,dikit2 premium,2,-1,Negatif
356,tolong ya buat capcut ini penggunaanya bukan hanya orang dewasa tapi ada juga yang anak masih di bawah umur ini saya cek banyak sekali template capcut yang fotonya itu vulgar semua! saya sudah mencoba untuk menge klik tidak tertarik tapi masih saja muncul bahkan setelah saya hapus dan saya download lagi masih ada konten template capcut yang seperti itu jadi mohon di perbaiki soalnya foto foto nya itu vulgar semua bahkan mengarah ke hal dewasaï¿½ï,1,0,Negatif
357,Bagus tapi syg apk nya kurang mendukung gl bisa cari ciri ciri,3,1,Positif
358,capro kikir,1,-1,Negatif
359,kurang kurangi pro,1,0,Negatif
360,"sukakkk sama aplikasi ini ,cuman kurang di efek editannya aja",4,0,Positif
361,Mantap,5,1,Positif
362,fitur bagus dan memudahkan untuk edit foto dan video,5,1,Positif
363,bagus,5,1,Positif
364,capcut kikir,1,-1,Negatif
365,bagus aplikasinya membantu saya untuk tugas vidio,5,2,Positif
366,"Banyak template yang vulgar, dan bahkan ada yang membagikan video yang tidak senonoh melalui fitur template itu dengan di tutupi foto warna polosan, mohon untuk lebih di perhatikan dan di perketat lah sistem upload template nya itu. Sungguh ini sangat membahayakan/merusak juga untuk generasi muda, apalagi sekarang bukan hanya orang dewasa kan yang pakai Capcut ini..Anak-anak pun banyak yang pakai, tapi sayangnya banyak konten/template yang sangat vulgar, mohon untuk segera di tindak lanjuti",1,0,Negatif
367,"tolong untuk capcut diperhatikan sekarang banyak yang nyeleneh banget kontenya, takutnya ada anak kecil yang liat mohon untuk di batasi",1,0,Negatif
368,Boleh lah ï¿½ï,5,0,Positif
369,aplikasi ini tidak bagus karena setiap Saya mencintai atau disebut mendownload aplikasi ini tidak pernah ke install,1,1,Positif
370,engak bisa buka capcut,1,0,Negatif
371,ini knapa aplikasinya GK bisa dibuka sihh,4,0,Positif
372,"udah jelek kurang hd kaku parah banyak iklan lagi,mana sekarang ada pro nya pula hapus aja fitur pro nya itu di jamin tambah rame lagi nanti",1,-3,Negatif
373,saya senang dengan templat yang ada di aplikasi ini,5,0,Positif
374,"Knp si capcut kdg susah bngt di buka,kesel jd nya.Aplk yg lain gampang pas buka capcut gk tau knp lola bngt,tlg donk di perhatikan",2,1,Positif
375,"bagus,tapi ada bug,pas buka template yang ""untuk anda/for you"" ada tulisan ""tidak ada koneksi internet"" padahal internet saya sudah baik baik saja,lalu saya update capcut nya,pas di tunggu sampai selesai,terjadi seperti ""aplikasi tidak bisa di update/tidak berfungsi"" tolong di perbaiki ï¿½ï¿½ï¿",5,0,Positif
376,Eka,2,0,Negatif
377,"Capcut Sudah Membantu Saya Dari Belajar Ngedit, Dan Nama2 Ukuran Tapi Saya Minta, Untuk Jangan Bayar! Itu Lah Yang Membuat Capcut Sekarang Sepi, Bukan Karena Efek Nya, Bukan!, Tapi Karena Kalian Banyak Yang Harus Bayar Sana Sini, Tolong Lah Capcut, Ada Anak Anak Yang Lagi Belajar Edit, Tapi Malah Harus Bayar, Kan Kasian Dia Nya Karena Masih Kecil, Belum Bisa Dapetin Duit, Sama Gak Mau Bebanin Ortu Nya",3,1,Positif
378,tolong di perbaiki dong masa edit nya Cuman bisa satu kali doang sih terus harus bayar plis perbaiki,1,0,Negatif
379,udh di download malah kg bisa,1,0,Negatif
380,bagus.,5,1,Positif
381,bagusss,5,0,Positif
382,bagus,5,1,Positif
383,apalah capcut kok sekarang exlplore nya aja bayar gimana Makek nya hadehhh udah gua hapus ini dari lama,1,0,Negatif
384,iya,5,0,Positif
385,ok aja,5,1,Positif
386,bagus,5,1,Positif
387,"kikir bgt lu ye semua di jadiin pro, tapi gpp yg penting hasilnya bagusï¿½ï",3,0,Netral
388,aplikasi editing kok ada bokep nya,5,0,Positif
389,bagus,4,1,Positif
390,"Sangat mengecewakanï¿½ï¿½ï¿½ï¿½ï¿½ï¿½ï¿½ï¿½ï¿½ï¿½ï¿½ï¿½ï¿½ï¿½ï¿½ï¿½ï¿½ï¿½ï¿½ï¿½ï¿½ï¿½ï¿½ï¿½ï¿½ï¿½ï¿½ï¿½ï¿½ï¿½ï¿½ï¿½ï¿½ï¿½ï¿½ï¿½ï¿½ï¿½ï¿½ï¿½ï¿½ï¿½ï¿½ï¿½ï¿½ï¿½ï¿½ï¿½ï¿½ï¿½ï¿½ï¿½ï¿½ï¿½ï¿½ï¿½ï¿½ï¿½ï¿½ï¿½ï¿½ï¿½ï¿½ï¿½ï¿½ï¿½ï¿½ï¿½ï¿½ï¿½ï¿½ï¿½ï¿½ï¿½ï¿½ï¿½ï¿½ï¿½ï¿½ï¿½ï¿½ï¿½ï¿½ï¿½ï¿½ï¿½ï¿½ï¿½ï¿½ï¿½ï¿½ï¿½ï¿",1,-3,Negatif
391,menurut saya aplikasi ini sangat berguna contoh nya untuk membuat video cinematic / mengedit biasa,5,0,Positif
392,"kikir, semua fitur yg penting dikasih pro",1,-1,Negatif
393,kurang bagus kebanyakan iklan,1,0,Negatif
394,enak buat di edit,5,0,Positif
395,aku. suka banget bikin jj untuk posting status wa,5,0,Positif
396,capcut sangat berguna untuk edit foto atau fidio,5,0,Positif
397,ko aku harus bayar sih,4,0,Positif
398,aku sangat puas sekali,5,1,Positif
399,iklan nya ganggu sekali,5,-1,Positif
400,aplikasi ini memiliki manfaat dan dapat mengedit video ï¿½ï¿½ï¿½ï¿½,5,1,Positif
401,menurut ku capcut ini sudah bagus&sangat membatu bagi suka edit video &poto nyuma yg ukuran 5 Gb ke atas harus capcut perabayar ï¿½ï¿½ï¿½ï¿½,5,1,Positif
402,Keren!,5,1,Positif
403,idk bagus aja,5,1,Positif
404,"knp y cc kalau di hpus trs di download lg psti bug, gbs msuk gjls bgt",2,-1,Negatif
405,saya pas masuk saya aplot terus saya tidak bisa aplod sinyal saya bagus tapi tetep tidak bisa cap cit tidak bagus saya hapus aja aplikasi burik,1,2,Positif
406,sekarang capcut bayar ya???,3,0,Netral
407,bagus bgt ï¿½ï¿½ï¿½ï¿½,5,1,Positif
408,seenaknya narik uang orang,1,0,Negatif
409,banyak iklannya setiap mau ekspor iklan terus,4,-1,Positif
410,ngelag,1,0,Negatif
411,Sangat membantu,4,1,Positif
412,baguss dan ga ngelag menurut akuï¿½ï¿½ï¿,5,0,Positif
413,bagus banget,4,1,Positif
414,saya suka tapi kadang banyak iklan,4,-1,Positif
415,bagus bikin konten saya melonjak naikï¿½ï,5,1,Positif
416,jujur lumayan suka bisa edit sih tapi tuh yang lebih kurang ada nama capcut nya di atas jadinya kengggagu gitu,5,0,Positif
417,"lumayan bagus, buat edit video nya",4,1,Positif
418,aplikasi kikir,1,-1,Negatif
419,saya sangat senang sekali karena dari capcut saya bisa membuat sesuatu yang sangat bagus,5,1,Positif
420,mantap,5,1,Positif
421,"bagus banget , pas pertama kali download yang berbayar jadi gratis 3 kali",5,0,Positif
422,capcut nya bagus,5,1,Positif
423,"dikit dikit pro, dikit dikit premium, apasih segala smuanya di premium in",2,-2,Negatif
424,akuuu sukkkka aplikasi ini tapi knpa pas di kamera yang ada di capcut itu filter nya aku kurng sukaa bisaa lah kayaa di ttk,5,0,Positif
425,menurut aku ini sudah bagus tapi rata rata premium jadi kalau aku suka template yang ini itu premium jadi aku gak bisa pakaiï¿½ï,3,-1,Negatif
426,bagus baget untuk jedag jeding poti pidio Sagat bermampaat sekali bisa bikin pidio,5,1,Positif
427,Apk ajg ga guna potongan bulanan tanpa pemberitahuan.,1,0,Negatif
428,baguss,5,0,Positif
429,sangat wel,5,0,Positif
430,kebanyakan iklan bosen,1,-1,Negatif
431,kebelet haji jir lama lama disuruh bayar mulu,1,0,Negatif
432,mantap,5,1,Positif
433,suka karna semua trend JJ adaaï¿½ï¿½ï¿½ï¿½,5,0,Positif
434,Terbaik,5,0,Positif
435,"ni maker ny kebelet kawin kah? smua filter ny skrg harus pro, filter ecek2 pun cuma penambah saturasi pun harus pro, wowï¿½ï",1,0,Negatif
436,aplikasi Kontoll iklannya bnyak,1,0,Negatif
437,miris,1,0,Negatif
438,"Gila capcut aku sdh laporin template yg geser layar hijau yg isi nya porno ,dan sdh nekan tidak tertarik masih aja munculan,ga aman klo ada anakï¿½ï¿½ï¿½ï¿½ï¿½ï¿½ï¿½ï",1,0,Negatif
439,iklan mulu,1,-1,Negatif
440,"kurang konfirmasi saat langganan, tolong di perbaiki lagi sistem nya",3,0,Netral
441,sekarang kebanyakan iklan....sangat mengganggu bintang 1 aja,1,-1,Negatif
442,ngelag bgt anj,1,0,Negatif
443,ini semua berbayar,1,-1,Negatif
444,"orang belum mau pake premium, dipaksa terus",1,-1,Negatif
445,mantap bgt,4,1,Positif
446,Cocok untuk mengedit foto,5,0,Positif
447,Lumayan,1,0,Negatif
448,bangus bangetttï¿½,5,0,Positif
449,mohon agar templatenya lebih update lagi yang terbaru2 saat menelusuri tolong tampilkan template yang terbaru bukan yang sudah lama2 dan perbanyak lagi template biar nggak itu2 aja nggak yang kuno2 ituu biar nggak bosennn yaa(bicara dengan lemah lembut) makasih ï¿½ï¿½,1,0,Negatif
450,bagus tapi sering update klo ga di update poto yg dimasukin di templatenya jadi ful item,4,1,Positif
451,bgus,5,0,Positif
452,oke,5,1,Positif
453,"bagus,tapi penggunanya vidio porn* di buat editan",3,1,Positif
454,sering nge lag sekarang ni aplikasi,2,-1,Negatif
455,berguna banget buat dubing buat bikin jj buat lain lain nya pokoknya berguna banget deh9,5,0,Positif
456,bagus tapi untuk bagian ngedit yang untuk selanjutnya itu jangan terlalu ke bawah karena tidak bisa di tekanï¿½ï¿½ï¿½ï¿½ï¿½ï,3,1,Positif
457,"kenapa si banyak yang pro kebelet umroh kah sampe apa apa harus pro, terus iklan nya banyak banget kenapa setiap mau ekspor harus iklan dlu kurangin plis",3,-2,Negatif
458,"harus ganti aplikasi lain, capcut sekarang tambah banyak bayarnya jadi males",2,0,Negatif
459,apaan hampir Prem semua pdhal dulu gratis + hd pulak sekarang? hadehh kebelet haji ni capcut,1,0,Negatif
460,good,5,0,Positif
461,tlong perbaiki lagi yaaa cpacutnya pen kaya dluu,5,0,Positif
462,mantap banget,5,1,Positif
463,"mohon maaf saya MB NYA 4,79 kok gak bisa update ya?mohon bantuannya",2,0,Negatif
464,seruuu bangett,5,0,Positif
465,semoga panjang umur,5,0,Positif
466,sangat baikk,5,0,Positif
467,aplikasi ini bagus dan sangat membantu,5,2,Positif
468,kebanyakan yang berbayar dan memori buat nyimpen nya kegedean kurangin dikit,1,-1,Negatif
469,knp ngak mau terinstall,1,0,Negatif
470,ini membantu aku untuk membuat vidio,5,1,Positif
471,soal nya kalau di donload selalu ga bisa,2,0,Negatif
472,bagus bgt,5,1,Positif
473,"kayaknya ceo nih aplikasi Mr.krab, kikir banget wokï¿½ï",5,-1,Positif
474,"capcut saya lemot, sampek nge-hang. saya hapusi data2 di hp saya, tp gk ngaruh. tetep lemot. tolong bantu",2,-2,Negatif
475,"bagus si banyak vitur, tapi ngelag bgt kalo buat teks psti lag + lemot, banyak bug, suka gjls gt deh",1,-2,Negatif
476,bagus dan ini sangat menguntung buat jj manhwa bl,5,1,Positif
477,aplikasi nya bagus tapi mohon dipercepat lagu nya y,4,1,Positif
478,aplikasi ini sangat bagus,5,1,Positif
479,ýýýýýýýýýýýý,5,0,Positif
480,Sy senang dan merasa sangat terbantu dg banyaknya menu Templet yg tersedia dan mudah digunakan shg sy dpt mengekspresikan semua perasaan dan kata hati dlm segala aspek dan realita kehidupan... Smg kedepan CapCut tetap berinovasi utk sll memenuhi selera dan keinginan setiap lapisan masyarakat Dunia ï¿½ï¿½ï,5,1,Positif
481,sering error,4,-1,Positif
482,kenapa sih harus ada iklan judol mohon pihak capcut perbaiki lgi,2,-1,Negatif
483,iya,5,0,Positif
484,sangat penting,5,0,Positif
485,kebanyakan iklan dan kebanyakan berbayar,3,-2,Negatif
486,mengedit video jadi lebih mudah dan jernih,5,1,Positif
487,"tolong dong ini developer, memberhentikan berlangganan ko g ada di menu Google play store? mau berhenti ini g bisaï¿½ï¿½ï¿½ï¿½ï¿½ï¿½ï¿½ï¿½ï¿½ï¿½ï¿½ï¿½ï¿½ï¿½ï¿½ï¿½ï¿½ï¿½ï¿½ï¿½ï¿½ï¿½ï¿½ï¿½ï¿½ï¿½ï¿",2,0,Negatif
488,apk nya sudah bagus tapi pas ngedit tiba tiba iklan jadi tergangu tolong iklan nya jangan ada muncul kalo ngedit ï¿½ï,3,-1,Negatif
489,jujur sebernyaaaa bagus tapi kadang ngeleg,2,1,Positif
490,lumayan seru siii,5,1,Positif
491,"aplikasi crash mampus, spek gapapa padahal",1,-1,Negatif
492,Saya baru pertama kali Menggunakan aplikasi ini dan Saya pun mencoba untuk mengedit foto atau video sekarang,4,0,Positif
493,Kakakku sudah pinjam capcut malah kalau aku mau main HP dihilangin,5,0,Positif
494,ýýýý,5,0,Positif
495,Baik ada pp gambar konton nya,5,0,Positif
496,bagus kak aplikasinya aku jadi betah Main aplikasi ini aku juga bisa buat vidio yang bagus dan aesthetic ï¿½ï,5,2,Positif
497,Bagus,5,1,Positif
498,bagus banget sukaa aku nilai 1000/10 bisa ngedit dlll berguna banget ï¿½ï¿½ï¿½ï¿½ï¿½ï¿½ï¿½ï¿½ï¿½ï¿½ï¿½ï¿½ï¿½ï,5,1,Positif
499,sangat bagus dan berguna,5,1,Positif
500,ga ada gacoan nya,1,0,Negatif
501,bagus,5,1,Positif
502,bagus bagus dilihatnya bisa diedit lebihin enak ken,5,2,Positif
503,bagus sih kata gueï¿½ï¿½ï¿½ï,4,1,Positif
504,"Capcut sangat bagus , tapi ada iklan nya pas di cari foto nya , dan aku kadang suka lemot juga , capcut mohon di perbaiki ya",4,-1,Positif
505,colab bareng teme/pacar,5,0,Positif
506,enak editnya gk ad jeda iklan nya,5,-1,Positif
507,tolong dong tambahin pemotong video agar kita paa tukang klip gak susah pas motongin video gak usah harus geser geser lagi tapi gratis ya,5,0,Positif
508,jujur bagus cuma gerakannya kakuï¿½ï¿½ï,4,1,Positif
509,templateï¿½ï¿½ï¿½ï¿½ï¿½ï¿½ï¿½ï¿½ï¿½ï¿½ï¿½ï,3,1,Positif
510,Bagus,5,1,Positif
511,bagus sih tapi kalau kita lagi ngedit tubpas bikin suara malah gabisa perpanjang,3,1,Positif
512,"sebenernya saya tidak terlalu suka aplikasi ini masa hanya ingin mengekspor sajah tiba tiba kembali sendiri dan sangan nge lg apalagi sekarang b3rbayar, banyak iklan jud01 nya trs banyak jga iklan yang tidak pantas untuk anak kecil 18+",3,-2,Negatif
513,aplikasi berat baget,1,0,Negatif
514,"bagus banget aplikasi ini, bisa edit foto sesuka hati kita ï¿½ï",5,1,Positif
515,asik,5,0,Positif
516,mantap,5,1,Positif
517,keren bos,5,1,Positif
518,aplikasi tolol,1,0,Negatif
519,bagus,5,1,Positif
520,"menurut ku capcut bagus,tapi selalu harus premium..gak efisien utk pelajar yang disuruh buat tugas..menurutku jangan apaï¿½ï¿½ï¿½ï¿½ï¿½ï¿½ï¿½ï¿½ï¿½ï¿½ï¿½ï¿½ï¿½ï¿½ï¿½ï¿½ï¿½ï¿½ï¿½ï¿½ï¿½ï¿½ï¿½ï¿½ï",2,-1,Negatif
521,bagusss bangetttt,5,0,Positif
522,"bagus tapi penyimpanan nya berat 1 fidio Lang sung 0,giga dong",5,1,Positif
523,tolong jangan pas mau edit semuanya bayarr,2,0,Negatif
524,padahal gw punya di foto nya tapi kok hilang semua ya??,3,0,Netral
525,bgus sekali,5,0,Positif
526,update nya lama kadang kadang gk bisa di batalin,2,0,Negatif
527,keren si keren tapi pas saya menggunakan tamplate harus bayar aku gak punya uang cok ï¿½ï,3,2,Positif
528,saya sangat suka capcut,5,0,Positif
529,Bagus gitu aja ï¿½ï,5,1,Positif
530,walau harus bayar pas templat tapi 5 keren,5,1,Positif
531,waktu di download Lama banget,1,0,Negatif
532,jelek,1,-1,Negatif
533,woi Dev capcut gw gk terima kalo ni apk jadi apk yang tidak senonoh kaya buka buka gitu lo apalagi ini cewek aku pingin gk ada konten konten atau template kaya gitu setiap bangun tidur ada aja template yang gk senonoh annnnndai emang jgn buat orang sange wahai Dev capcut saya bukan mengkritik tapi ya gini,1,0,Negatif
534,bagus cumann kebanyakan iklan kalau mau ekspor,2,0,Negatif
535,suka baget,5,0,Positif
536,bgo gbsa di buka,1,0,Negatif
537,massa aku download apknya harus download di toko asli padahal aku download trus di play store,1,0,Negatif
538,bagus rapi banyak iklannya,5,1,Positif
539,bagus,4,1,Positif
540,bagus,5,1,Positif
541,ini ngapa jadi ke kompres dah tiap export?yg awalnya 1gb an pas udah ke export langsung 300mb,1,0,Negatif
542,wah menurut ku ini debest banget sih pada keren soalnya lagu lagunya editan wah itu debest banget ï¿½ï¿½ï¿½ï¿½ï¿½ï¿½ï¿½ï¿½ï¿½ï¿½ï¿½ï¿½ï¿½ï¿½ï¿½ï¿½ï¿½ï¿½ï¿½ï¿½ï¿½ï¿½ï¿½ï¿½ï¿½ï,5,1,Positif
543,"sombong bgt,sekrng apa2 bayar!!!",2,0,Negatif
544,ga bisa export ke galeri dan ga bisa tambahkn audio selalu keluar .trus begitu gerakan.uinstal capcut dan tagar #uinstalcapcut,1,0,Negatif
545,aku ingin capcut,5,0,Positif
546,jujur sih capcut ini luar biasa saya suka dengan capcut ini,5,0,Positif
547,keren,5,1,Positif
548,tolong dong ini capcut nya jangan gede ï¿½ï¿½ï¿½ï¿½ï¿½ï¿½ï¿½ï¿½ï¿½ï¿½ï¿½,5,0,Positif
549,menurut aku sih cakep yahh tapi lama nunggunya maaf yaï¿½ï¿½ï¿,3,0,Netral
550,gak enak caranya,1,0,Negatif
551,editannya bagus dan kreatif,5,2,Positif
552,bisa meng edit apa saja,5,0,Positif
553,aplikasi nya bagus edit nya juga enk tolong perbaiki aku expor video gak selesai-selesai terpaksa hapus terus download lagi tolong ya perbaiki,4,1,Positif
554,"kenapa si sekarang CapCut sangat pelit sekali, ngasih template 1 aja susah jangan semuanya harus pro berbayar dong Min",4,-1,Positif
555,bgus tp bnyk iklan nya mana mah kadang kadang iklan nya suka judol prh bet,3,-2,Negatif
556,bagus,5,1,Positif
557,dikit2 bayar,1,0,Negatif
558,"memang bagus dan sangat membantu di foto, vidio, dan yang lain lain nya trima kasih catcut yang telah membantu saya",5,3,Positif
559,buruk apk buruk apk jelek,1,-3,Negatif
560,aplikasi ini sering menarik dana tanpa persetujuan..!!!!,1,0,Negatif
561,sangat bagus untuk mengeditnya,5,1,Positif
562,capcut lagi kenapa daah? akhir akhir ini ga enak dipakek ngedit cuma gara gara buka fitur teks yang buat ngasih subtitel bisa bikin hp lemoottt padahal hp ku lagi gaada kendala sampe hari ini tiap baru buka capcut hp nya langsung ngerestart sendiri tolong dong diperbaiki lagiii,1,0,Negatif
563,sepertinya anda harus memperbaikinya aku coba terus asik.,5,0,Positif
564,"ýýýýýýýýýýýýýýýýýýýý ýýýýýýýýýýýýýýýýýýýýýýýý ýýýýýýýýýýýý ýýýýýýýýýýýýýýýý ýýýýýýýýýýýýýýýýýýýýýýýý ýýýýýýýýýýýýýýýýýýýý ýýýýýýýýýýýýýýýý ýýýýýýýýýýýýýýýýýýýýýýýýýýýý, ýýýýýýýýýýýýýýýýýýýýýýýý, ýýýýýýýýýýýýýýýýýýýýýýýý, ýýýýýýýýýýýýýýýýýýýý, ýýýýýýýýýýýý ýýýýýýýýýýýýýýýýýýýý ýýýýýýýýýýýýýýýýýýýýýýýý ýýýýýýýýýýýýýýýýýýýýýýýýýýýýýýýý ýýýýýýýýýýýýýýýýýýýýýýýýýýýýýýýý ýýýýýýýýýýýý ýýýýýýýýýýýýýýýýýýýý ýýýýýýýýýýýýýýýýýýýýýýýý ýýýýýýýýýýýýýýýý ýýýýýýýýýýýý ýýýýýýýýýýýýýýýýýýýýýýýýýýýýýýýýýýýý ýýýýýýýýýýýý ýýýýýýýýýýýýýýýýýýýý ýýýýýýýýýýýýýýýýýýýýýýýýýýýý ýýýýýýýýýýýý 3 ýýýýýýýýýýýýýýýý ýýýýýýýýýýýý ýýýýýýýýýýýý ýýýýýýýýýýýýýýýýýýýý ýýýýýýýýýýýýýýýýýýýýýýýýýýýý ýýýýýýýýýýýýýýýýýýýý ýýýýýýýýýýýý",5,0,Positif
565,Banyak iklannya pdhl udh nunggu sampe iklan selesai tp masih masuk ke iklan itu gjls,1,-2,Negatif
566,kaga jelas emang ngelegg teruss kapan sih bener nya iklan Mulu yang di keluarkan ngga iklan kadang ngeleg,1,-2,Negatif
567,seru,5,1,Positif
568,apk nya berbayar sebelumya ngk berbayar,1,-2,Negatif
569,beberapa hari ini srring eror,3,0,Netral
570,"aplikasi ini sekarang jadi berbayar, saya sempat menggunakan uji coba gratis selama 7 hari, namun setelah 1 bulan saldo dana saya diambil sesuai dengan bayaran bulanan aplikasi tersebut, padahal saya tidak pernah memakai langganan tersebut, sayang sekali padahal dulu tidak berbayar dan banyak iklan lagi, iklan judol lah itu lah ini lah tidak rekomen untuk di download!! ï¿½ï¿½ï¿½ï¿½ï¿½ï",1,-4,Negatif
571,Bagus,5,1,Positif
572,"mulai ngaco, banyak iklannya. sangat mengganggu. uninstall.",3,0,Netral
573,Bagus banget capcut aku suka karna editan nya bagus dan buat tugas juga baguss,5,2,Positif
574,editnya bagus banget ï¿½ï¿½ï¿,5,1,Positif
575,izinkan saya menggunakan aplikasi ini,5,0,Positif
576,aplikasi edit vidoe yg super canggih mudah digunakan dan keren,5,2,Positif
577,sangat bagus,5,1,Positif
578,perguna untuk ngedit,5,0,Positif
579,aku sayang pelestor,1,0,Negatif
580,"lumayan dalam nya tapi aku ngeleg kebanyakan vidio dan foto foto yang bagus, maaf ya aku bisa kasih rating 4 doang soal nya ngeleg ter lalu banyak maaf ya cap cupï¿½ï¿½ï¿",4,1,Positif
581,bagusss aplikasi nya,5,0,Positif
582,"slowmonya suka ga sesuai sama apa yang di pangkas,di clip udah pas,pas di setell balik ke awal cape bgt kadang nyesuain trs,ouh iya 1 lgi tolong yah buka capcut sekarang udah kayak buka YANDEX isinya cewe bugil smua,tolong ya g baik di lihat,kecuali laki laki mesum yang suka cewe bugil",3,0,Netral
583,ga bisa edit Velocity kaya orang orang gak seru,2,1,Positif
584,biaya buat video terlalu mahal butuh keridit banyak untuk buat video aplikasi sampah makin aneh aja,1,-1,Negatif
585,"Ada transaksi pembelian langganan di aplikasi capcut yang tidak saya ketahui,dan uang shopeepay saya berkurang,bisakah saya mengajukan pengembalian dana ,kembali ke akun shopeepay saya ?",5,0,Positif
586,bagus ï¿½ï,4,1,Positif
587,itu bagus bisa mengandalkan semua yang kita mau kita bikin giginya juga bagus juga paling bagus semuanya bagus di dunia bisa bikin gigi yang tinggi sama yang pendek bikin-bikin bikin yang bagus bagus banget perasaannya bagus banget rumus semuanya itu kita bisa menonton capcut dengan kita bisa bikin Tik tok menangkap bagus banget bisa membikin semua orang jadi cantik bisa kita foto-foto bisa bikin JJ 345 kek terus semuanya bagus banget lagi nya banyak yang suka banyak yang komen ï¿½ï¿½ï¿½ï¿½ï¿½ï¿½ï¿,4,9,Positif
588,"HII CAPCUT, saya pengguna lama dan baru menginstal lagi capcut di hp saya, tapi kali ini ada pemberitahuan aplikasi tidak aman dan di sarankan untuk mendownload di playstore, padahal jelas jelas saya selsai download dari playstore langsung, mohon solusinya",3,0,Netral
589,"kikir, kadang suka da bug, bug nya juga bagian bikin teks, suka gak ketulis, hampir semua nya pro, mau naik haji kah, tapi gapapa gua kasih bintang tiga",3,-3,Negatif
590,dulu bagus bangettttt sekrang semua berbayar setelah banyak yg pakai,3,0,Netral
591,menurut saya sih bagus tetapi suga lang dan banyak iklan nya jadi kesel kan kalo lagi ngedit tibaï¿½ï¿½ï¿½ï¿½ï,3,0,Netral
592,"sy tidak pernah berlangganan di capcut kenapa anda potong saldo sy tiap bulan, tolong di hentikan.",1,0,Negatif
593,capcut ga jelas potong saldo otomatis,1,0,Negatif
594,apk bagus,5,1,Positif
595,Sangat bagus. Saya sangat menyukai aplikasi ini.,5,1,Positif
596,sangat bagus kak dan tolong di perbaiki ya kebanyakan iklan nyaa updet lagi ya kak,4,0,Positif
597,"lumayan tapi ada yg kurang mulai dari suara yg lebih cepat dari video, dan kerusakan suara(kadangï¿½",2,0,Negatif
598,makin mahal aja ini credit buat bikin capcut ai waduh coeg buat gua yang punya tiktok sama youtube cuma buang buang duit aja,2,-1,Negatif
599,lumayan bagus buat bikin jedag jedug,4,1,Positif
600,tolong kalo bisa jangan tiba tiba eror ï¿½ï,1,0,Negatif
601,capcut itu seru kita bisa mengedit dan menjadi bagus iLove capcut ï¿½ï¿½ï¿½ï¿½,5,2,Positif
602,"kikir Amat,mau gw bantu jadi bintang 2.0 gak ï¿½ï¿½ï¿½ï¿½",1,-1,Negatif
603,"aplikasi banyak bug nya , tambah audio balik menu, tambah poto ,balik menu , ekspor stak 40% hbis itu gagal , dalam pesangan template 1x kembali langsung kembali ke menu utama , apaan aplikasi ini dah",1,-1,Negatif
604,saat bagus tapi banyak iklan nya aj si selebihnya bagus,5,1,Positif
605,"mental mulu gatau kenapa, pdahal biasanya lancar lancar aja",1,2,Positif
606,untuk depeloper capcut mohon dong perbaiki saya kalo masuk apk ini sering kluar sendiri terus,4,0,Positif
607,NOT MY HEART,1,0,Negatif
608,"keseringan iklan buat orang ga betah, tolong fitur pro nya jangan apa apa sikit sikit pro, haus masukan kah? bnyk Lo pengguna capcut",1,-1,Negatif
609,jadi sampah setelah bnyak bngt iklan,1,-1,Negatif
610,baguss banget suka sama aplikasinya ï¿½ï¿½ï¿½ï¿½,5,0,Positif
611,ýýýýýýýýýýýýýýýýýýýýýýýý ýýýýýýýýýýýý ýýýýýýýýýýýýýýýýýýýý ýýýýýýýýýýýýýýýý ýýýýýýýýýýýýýýýý ýýýýýýýýýýýýýýýýýýýý ýýýýýýýý ýýýýýýýýýýýý ýýýýýýýýýýýý,5,0,Positif
612,luh mayan sih tapi banyak iklann,4,0,Positif
613,"PLEASE DO NOT PAY FOR THE TRACKING FEATURE FOR STICKERS, YOU ARE GETTING MORE AND MORE STINGY WHEN YOUR APP IS SELLING BIG!!",1,0,Negatif
614,Hiburan,3,0,Netral
615,apk yang sangattt membantuuuu,5,0,Positif
616,buruk.makin lama makin jelek dan ribet sudah niat langganan buat coba bikin AI ngga juga bisa un install batal langganan,1,-1,Negatif
617,mantap,5,1,Positif
618,ga bejus bikin tulisan malah ilang mulu habis itu pencet centang malah ilang mohon di perbaiki aku aja hampir hila tu sama bug nya,1,-1,Negatif
619,udah kikir banyak bug lagi,1,-2,Negatif
620,sangat berguna,5,0,Positif
621,"Tolong ya jangan apa2 dibayar kalau kualitas kek curut kejepit batu, proyek ilang, giliran mau cek buat mulihin harus berlangganan standar kek apaan bgt anjir, pop up berlangganan 1x 2x ini muncul terus ganggu, mana patah2 lag gbsa atur posisi text, error banyak bug aplikasi kikir sekalian aja kalau mau pake tools harus gacha, biar lebih menantang",1,-4,Negatif
622,tolong template nya ya sering sering di hapus yang babah 18+ soalnya tiap gw mau cari temple pasti ada 18+ terus ya,1,0,Negatif
623,apk capcut mmg kuakui bgs dibanding apk lain nya tapi sekarang aku kurang suka Krn semua skrg berbayar ï¿½ï¿½ï¿½ï¿½ï¿½ï¿½ï¿½ï¿½ï¿½ï¿½ï¿½ï¿½ï¿½ï¿½ï¿½ï¿½ï¿½ï¿½ï¿½ï¿½ï¿½ï¿½ï¿½ï¿½ï¿½ï¿½ï¿½ï¿½ï¿½ï¿½ï¿½ï¿½ï¿½ï¿½ï¿½ï¿½ï¿½ï¿½ï¿½ï¿½ï¿½ï,3,-1,Negatif
624,kurangin vidio 18+ nya ya,5,0,Positif
625,capcul makin Lag parah,5,-2,Positif
626,bagus bgt. . . . .,5,1,Positif
627,jgn telalu buat fail besar nya solnya hp yg ram kecil sya pun ni kdng son muat,5,0,Positif
628,"halo capcut,menurut saya apk ini udh baik namun kalo bisa di kurangin iklan nya dan juga tolong tambahin fitur atau tutorial cara ngeditnya biar pemula bisa belajar,dan syaa sering susah download ini karna kurangnya memori jadi sangat susah download ini,mohon di perbaiki lagi capcut thank youï¿½ï¿½ï¿",4,-1,Positif
629,kenapa saya tidak bisa download app ini tolong devolopernya..........?,1,0,Negatif
630,sudah 6 tahun saya pakai tetap sja bagus,5,1,Positif
631,baik karena bisa mengerjakan tugas sekolah juga dan bisa mengadit,5,0,Positif
632,Tolong Kurangi Fitur yang berbayar.,1,-1,Negatif
633,bagus ngedit jadi gampang,5,2,Positif
634,bagus,5,1,Positif
635,bloon gw udah apk real ditolak mulu,1,0,Negatif
636,kecewa saya udah pake pro tapi malah buat edit kembali sendiri terus padahal dulu gak kaya gini eh sekarang bener2 kecewa sama aplikasi capcut ini sampai saat ini gak ada tindakan sama sekali mau edit pun susah keluar terus tolong dong di perbaiki usah langganan tapi gak di tanggepin sama sekali,1,-2,Negatif
637,MAKIN GAK BERKUALITAS. JAGO NGEBUG...JAGO LELET,1,0,Negatif
638,"aplikasi monyet,bug-nya byk bet,pakai cara ini itu aja gk bisa lebih bagus tetangga sebelah siinshot",3,0,Netral
639,kok gabisa di download ya,1,0,Negatif
640,apk burik.,1,0,Negatif
641,Bagus!!,5,1,Positif
642,bagus ï¿½ï,5,1,Positif
643,"buruk,g guna.. ngeleg makin bnyk fitur jadi virus bikin hp susah bekerjaa, perangkat hp saya panas kebanyakan fitur.. play store blokir aja capcut ini jangan ada penggunaan capcut pro/capcut biasa yg gunakan nya apk virus",1,-1,Negatif
644,bagus banget,5,1,Positif
645,"dikit2 prem, sekalian aja pas di download jadiin prem juga dh. wkwk anjir rata rata ini juga komennya ga di kasih feedback, gamau dikasih kritik awoakaosk",2,0,Negatif
646,min punya aku ga ada template nya gimana tuh,5,0,Positif
647,terlalu banyak iklan nya dn iklan yg tidak pantas seperti iklan situs jud**,5,-3,Positif
648,bagussss bangettt,5,0,Positif
649,jemping,5,0,Positif
650,"ini knp gabisa ya, pls jawsbbn",1,0,Negatif
651,apk sintink,1,0,Negatif
652,aplikasi Ini sangat memudahkan saya mengedit foto atau fidio,4,0,Positif
653,"kagak jelas nih app, masa mau edit, tapi video hasil editan nya kagak keluar gitu",1,0,Negatif
654,"berkat capcut, konten ku jadi rame",5,0,Positif
655,Capcut memang bagus tapi pliss bikin capcut lite dong soal nya penyimpanan saya sedikittï¿½ï¿½ï¿½ï¿½ï¿½ï¿½ï¿½ï¿½ï¿½ï¿½ï¿½ï¿½ï¿½ï¿½ï¿½,5,1,Positif
656,sangat bagus aku sukaaa...,5,1,Positif
657,singkat padat jawab nya predikat,5,0,Positif
658,kak tolong banget jangan ada iklan nya selalu mengganggu saat mengedit video atau poto jadi susah plis ya kakï¿½ï¿½ï¿½ï¿½ï¿½ï¿½ï¿½ï¿½ï¿½ï¿½ï¿½ï¿½ï¿½ï¿½ï¿½ï¿½ï¿½ï¿½ï¿½ï¿½ï¿½ï¿½ï¿½ï¿½ï¿½ï¿½ï¿½ï¿½ï¿½ï¿½ï¿½ï¿½ï¿½ï¿½ï¿½ï¿½ï¿½ï¿½ï,5,-1,Positif
659,segala editan harus bayar tapi okelah,3,0,Netral
660,sukaaaaa,5,0,Positif
661,capcut tolong tambahin fitur null biar kalo mo zoom apa apa biar lebih mudahï¿½ï,3,1,Positif
662,bisa buat ngedit apa ajaaa,4,0,Positif
663,aplikasi in cukup memuaskan,4,0,Positif
664,makin gajelas tolong perbaiki ï¿½ï,1,0,Negatif
665,aku beritahukan kepada kakak kalo capcut sekarang banyak iklan gak kayak duluaku mau ngedit gak bisa malah macet terus pas ekspor malah iklan tolong... banget kak diperbaiki capcutnya dan jangan kebanyakan pronya jadi harus buat akun deh . Ok kak itu aja saran dari aku terima kasih,2,-1,Negatif
666,Saya sudah brenti berlangganan saldo saya msh terpotong minta pengembalian dana ga bisa Aplikasi cuma bisa mengambil uang orang doang,1,0,Negatif
667,aplikasi nya bagussss,5,0,Positif
668,"bagus bgt buat editing video bisa tamba ,teks,filter,impor gambar,dan bisa pake template klo GK bisa edit jedak jeduk gitu atau yang lain munking lah,dan juga bisa edit foto banyak banget fitur nya tp kadangï¿½ï¿½ï¿½ï¿½ï¿½ï¿½ï¿½ï¿½ï¿½ï¿½ï¿½ï¿½ï¿½ï¿½ï¿½ï¿½ï¿½ï¿½ï¿½ï¿½ï¿½ï¿½ï¿½ï¿½ï¿½ï¿½ï¿½ï¿½ï¿½ï¿",4,1,Positif
669,seru banget,5,1,Positif
670,bagus dah itu lah yg saya bilang,5,1,Positif
671,bagus dan kreatif,5,2,Positif
672,"WOI KEMBALIKAN UANG SAYAAA, 80 RIBU SAYA HANGUSSS, PADAHAL SAYA NGERASA GAK PERNAH BELI. APLIKASI SAMPAH",1,0,Negatif
673,aplikasi ini sangat bagus,5,1,Positif
674,"aplikasi ndaa jelass,.. jaringan baguss. lancar. nda ngelag gambar template nya ada tapii ndaa ada suara nyaa anehhhhh!!!!,.. tolong di Baiin yang kayaaa gituu ndaa jalss betulll capee ni haruss di hapus baru di download lagii baruu suara template nya adaa TOLOLLLL!!!!",1,1,Positif
675,mantep banget editannya,4,0,Positif
676,capcut kebelet haji anjj,1,0,Negatif
677,"tolong di perbaiki bugs , ga bisa di klik nambah video atau foto , atau susah sekali buat nanya media , juga pas ngedit durasi lebih 10 menit berat sekali , hp xiomi 14 t pro",3,0,Netral
678,pelit! apk pelit!,1,0,Negatif
679,"Aku suka aplikasi capcut tapi saran aku lebih bagus yang dulu,, karena yang sekarang banyak yang berbayar dan kalo pake suara duplikat suka pecah suara nya tapi gak papa semua yang viral ada di sini",4,0,Positif
680,"bagus bgt sii, tapi iklan nya kurang kurang ngin, yang bikin lag tuh iklan nya",4,-2,Positif
681,JELAS JELAS JELEK,1,-1,Negatif
682,saya sangat suka mengunakanya,5,0,Positif
683,dikit2 iklan yg bener aje capcut,1,-1,Negatif
684,sekarang kenapa simpan video template harus online yaa enak yang dulu kembalikan capcut yang dulu,2,0,Negatif
685,aplikasi nya bagus buat jj tapi ada satu hal yang saya gasuka saat saya lagi cari template tiba tiba lewat video yang gapantes apalagi yang gren screen itu sangat menganggu dan ada juga yang terbuka banget tolong agar itu hilang karna ini apk buat ngedit bukan buat dosa sekian dari saya terimakasih,5,1,Positif
686,"tolong ya yang bikin capcut tolong banget balikin duit gua, gua udah batalin itu langganan kok masih di tarik tolong capcut tolong banget balikin itu duit itu duit terakhir gua tolong ya capcut gua mohon balikin gua udah ga tau lagi nih cara nya",1,0,Negatif
687,aplikasi ini kaya ï¿½ï,5,0,Positif
688,tolong perbaki capcut ini di hp saya suka mati dn kembali,3,0,Netral
689,I like it,5,0,Positif
690,tidak bisa di download,1,0,Negatif
691,lumayan tapi kok ada ya template yng pro kaya bayar gitu,3,0,Netral
692,"Bagus grafik nya, dan tidak lambat waktu menginstal ï¿½ï¿½ï¿½ï¿½",5,1,Positif
693,bagus,4,1,Positif
694,bagus ï¿½ï¿½ï¿,4,1,Positif
695,udh bagus bngt tapi sombong knp harus standar padahal dulu kita yg nemenin trs sampe cap cut viralï¿½ï,3,1,Positif
696,"kebelet naik haji apa gimana sih,,,, pro semuaaa jirr coba ada apk edit lain yang lebih bagussss aku nggak bakalan download dan berlangganan ï¿½ï¿½ï¿½ï¿½ï¿½ï",4,0,Positif
697,bagus,5,1,Positif
698,"bagus sih, cuma ya kebanyakan pro jdi harus pake apa adanya, kayanya capcut ini cuma pengen untung sendiri deh, ya menurutku gapapa pro yg penting sdikit aja, lh ini?, banyak bangedï¿½ï¿½ï¿½ï¿½ï¿½ï¿½ï¿½ï¿½ï¿½ï¿½ï¿½ï¿½ï¿½ï¿½ï¿½ï¿½ï¿½ï¿½ï¿½ï¿½ï¿½ï¿½ï¿½ï¿½ï¿½ï¿½ï¿½ï¿½ï¿½ï¿½ï¿½ï¿½ï¿½ï¿½ï¿½ï¿½ï¿½ï¿½ï¿½",5,2,Positif
699,no komen sih ini bikin konten ku lebih bagus,5,1,Positif
700,tidak bisa digunakan dgn baik,1,0,Negatif
701,wah apk yang sangat penting untuk membuat konten,5,0,Positif
702,"udahlah kikir, full bug lagiï¿½ï",1,-2,Negatif
703,bgus,5,0,Positif
704,"bagus, tapi banyak iklan",5,0,Positif
705,karna sering error,2,-1,Negatif
706,bagus,5,1,Positif
707,medit banget ajg,1,0,Negatif
708,sudah bagus tapi pliss MB nya kuranginnn,2,1,Positif
709,Aplikasi nya bagus cuman banya yang bayar sama udah ga pantes lagi untuk hp kentang udah leg leg pliss capcut bisain untuk hp kentang ï¿½ï¿½ï¿½ï¿½,5,1,Positif
710,baguss aku suka sama vidio vidio nya tapi kalo vidionya di pake suka ngelag2 knp ya? tapi itu seru sihh capcut ini ï¿½ï¿½ï¿½ï¿,4,1,Positif
711,berbayar smua g suka,1,-1,Negatif
712,tidak dapat mengimpor fotoo,1,0,Negatif
713,malas lama2 pake capcut ini udh miskin aplikasinya smpe smua prabayar,1,0,Negatif
714,"hapus aja ni apk,udah banyak banget creator lain yang bikin video bokep hadehh,gua bintang5 supaya di baca sama admin CC nya",5,0,Positif
715,bagus sekali untuk Tik tok untuk edit juga tapi beri kami gratis Saya mau edit yang mau supaya bagus grafiknya please admin capcut ï¿½ï¿½ï¿,5,2,Positif
716,biasa aja tapi mayan lah. soalnya banyak yang pro+suka ngeleg parah. okelah,3,-1,Negatif
717,GACORR TEMPLATE NYA BANYAK CUYYY,5,0,Positif
718,enak banget untuk ngedit,5,0,Positif
719,isi nya tobrut tau,1,0,Negatif
720,"pls,jangan ada yang pro..",1,0,Negatif
721,payah,1,0,Negatif
722,ini yg gw suka template nya soalnya bgus bgttttttt gw sukaaaaaaaaaaa,5,0,Positif
723,"kepada pihak play store dimohon untuk segera menghapus aplikasi ini karena berbahaya bagi orang yang memiliki uang saldo, contoh : dapat mengambil saldo dana secara diam-diam dan tidak dapat di refund",1,0,Negatif
724,berbayar,1,-1,Negatif
725,Baik,5,0,Positif
726,BAGUS BANGET WOI,5,1,Positif
727,kbanyakan iklan!,1,-1,Negatif
728,"APLIKASI EDITING VIDIO YANG PALING BAGUS DAN MUDAH DIGUNAKAN YANG PERNAH GW TEMUI. sebelumnya, tapi sekarang ga dulu deh, karena ini app emang bener2 kikir ternyata, masak yang sebelumnya ada sebuah fitur yang gratis tapi sekarang malah Pro ï¿½ï¿½ï¿",3,1,Positif
729,jelek banget aplikasi ini perbaiki dong hilangin iklannya apaalaaah,1,-1,Negatif
730,apk haram duid gw tiba tiba ilang gara gara apk ini ngrsa ngedit aja ngga,1,0,Negatif
731,dikit dikit berbayar susah mau ngedit klo ginimah,2,-1,Negatif
732,bagus ï¿½ï,5,1,Positif
733,saya selalu mengunakan gaya dan fitur gambar yg sangat bagus dan akurat,5,1,Positif
734,mudah untuk mengedit,5,1,Positif
735,bagus tapi aga kikirï¿½ï,5,0,Positif
736,ngeselin,1,-1,Negatif
737,apk nya bagus untuk orang yang gak mau ribet ngedit kayak aku,5,1,Positif
738,bagus banget ï¿½ï,5,1,Positif
739,setiap mau ngedit suka keluar sendiri,1,0,Negatif
740,"kikir hama, cuih",1,-1,Negatif
741,aplikasi cangcut sangat bagusï¿½ï¿½ï¿,1,1,Positif
742,paying for everything like capitalism even though it's made in China lol,1,0,Negatif
743,"kocak bgt anjir, mau pake template terus ganti pasang foto ehh foto kita gak ada, sedangkan di aplikasi foto nya ada bahkan di file nya pun ada.. gak logis bgt",1,0,Negatif
744,bagus,5,1,Positif
745,capcut gajelas,1,0,Negatif
746,bnyak bug gbsa eksplor pdahal sinyaal bagus,1,0,Negatif
747,bagus bangett dan gampang mengeditkan foto,5,2,Positif
748,bgussssï¿½ï¿½ï¿½ï¿½ï¿½ï¿½ï¿½ï¿½,5,0,Positif
749,kikirï¿½ï,1,-1,Negatif
750,ini bagus banget capcut bisa ngedit foto,5,1,Positif
751,memuaskan,5,0,Positif
752,templatenya bagusï¿½ï¿½ï¿½ï¿½ï¿½ï¿½ï¿½ï¿½ï¿½,5,1,Positif
753,"wot tolong lah gua kalau mau nge ekpor Vidio tolong bngt inimah jangan suka keluar sendiri lah mals anj,udh lama lama nungguin nya eh malah keluar bngst",3,0,Netral
754,"Please update CapCut again, more modern but still simple, thank you, this application is very useful",5,0,Positif
755,bagussss,5,0,Positif
756,"premium semua jir, mau naik haji lu?",2,-1,Negatif
757,saya sangat suka apk ini soal nya mudah mengedit foto dan video,5,1,Positif
758,pas udah maju harus VIP aj,1,0,Negatif
759,setiap kali aku ngedit malah ngecrash terus loh bikin orang sakit jiwa pelehï¿½ï¿½ï¿½ï¿½ï¿½ï¿½ï¿½ï¿½ï¿½ï¿½ï¿½ï¿½ï¿½ï¿½ï¿½ï¿½ï¿½ï¿½ï¿½ï¿½ï¿½ï¿½ï¿½ï¿½ï¿½ï¿½ï¿½ï¿½ï¿½ï¿½ï¿½ï¿½ï¿½ï¿½ï¿½ï¿½ï¿½ï¿½ï¿½ï¿½ï¿½ï¿½ï¿½ï¿½ï¿½ï¿½ï¿½ï¿½ï¿½ï¿½ï¿½ï¿½ï¿½ï¿½ï¿½ï¿½,1,0,Negatif
760,aku gak bisa download capcut lagi kenapa ya,5,0,Positif
761,bagus banget deh ini aplikasi,5,1,Positif
762,good,5,0,Positif
763,gak bisa di buka,1,0,Negatif
764,gila banget aplikasinya tingkat kan lagi bang ngeri baya,5,0,Positif
765,aplikasi busuk.. macet mulu tiap edit vidio..,1,0,Negatif
766,oklah bagus,4,1,Positif
767,alhamdulilah ekspresiPutri,5,0,Positif
768,ini rekomendasi banget tapi banyak yang berbayar,3,0,Netral
769,bagus keren bagus kerenp,4,3,Positif
770,bisa edit di CD apcar,4,0,Positif
771,menurut saya capcut ini lumayan bagus tapi selalu bug itu dulu dehh moga di baikin yaa tolongg juga jngn di pro in deh!,3,0,Netral
772,"banyak amat bayarnya, bagus kagak, aneh iya",1,1,Positif
773,terlalu banyak iklhan,4,0,Positif
774,bagus sih tapi ngeleg,5,1,Positif
775,aku suka semoga lebih baik,5,0,Positif
776,suka sekali capcut ini saya setiap hari mengedit dengan aplikasi ini dan sangat bagus,5,1,Positif
777,lumayan suka tapi kalau bisa suara jangan sampai pecah banget,4,0,Positif
778,sebetulnya aplikasi bagus cuma banyak yg berbayar jadi males,2,0,Negatif
779,very good app good for editing and stealing people vid u can js crop the vid u want to steal very simple very good,5,0,Positif
780,"jelek! masa mau ekspor suara sekali aja harus pro, semua nya pro, kebelet haji apa gimana?",1,-1,Negatif
781,"Ini kenapa saya tidak bisa melakukan pembelian yang pro, selalu saja ada tulisan tidak dapat membayar, padahal saya mau editing, malah dipersulit gini.",3,0,Netral
782,editannya bagus banget,5,1,Positif
783,semoga dengan capCut saya mudah mengedit konten,5,1,Positif
784,bagus,5,1,Positif
785,Wah bagus sekali,5,1,Positif
786,bguss,5,0,Positif
787,"hii kenapa capcut saya, ada kesalahan teknis",3,0,Netral
788,"lahh bangett, padahal memori & jaringan baik",2,0,Negatif
789,napasih pake bayar segala,1,0,Negatif
790,aplikaai sangat baik dan cocok dipakei,5,0,Positif
791,mantap bagus epek epek nya,5,2,Positif
792,"udaj bagus tapi kurang kurangin yang dibayar karna banyak bocil yang ingin mengedit apalagi suara dan hilangin background nah itu larna banyak yang mau bikin pov roblox pov dll oke kurang kurangin ber bayar dan versi pro kami tidak suka aplikasi pro/berbayar,tolong di perbaiki",2,1,Positif
793,aplikasi ini sangat baik dan seru,5,1,Positif
794,aplikasi ini sangat bagus untuk mengedit video atau foto kalian yang jadi konten kreator cocok banget dengan aplikasi ini praktis gampang dipahami fitur fitur Nya dan aplikasi nya gratis dan jarang sekali ada iklan dan kalian kalau tidak tahu mau buat video apa kalian akan disediakan template template yang bagus dan kekinian kalian bisaa memosting video yang kalian edit atau yang ngambil dari template dan buruan di download sekarang disini bagus dan seru untuk mengedit foto atau video yang bagus,5,5,Positif
795,KALO BUAT EDIT VIDEO KAYAK YOUTUBE PANJANG OKELAH TAPI KALO NGOMINGIN JJ NI APK KIKIR BANGET JIRRR KAYAK BUTUH UANG BANGET NGAPAIN GK SEKALIAN DI BUAT APK CAPCUT LITE SAMA CAPCUT PREMIUM BIAR KALO BELI SEMUANYA LANGSUNG KE UNLOCK,1,-2,Negatif
796,pertama bagus ehh lama lama lelet apalagi saat menggunakan animasi makin lelet di perbarui pun ngak ada perubahan tetap lelet,1,1,Positif
797,"bagus dan menarik sekali aplikasi nya,tapi KLO bisa yang berbayar aga di kurangi ya",5,0,Positif
798,"Hello developer, this application is very useful for making videos, editing videos and so on, so I immediately gave it 5 stars.",5,0,Positif
799,aplikasi kikir dikit dikit iklan dikit dikit bayar,1,-2,Negatif
800,bagus,5,1,Positif
801,karena capcut sekarang berbayar jdi menurut aku aneh gtu and udh iklan berbaya lgi jdi kurang,1,-2,Negatif
802,turunkan mb nya soalnya kebanyakan,2,0,Negatif
803,"kenapa banyak template aneh"" sekarang, udah kayak yt biru aja ni apk. udah di bikin tidak tertarik berkali kali tetap muncul tuh template aneh, risih jadi nya tiap buka capcut, mohon di perbaiki, banyak yang dirugikan bukan saya aja",1,0,Negatif
804,kurang bgus sieh,4,0,Positif
805,untuk pihak capcut yg saya hormati tolong ini gimana ya padahal jaringan saya bagus kok ngelag yaa trus saya coba hapus data tetep sama ngelag ini mohon segera di perbaiki secepat nya,1,1,Positif
806,"aplikasi ini pelit banget,udh ada iklan berbayar,hadeh masih bagusan capcut dulu",1,-2,Negatif
807,bagusss bggttt jdi pingin nge JJ terus,5,0,Positif
808,"kurangin plisss iklan nyaa, akuu jadii ke ganggu, kalo lagi eksplor",3,-1,Negatif
809,kikir bet jir,1,-1,Negatif
810,bagus,5,1,Positif
811,ýýýýýýýýýýýýýýýýýýýý,5,0,Positif
812,Bagus dan menarik,4,1,Positif
813,"baguss,tapii kenapa harus ada yg bayarr,kan jadi kita jdi udh pilih foto yg bagus sm ngedit eh malah bayarr kita masih umur 12 udh di suruh bayar",2,1,Positif
814,agar kikir but its oky kokï¿½ï,3,-1,Negatif
815,bagus ï¿½ï,5,1,Positif
816,pernah pake sukaaa tapi ke hapus sendiri ï¿½ï¿½ï¿,5,0,Positif
817,kurangin pro nya,4,0,Positif
818,bisa bikin vidio,5,0,Positif
819,aplikasi ini sangat bagus untuk saya dan saya suka menggunakan template ï¿½ï¿½ï¿,5,1,Positif
820,bagus,5,1,Positif
821,bagus kalau di gunakan untuk mengedit foto,5,1,Positif
822,"developer please Adain 3d camera tracking, soalnya butuh banget biar hasil videonya lebih profesional, 3d camera tracking seperti di after effect atau klo di mobile nya seperti motion ninja, please pasti akan lebih banyak penggunanya lagi, dan orang akan lebih realistis buat langganan capcut karena ada 3d tracking seperti after effect ï¿½ï¿½ï¿",5,0,Positif
823,dulu seru ngedit di cap cut banyak yg free tapi skrng kebanyakan iklan banyak yg harus dibayar nya,3,0,Netral
824,sangat membatu untuk membuat vidio,5,0,Positif
825,ini sangat bagus ï¿½ï¿½ï¿,5,1,Positif
826,gak bisa di donlot,1,0,Negatif
827,bagus tp banyak template ya aku suka,5,1,Positif
828,makin kesini konten yg ga layak di tonton di normalisasikan contoh kena korban green screen.ngeri kena ank zaman yg masih dini,1,0,Negatif
829,seru,5,1,Positif
830,bagus bgttï¿½ï¿½ï¿½ï¿½ï¿½ï¿½ï¿½ï¿½ï¿½ï¿½ï¿½ï¿½ï¿½ï¿½ï¿½ï¿½ï¿½ï¿½ï¿½ï¿½ï¿½ï¿½ï¿½ï¿½ï¿½ï¿½ï¿½ï¿½ï¿½ï¿½ï¿½ï¿½ï¿½ï¿½ï¿½ï¿½ï¿½ï¿½ï¿½ï¿½ï¿½ï¿½ï¿½ï¿½ï¿½ï¿½ï¿½ï¿½ï¿½ï¿½ï¿½ï¿½ï¿½ï¿,5,1,Positif
831,udahmah dikit-dikit premium banyak bugnya lagi.,1,-1,Negatif
832,"kikir amat...,hampir semua yang bagus berbayar gak seperti dulu.. :(",2,-1,Negatif
833,"kak menurut ku capcut nya update lagi,karena kalau saya menggunakan template meng engekspor nya lama bgt",3,0,Netral
834,menurut aku y. ini itu cocok banget buat aku yg suka edit foto sm video jagi menurut aku. aku kasih bintang5,5,0,Positif
835,cuma mau ekspor aja harus bayar loh walau 0rp tapi ribet bgt,1,0,Negatif
836,"halo kak, jadi gini pas buat capcut nya itu dia kayak ngeleg gitu padahal wifi/paket juga stabil lho jadi pliss di perbaiki dong kak ngeleg-ngeleg terus dan ada juga sih kalo exspor nya itu agak lama kak itu aku kasih bintang lima biar kakak cepet-cepet di perbaiki nya jadi segitu aja cepetttttttttttttt perbaiki nya kalo nggak aku keretaaaaaa apiiiiiii",5,0,Positif
837,kenapa gak bisa di download semoga di hp ku di perbaiki,5,0,Positif
838,tolong dipercepat dong lama bgt nunggu nya nih,4,0,Positif
839,sangat keren dan hemat data aku kasih bintang 5,5,1,Positif
840,bagus sih cuman ya makin lama makin kikir nambahin lagu di video aja harus bayar udah bagus sebenernya apk ini cuman fiturï¿½ï¿½ï¿½ï¿½ï¿½ï¿½ï¿½ï¿½ï¿,3,1,Positif
841,halo capcut kok aplikasinya ini GK bisa diinstal lagi ya,3,0,Netral
842,bagus loh coba deh,5,1,Positif
843,ini kok ga bisa di Download ya min tolong lah aku mw ngedit video lohh,5,0,Positif
844,Sangat baikkk Sangat baguss,5,0,Positif
845,sangat buruk,1,-1,Negatif
846,bagus sih tapi kenapa banyak yang berbayar?..,4,0,Positif
847,aplikasi ini cukup bagus bisa ngedit tapi agak ngelag ini kenapa ya tolong perbaiki ï¿½ï¿½ï¿,4,1,Positif
848,keren,5,1,Positif
849,kikir kikir,1,-2,Negatif
850,kikir bngsd,1,-1,Negatif
851,"Nih apk kikir banget, dikit dikit premium mana banyak iklan lagi. No rispek",1,-3,Negatif
852,kecewa sama capcut. minta pengembalian dana karna kebesaran tapi gak ada respon,1,-1,Negatif
853,tidak bisa di download,2,0,Negatif
854,saya menyukai fitur ini,5,0,Positif
855,bagus!!!!!!!,5,1,Positif
856,aplikasi nya sangat bagus saya menyukai nya,5,1,Positif
857,intinya bgusssï¿½ï¿½ï¿½ï¿½ï¿½ï,5,0,Positif
858,"saya kasih bintang 4 karna memori saya sampai abis,tapi masih bagus untuk ngedit kata saya tidak usah ada iklan ï¿½ï¿½ï¿½ï¿½ï¿½ï¿½ï¿½ï¿½ï¿½ï¿½ï¿½ï¿½ï¿½ï¿½ï¿½",4,0,Positif
859,nge stuck di 95,1,0,Negatif
860,"kebelet haji ni capcut, apa apa harus bayar, cihï¿½ï¿½ï¿½ï¿½",2,0,Negatif
861,banyak iklan dan sering ngebug,2,-1,Negatif
862,apllikasi ini bagus sekali kalian haru donlod aplikasi kasi capcut ini ya,5,1,Positif
863,ini tuh bagus banget disini edit nya juga lumayan cepet trs update nya tuh kadang fiturnya lebih bagus mksh ya capcut,5,2,Positif
864,memakai capcut itu sangat seru,5,1,Positif
865,ýýýýýýýýýýýýýýýýýýýý ýýýýýýýýýýýýýýýýýýýýýýýý ýýýýýýýýýýýýýýýýýýýý ýýýýýýýýýýýýýýýý ýýýýýýýýýýýýýýýý ýýýýýýýýýýýýýýýýýýýýýýýý ýýýýýýýýýýýýýýýýýýýý ýýýýýýýýýýýýýýýýýýýýýýýýýýýýýýýý ýýýýýýýýýýý ýýýýýýýýýýýýýýýýýýýýýýýý ýýýýýýýýýýý ýýýýýýýýýýýýýýýý ýýýýýýýýýýýýýýýýýýýý ýýýýýýýýýýýýýýýýýýýý ýýýýýýýýýýýýýýýýýýýý ýýýýýýýýýýýýýýýýýýýýýýýý,1,0,Negatif
866,puas banget gua,5,1,Positif
867,kenapa haruss bayar,1,0,Negatif
868,bagus bgt,5,1,Positif
869,"aplikasi ini sangat bagus, saya menyukai nya, jangan di ubah lagi ya",5,1,Positif
870,Pro nya sekarang semakin lama semakin banyak... jadi rasanya kalau mau mengedit kita HARUS BAYAR DULUUU AGHHHJ padahal dulu itu ga sebanyak ini loh pro nya. mau naik haji kah,2,0,Negatif
871,terlalu banyak pro and standar,3,0,Netral
872,"bisa ngedit berbagai apapun yang kita mau, the best lahh",5,0,Positif
873,CAPCUT MANTAP ï¿½ï,2,1,Positif
874,tolong lah gimn nih capcut jadi jelek,1,-1,Negatif
875,keluar sendiri,3,0,Netral
876,bagus dan bisa ngedit foto yang saya punya,5,1,Positif
877,bagus bangettt,5,1,Positif
878,bagus keren,5,2,Positif
879,ýýýýýýýýýýýýýýýýýýýý ýýýýýýýýýýýýýýýý ýýýýýýýýýýýýýýýý ýýýýýýýý ýýýýýýýýýýýýýýýý ýýýýýýýýýýýýýýýýýýýýýýýýýýýýýýýý ýýýýýýýýýýýýýýýý ýýýýýýýýýýýý ýýýýýýýýýýýýýýýýýýýý ýýýýýýýýýýýýýýýýýýýýýýýý ýýýýýýýýýýýýýýýý ýýýýýýýýýýýýýýýýýýýýýýýýýýýý ýýýýýýýý ýýýýýýýýýýýýýýýýýýýýýýýýýýýýýýýý ýýýýýýýýýýýýýýýýýýýýýýýýýýýý ýýýýýýýýýýýýýýýýýýýýýýýýýýýý ýýýýýýýýýýýý ýýýýýýýýýýýýýýýýýýýýýýýýýýýý ýýýýýýýý ýýýýýýýý ýýýýýýýýýýýý ýýýýýýýýýýýýýýýýýýýýýýýý ýýýýýýýýýýýýýýýýýýýýýýýý ýýýýýýýýýýýýýýýýýýýýýýýý ýýýýýýýýýýýýýýýý ýýýýýýýýýýýýýýýý & banyak fitur berbayar tolong kmbliin cp yg dulu,3,-1,Negatif
880,Win capcut Lose youcut,5,0,Positif
881,sangat baik,5,0,Positif
882,GK bisa di pencet tulisan tambah nya,1,0,Negatif
883,"sengaja kasih bintang 5 biar di atas, ini gw buang waktu 22 menit buat hd pake yang pro/standar tapi hasilnya malah bugg, hitam semua, gua udah langganan padahal, buang buang waktu 22 menit, gw udah langganan pro padahal, tapi balesanya gini? hitam semua? minimal benerin bug dulu tuh, trus kalo edit minimal jangan lama lama,tinggal tempel doang jg, kikir kikir",5,-3,Positif
884,tida bisa menginfor elemen,1,0,Negatif
885,karena memudahkan untuk mengedit foto dan video ï¿½ï¿½ï¿,5,0,Positif
886,mantap,5,1,Positif
887,bagus sii cuma kadang video hasilnya ada yg burem sedikitt,5,1,Positif
888,agak ngeleg sikit sihh,3,0,Netral
889,bgus,5,0,Positif
890,Sering glitc ï¿½ï,2,0,Negatif
891,ngelunjak anjir CC sekarang banyak yang standar (pro),3,0,Netral
892,bagus. sangat membantu sekali,5,2,Positif
893,membuat ku menjadi pede untuk mengedit,4,0,Positif
894,capcut aplikasi yang luar biasa untuk untuk mengedit foto memakai tempelate apa yang saya inginkan semua ada dan mudah.,5,1,Positif
895,"bgusss bnget sih mnurut aku, ini bgi ulasan yang kurang memuaskan gr""ngebug lah atau vidio nya gak gerak lah,, jngn slhin apk, hp mu tuh kali ngelag",5,0,Positif
896,buat edit foto and fidio sangat penting,5,0,Positif
897,bagus,5,1,Positif
898,Lumayan membantu,5,1,Positif
899,"ini mah aplikasi anjin. masa sudah di download, malah suruh download ulang",1,0,Negatif
900,Sangat membantu,5,1,Positif
901,ýýýýýýýýýýýýýýýýýýýý ýýýý,5,0,Positif
902,"iklan nya fulll,tolong hilangin iklan",2,-2,Negatif
903,"tolong pihak capcut tolong lebih bagus . saranku jika ada orang tua atau orang pelupa mengklik fitur vip itu tolong ada khusus arena diperlihatkan fitur barbara itu yang tidak senggaja terpakai supaya bisa dibatalkan atau dihapus, terkadang jika selesai edit dia lupa dan saat mau menyimpan vireo ada bacaan anda mengunakan fitur barbara. Tolong terima saran saya secepatnya",2,1,Positif
904,terbaik,5,0,Positif
905,mantap,5,1,Positif
906,"Agak lemot banget Percuma aku download hemb,tolong di perbaiki lagi",1,-1,Negatif
907,banyak error nya,1,-1,Negatif
908,bagus,5,1,Positif
909,mantap,5,1,Positif
910,kebanyakan pro nya susah buat ngedit,3,0,Netral
911,mantap,5,1,Positif
912,kembalikan dana kami,2,0,Negatif
913,tidak bisa memuat template susah banget menginstal nya lama banget,1,0,Negatif
914,makin update makin kikir jirsï¿½ï¿½ï¿½ï¿,1,-1,Negatif
915,"mantapp admin nya mau naik haji, hampir semuaa fitur di pro in wkwk",5,0,Positif
916,apasih capcut makin gk sru,1,0,Negatif
917,"banyak banget sekarang bug nya teks to voice nya suka eror,mendadak hilang tulisannya,sekarang malah ga bisa di ekspor hasil videonya..nah loh jadi makan hati lama lama",2,-1,Negatif
918,"isi nya makin lama makin banyak bokep, padahal gk ngapa ngapain.",1,0,Negatif
919,"kenapa tidak bisa generate,selalu gagal",4,0,Positif
920,banyak iklan bikin ngelag,1,-1,Negatif
921,sangat bagus untuk mengedit video/foto,5,1,Positif
922,bagus saya suka,5,1,Positif
923,"APLIKASI SAMPAH, BAMYAK NOTIF GA GUNA. EOS CEPETï¿½ï¿½ï¿½ï¿",1,0,Negatif
924,aplikasi ini juga dapat membantu untuk membuat video tutorial atau editor,1,1,Positif
925,"aplikasi nyaa ngebug ada tulisan versi aplikasi saat ini tidak aman. unduh versi terbaru ditoko aplikasi resmi padahal udah saya unduh lewat aplikasi resmi, jika tidak di respon maka saya akan berhenti langganan ke capcut terimakasih",1,0,Negatif
926,"capcut tolong perbaiki lagi ya, udh harus premium masa harus nge lag juga sih?? muak bgt.",2,-2,Negatif
927,"aplikasi ga jelas, premium semua fitur nya, udh cape"" ngedit pas mau di eskpor harus bayar, mana bayar nya 144 RB lagi, pas mau langganan di persulit karna akun playstore nya ga sesuai sama negara asal, padahal dari awal akun play ini di buat udh di setting negara nya. males bet, mau bayar malah di persulit. APLIKASI KIKIR!!!",1,-2,Negatif
928,terlalu pelit dikit dikit harus bayar mentang mentang bnyk yg make jadi ngelunjak yg punya aplikasi,1,0,Negatif
929,semoga makin keren,5,1,Positif
930,jelek bgt cok,1,-1,Negatif
931,berbayar semua sekarang,1,-1,Negatif
932,"jujurr, suka bangett, tapi jangan kebanyakan pro dongs, banyak banget yang harus prooo",5,0,Positif
933,"tolol, soundtrack nya lebih cepat dari video dan ada bug di ekstrak audio yang bikin sound udah habis video nya ketinggalan 10 detik jadi gak nyambung lirik yang gw tata",1,-1,Negatif
934,mantap apliksi,5,1,Positif
935,apk ter kikir di dunia ï¿½ï,1,-1,Negatif
936,banyak bngt yg premium skrg,1,-1,Negatif
937,ngtod capcut gajelas gw dah cape cape ngedit sound buat tampil besok malah ke gini suaranya ilng gk monyet,1,0,Negatif
938,OK,5,1,Positif
939,ga ke simpen bgst,1,0,Negatif
940,bagus bgt bisa ngedit lg,5,1,Positif
941,jelek semua nya berbayar,1,-2,Negatif
942,udh ga bnr bnyk nkp,1,0,Negatif
943,woy cik kenapa harus ngestuck ekspor di momen sepenting ini sih ï¿½ï¿½ï¿½ï¿½ï¿½ï¿½ï¿½ï¿½ï¿½ï¿½ï¿½ï¿½ï¿½ï¿½ï¿½ï¿½ï¿½ï¿½ï¿½ï¿½ï¿½ï¿½ï¿½ï¿½ï¿½ï¿½ï¿½ï¿½ï¿½ï¿½ï¿½ï¿½ï¿½ï¿½ï¿½ï¿½ï¿½ï¿½ï¿½,1,0,Negatif
944,iya aku kasih bintang 5 juga . disini semuanya membayar tiba2 saldo lngsung terpotong . aplikasi ini sangat tidak membantuuu . mending gak ush donlodw,4,0,Positif
945,"dear develop capcut, tolong bgt diperbaiki bugnya sprti, tmplat nya ngefreeze, teks nya ngebug, untuk smntara saya kasih bintang 4 dlu yaaa , capcut mohon jangan standar semua fitur penting pls?.",4,0,Positif
946,aku sangat menyukai nyaa karna bisa dibuat kyk jj gitu sama kayak buat trend misal albino atau kayak kataï¿,5,0,Positif
947,kenapa rekaman 25 menit itu tersia-siakan hanya karena butuh waktu tambahan untuk mengompress. setidaknya pilih untuk mau mengompress atau tidak.,1,0,Negatif
948,"bagus,tapi gw kasih bintang 4 karna yaa banyak bgt hrs template pro.",4,1,Positif
949,untuk peroses nya lm,3,0,Netral
950,semoga bagus,5,1,Positif
951,bagus aplikasiny.,5,1,Positif
952,"tolong Adain fitur video cliper Ai, min",4,0,Positif
953,"jangan di download, banyak bug, dan iklannya banyak, masa setelah update tidak bisa masuk, tiba-tiba keluar sendiri, hp ku juga suport, tapi tetap bug keluar sendiri ï¿½ï¿½ï¿½ï¿½ï¿½ï",1,-2,Negatif
954,bagus si buat editor ï¿½ï,5,1,Positif
955,semangat lagi perbaiki capcut bergratis yaa,5,0,Positif
956,"aku kasih bintang 5 karena biar liat retng ny aku, tolong CAPCUTNYA DIBENERIN SOALLNYA CAPCUTNYA SEKARANG DIPAKE NGEDIT VIDIO"" YANG TIDAK BAIK, SEPERTI VIDIO YG TIDAK SENONOH",5,0,Positif
957,sampe sekarang update melulu ya belum ada brpa lama update lagi update lagi heran,1,0,Negatif
958,"app nya lumayan ya untuk ngedit, tapi editan yang udah saya apus malah kesimpen ke galeri, trus saya jadi aga susah ngedit karna apa apa bayar, kadang lag sendiri padahal sinyal bagus",3,0,Netral
959,baguss buatt ngedittt,5,0,Positif
960,apk kikir,5,-1,Positif
961,"knp hrus ad fitur pro nya?, giliran rame aja dikasih fitur pro., maaf ya fakta.",2,0,Negatif
962,bagusan yang dulu bisa diatur sekarang banyak ngeleknya,2,0,Negatif
963,saya sangat senang dengan aplikasi ini,5,0,Positif
964,"aplikasi silit, malah otomatis langganan",1,0,Negatif
965,Bisa disebut aplikasi ini kikir atau kebelet haji.karena banyak yang pro,2,-1,Negatif
966,sudah sangat bagus,5,1,Positif
967,klau download di play store bagus bagus tapi kalau di ap store ogahh,5,2,Positif
968,Pass ahk,5,0,Positif
969,semenjak menggunakan capcut saya jadi lebih mudah mengedit foto dan video pokoknya the best deï¿½ï¿½ï¿,5,1,Positif
970,sangat cocok,4,0,Positif
971,"tiba"" banget saldoku terpotong tanpa pemberitahuan, manalagi yang disedot banyak sekali.. susah sekali cara untuk refund karna baru sadar, mau diuninstal saja tetap kesedot.. aplikasi kikir suka banget ngambil uang tanpa persetujuan pemilik, saya gak tau kalo 7 hari gratis itu ternyata jalan untuk menyedot saldo orang orang, aplikasi ini seperti pencuri.. pencuri semua orang-orang yang tidak bermaksud.. menjadikan trial gratis sebagai jebakan.. sangat keji",1,-2,Negatif
972,"kerenn, template nya bagus bagus apalagi jj nyaa kerenn bintang 5",5,2,Positif
973,kenapa iklannya banyak sekali,2,0,Negatif
974,nyaman untuk bikin jjj,5,0,Positif
975,"pdhl udh bgus dulu ga berbayar, skrg mlh apa apa berbayar MLS bgt mw buat tugas skola jg hrs byr",3,-2,Negatif
976,aplikasi nya baguss dan sangat baikk JJ nya juga keren keren kece tapi kadang ngelag dikit cuma saya selalu puas dengan hasilnya baguss bagus,5,4,Positif
977,ok bagus si walau MB nya agak besar,5,2,Positif
978,"buruk sekali,sekarang semuanya pro,bagaimana aku mau mengedit edit video kalo pro semua,saya mau capcup yang seperti dulu(semuanya masih gratis)kalo begini terus dan tidak ada perubahan saya akan uninstall capcup ini,gak berguna sama sekaliï¿½ï¿½ï¿½ï¿½ï¿½ï",5,-1,Positif
979,capcut ku eror kenapa eror padahal sudah basud tapi sayang punyaku eror pasti aku membukakan aplikasi ada tulisan capcut TDK ada tanggap pan bagai mana itu,1,0,Negatif
980,keren aku suka,5,1,Positif
981,Bagus cii bagus tpi banyak ngelekï¿½ï¿½,4,1,Positif
982,ýýýýýýýýýýýýýýýýýý ýýýýýýýýýýýýýýýýýýýýýýý bangettttttttttttýýýýýýýýýýýýýýýýýýýýýýýýýýýý,5,0,Positif
983,aplikasi ini bagus bangettï¿½ï,5,1,Positif
984,aku mnta tolong bisain download capcut,3,0,Netral
985,tidak bisa masuk,1,0,Negatif
986,"Hai , capcut nya memang bagus, tapi kok punya saya harus bayar ya? , mohon di jawab, tolong bantu saya, apakah capcut nya memang bayar ya? capcut nya memang bagus",3,2,Positif
987,BANYAK IKLAN JUDI ONLINE.,1,-1,Negatif
988,"sangat membantu untuk kita yang konten pemula mau di reels, YouTube,dan sosial lainnya semoga kedepannya semakin maju",5,1,Positif
989,"oke oke aja si, bagi kreatornya..tapi bagi user template nya si, agak kewalahan dengan fitur pro nya, mana mahal bgt , untung aja gw jadi kreatornya, jadi tetep dpt fitur pronya",5,1,Positif
990,engga jelas ngen70t,1,0,Negatif
991,punya saya tidak mau di buka padahal sudah selesai download,2,0,Negatif
992,bgus,5,0,Positif
993,"pas ekspor ngestak Mulu bikin gua jadi klik bintang 1, mls ngestak mulu",1,0,Negatif
994,semuanya sih bagusï¿½ï¿½ï¿½ï¿½ï¿½ï¿½ï¿½ï¿½ï¿½ï¿½ï¿½ï¿½ï¿½ï¿½ï¿½ï¿½ï¿½ï¿½ï¿½ï¿½ï¿½ï¿½ï¿½ï¿½ï¿½ï¿½ï¿½ï¿½ï¿½ï¿½ï¿½ï¿½ï¿½ï¿½ï¿½ï¿½ï¿½ï¿½ï¿½ï¿½ï¿½ï¿½ï¿½ï¿½ï¿½ï¿½ï¿½ï¿½ï¿½ï¿½ï¿½ï¿½ï¿½ï¿½ï¿½ï¿½ï¿½ï¿½ï¿½ï¿½ï¿½ï¿½ï¿½ï¿½ï¿½ï¿½ï¿½ï¿½ï¿½ï¿½ï¿½ï¿½ï¿½ï¿½ï¿½ï¿½ï¿½ï¿½ï¿½ï¿½ï¿½ï¿½ï¿½ï¿½ï¿½ï¿½ï¿½ï¿½ï¿½ï¿½ï¿½ï¿½ï¿½ï¿½ï¿½ï¿½ï¿½ï¿½ï¿½ï¿½ï¿½ï¿½ï¿½ï¿½ï¿½ï¿½ï¿½ï¿½ï¿½ï¿½ï¿½ï¿½ï¿½ï¿½ï¿½ï¿½ï¿½ï¿½ï¿½ï¿½ï¿½ï¿½ï¿½ï¿½ï¿½ï¿½ï¿½ï¿½ï¿½ï¿½ï¿½ï¿½ï¿½ï¿½ï¿,3,1,Positif
995,tumben di hapus capcut nya,3,0,Netral
996,jelek,5,-1,Positif
997,aplikasi ini sangat berguna dan bagus,5,1,Positif
998,"sering ngebug di pakek, wifi kecepatan 100 MBPS tapi masih lama memproses editing nya ï¿½ï¿½ï¿½ï¿½",1,0,Negatif
999,"capcut sekarang pelit semua ny berbayar,bye capcut saya uninstal",5,-1,Positif
1000,"apaan jir isinya skrg bkp,,,tolong developer jangan kasih upload vidio gitu soalnya ada anak kecil make apk ini",1,0,Negatif
1001,belom tahu sichh jadi bintang tiga duluï¿½ï¿½ï¿½ï¿½,3,0,Netral
1002,malas iklan terus dan kalau mau eksplor hrus nnton dlu iklan,3,-2,Negatif
1003,baguss ï¿½ï¿½ï¿,5,0,Positif
1004,Aku suka sama Apkasi ini,5,0,Positif
1005,aplikasi ini bagus tapi hanya iklannya terlalu banyak,4,1,Positif
1006,sngatt bguss,5,0,Positif
1007,gokil,4,0,Positif
1008,aplikasi ini cukup bagus ada banyak fitur menarik dan membuat mengedit lebih mudah dibandingkan dengan tanpa aplikasi edit dan juga menggunakan aplikasi ini memberikan pengalaman editing video yang yang menyenangkan karena mudah untuk mengedit di aplikasi ini,1,3,Positif
1009,gabisa di download anzing,1,0,Negatif
1010,no coment tapi baguss banget,5,0,Positif
1011,penyimpanan yang di ambil banyak bgt,1,0,Negatif
1012,bagus sih walaupun kadang ada iklan tapi gak papa sih,5,0,Positif
1013,bisa Collab,5,0,Positif
1014,ini apk yang sangat bagus karna hanya menggunakan apk ini saya bisa dengan mudah mengedit vidio saya,5,2,Positif
1015,bagus jj nya mantap ï¿½,5,2,Positif
1016,"untuk exstrak audio jadi berbayar, padahal dulu tidak",1,-1,Negatif
1017,kenapa ngga bisa di download,5,0,Positif
1018,seru dan bagus,5,2,Positif
1019,keren,4,1,Positif
1020,bagus si tapi makin lama efek nya berbayar semua pdahal dulu engga pun sebel,2,0,Negatif
1021,"apk anj, semua bayar masukin audio aja bayar",1,0,Negatif
1022,saya senang bisa ngedit di capcut bagus banget terima kasih udah nemenin sampai tahun ini,5,1,Positif
1023,kok aku gak bisa instal ya,1,0,Negatif
1024,apk nya sering ngelek mohon ditingkatkan lagi,4,-1,Positif
1025,tolong lah min kenpa jadi banyak iklan di apk ini udah gitu pidio nya juga kadang gk bisa di ekspor,1,-1,Negatif
1026,"maaf suka nge bug, gak suka",4,-1,Positif
1027,bikin memori penuh.,1,0,Negatif
1028,bagus banget,5,1,Positif
1029,apk ini mb nya sangat gede dan mengandung iklan,2,-1,Negatif
1030,dasar kikir dikit dikit bayar mana mahal lagi udah muak gue,1,-2,Negatif
1031,butut t bisa asup,1,0,Negatif
1032,ini sangat berguna untuk ngoten dan edit semua nya pada kaget hehe soalnya aku ini jago di aplikasi capcut ini ï¿½ï¿½ï¿½ï¿½ï¿½ï¿½ï¿½ï¿½ï¿½ï¿½ï¿½ï¿½ï¿½ï¿½ï¿½ï¿½ï¿½ï¿½ï¿,5,0,Positif
1033,"bagus sihh tapii sukaa nge lag,dan tibaï¿½ï¿½ï¿",4,0,Positif
1034,Enak buat ngedit,5,0,Positif
1035,aplikasi ini bagus dan saya menyukai. nya ï¿½ï¿½ï¿½ï¿½,5,1,Positif
1036,banyak iklan nya,1,-1,Negatif
1037,Kenapa gk bisa di dowlod tolol,1,0,Negatif
1038,apk berbayar,1,-1,Negatif
1039,GK bisa di download,1,0,Negatif
1040,kalo mau ngedit harus bayar yang bagus bagus kyk lagunya lah stikernya lah,3,2,Positif
1041,TOLONG UNTUK PIHAK APLIKATOR INI UNTUK BANNED AKUN AKUN YG BERISIKAN KONTEN P0RN.... KARENA ITU SANGAT MENGGANGGU SEKALI!!!!,1,0,Negatif
1042,"menurut aku udah bagus si, tapi knpa fitur yang awalnya gak premium jadi premium?capcut kebelet naik haji apa gimane?tapi ofer all smua udah ok la",4,0,Positif
1043,suakk bantu ngedittt,5,0,Positif
1044,bagus banget bisa mengedit dengan puas Tampa membayar,5,2,Positif
1045,apk ini emng sangat bagus tapi ekspor ya lama,5,1,Positif
1046,tolong capcut sekarang banyak banget video 18+ jadi tolong di perbaiki,3,0,Netral
1047,aplikasi nya bagus dan memuaskan,5,1,Positif
1048,"Udah gausah di tanyain bintang 2 saya, semakin kesini capcut jadi banyak iklan jadi kayak aplikasi murahan, saya pake capcut udah lama, dan sekarang eksport 1080p ada logo diamond yang artinya BERBAYAR, kemaren sebelum di update sering eksport yang 1080p gratis, tapi sekarang, untuk developer aplikasi ini, kamu itu terlalu mementingkan diri sendiri dan ga memprioritaskan pengguna..!!!",2,-2,Negatif
1049,33aku suka ini soal nya sabar tidak kayak kalian,5,0,Positif
1050,busuk,1,0,Negatif
1051,"aplikasi sering error dan mengalami bug, di device saya bahkan penyesuaian tidak bisa diatur naik atau turun. kedepannya diharapkan developer lebih memerhatikan masalah masalah kecil yang mengganggu kenyamanan pengguna. terimakasih",2,-2,Negatif
1052,aku agak kesel karena setiap video/foto yang baru masuk galeri gak kesimpen di capcut nya gitu loh,3,0,Netral
1053,lumayan bagus tapi terkadang lagu nya udah selesai editannya tertinggal,3,1,Positif
1054,aplikasi ini beda bangat dengan yg dulu. asli ini pelit bangat sih. ngga bagus,1,1,Positif
1055,susah banget download ni aplikasi ï¿½ï¿½ï¿½ï¿½ï¿½ï,5,0,Positif
1056,wowwwwwww aku sagat senang memakai capcut,5,0,Positif
1057,Templet nya bagus banget dan bebas mau yang mana aja lagi bagus banget ya,4,2,Positif
1058,tracking di teks gak jalan di samsung galaxy s26 saya,2,0,Negatif
1059,sangat bagus,5,1,Positif
1060,"SUKAK, tapi jangan banyak banyak premiumnya, lopyu capcut",5,0,Positif
1061,bagusssssssssss,5,0,Positif
1062,kadang kadang loding ih ak ga sukaa,4,0,Positif
1063,karena seru ada edit edit video,5,1,Positif
1064,gak bisa Didonolod apk nya. padahal ram hp nya masih adaa banyakk tapi malah gk bisa di donlod,1,0,Negatif
1065,bagus bangettttt,5,1,Positif
1066,bagus sekali,5,1,Positif
1067,kadang pas dibuat ngedit ngelag banget,4,0,Positif
1068,aku suka sekali,5,0,Positif
1069,"Ngebug mulu, jdi susah ngedit",1,0,Negatif
1070,bagus,5,1,Positif
1071,hai perkenalkan saya Michelin saya menggunakan hp papa saya untuk.ï¿½ï¿½ï¿½ï¿½ï¿½ï¿½ï¿½ï¿½ï¿½ï¿½ï¿½ï¿½ï¿½ï¿½ï¿½ï¿½ï¿½ï¿½ï¿½ï¿½ï¿½ï¿½ï¿½ï¿½ï¿½ï¿½ï¿½ï¿½ï¿½ï¿½ï¿½ï¿½ï¿½ï¿½ï¿½ï¿½ï¿½ï¿½ï¿½ï¿,1,0,Negatif
1072,lumayan bagus menurut saya,5,1,Positif
1073,selalu ada per masalah di capcut selalu mapetï¿,1,0,Negatif
1074,berguna lah sakie mah,3,0,Netral
1075,capcut in memang bagus untk mengedit AP segalanya saya sangat senang,5,1,Positif
1076,"aplikasi ini bagus , bagus buat mengedit foto tapii aku heran yah knp yh setiap akua mau mengedit harus menunggu efek nya dulu trus menunggu nya lama banget yah menunggu tapi TPI tetap saja 0% jadii tolongg di perbaiki dulu yahh",4,2,Positif
1077,kadang nge bug aplikasi nya,4,-1,Positif
1078,good game,5,0,Positif
1079,"dapat penawaran gratis katanya, setelah di claim tidak dapat digunakan, payah developer pembohong",1,0,Negatif
1080,ini apk buat ngedit vidio/foto apa buat nonton film yg g jelas?,1,0,Negatif
1081,bagus,5,1,Positif
1082,"anjirr ni apk bagus banget cuy, wajib bintang lima si iniï¿½ï",5,1,Positif
1083,Lama meng instal nya,3,0,Netral
1084,bagus banget sukak,5,1,Positif
1085,"mungkin sebagian effect atau export selain pembelian, bisa menggunakan nonton iklan berupa poin, agar bisa semua bisa menikmati capcut??",1,-1,Negatif
1086,bagus bgt aku jd punya 10.12 subscriber,5,1,Positif
1087,baguss bngt suka,5,0,Positif
1088,bagus,5,1,Positif
1089,Banyak kreasi dan cukup membuat saya puas ..,5,1,Positif
1090,huh.. aku dah hapus aplikasi berturut sampe 3 kali tapi apa??? g bisa ke donwlod kecewa beratt capcut ini gimana aku dah hapus semua aplikasi lohh??kamu tetap batalin?! kamu ambil 500mb udh berapa itu aku keluarin ? 500mb pas aku pertama donlowd jumlahin aja 3?! g mudah lohh walaupun hitu capcut tetap berguna...,5,0,Positif
1091,ngelag terus,3,0,Netral
1092,bagus tapi lama dalam expor ï¿½ï¿½ï¿½,3,1,Positif
1093,ee bujugg nih aplikasi nya baguss ï¿½ï,5,0,Positif
1094,editannya bagus bagus ï¿½ï¿½ï¿½ï¿½ï¿½ï,5,2,Positif
1095,bagus bnget,5,1,Positif
1096,pas diinstal ga kompatibel,1,0,Negatif
1097,di dowlod gak bisa di buka,1,0,Negatif
1098,bagus sih aplikasi ini aku suka tapi minus nya iklan nya banyak,4,0,Positif
1099,bisa digunakan untuk ngedit dan pang kas vidio GFX,5,0,Positif
1100,"bagus, cuman agak kikir",3,0,Netral
1101,boh welikk,1,0,Negatif
1102,tanpa login lebih enak gausa nonton iklan wkwkkwkkw,5,-1,Positif
1103,gak tau mau nulis ï¿½ï,5,0,Positif
1104,makasih capcut dengan aplikasi saya tidak bingung lagi untuk ngedit vidio,5,0,Positif
1105,bisa ngedit,5,0,Positif
1106,bagusss,5,0,Positif
1107,"ini bagus bangett aku suka kalo buat ngedit,aku sering bngt ngedit di capcut ï¿½ï¿½ï¿",5,1,Positif
1108,aplikasi ini bagus sih tapi masih lemot jaman sekarang pakei wifi kan maaf ya aku kasih reting 3 soory .,3,0,Netral
1109,buat video-video foto anak SD sekolah lu,5,0,Positif
1110,"sangat bagus, capcut bisa membantu saya apa saja yang saya inginkan",5,2,Positif
1111,saya bulak balik downold karna dihapus sama mama sayaï¿½ï¿½ï¿½ï¿½ï¿½ï¿½ï¿½ï¿½ï¿½ï¿½ï¿½ï¿½ï¿½ï¿½ï¿½ï¿½ï¿½ï¿,1,0,Negatif
1112,suka sih tapi agak ngeleg waktu itu pengen ngedit tapi malah gak bisa udah simpen foto eh pas liat di capcut malah gak ada ngeselin banget sumpah,2,-1,Negatif
1113,bagus kayak tiktok,5,1,Positif
1114,sanggat bagus cap cut,5,1,Positif
1115,"bagus, saya sangat suka aplikasi ini!",5,1,Positif
1116,"gua mau masuk malah ada pemberitahuan, katanya gak aman padahal aku download nya di google playstore, udah berbagai cara untuk masuk tapi tetep aja ada pemberitahuan kalo gak aman, . btw bug capcut emang ngeselin dawgï¿½ï¿½ï¿½ï¿½ï¿½",1,-2,Negatif
1117,hai capcut aku beri bintang lima karena ada capcut aku bisa ngonten,5,0,Positif
1118,sangat membantu bikin konten,5,1,Positif
1119,mantap harus di apdet lagi,3,1,Positif
1120,ini sangat bagus jadi 5 bintang ï¿½ï¿½ï¿½ï¿½ï¿½,5,1,Positif
1121,sering macet2 gak jelas padahal udah di perbarui terus,1,0,Negatif
1122,b aja,3,0,Netral
1123,kikir bayar langanan tiap bulan gak pake persetujuan,1,-1,Negatif
1124,Napa jadi banyak vidio 18+??,3,0,Netral
1125,ngedit jadi gampang tapi pas udh nyoba capcutnya ngirimin notif banyak banget apalagi kadang tuh notif di barengin sama foto foto sus,2,1,Positif
1126,aplikasi sampah sound error ngebug gabisa dipake semuanya bayar,1,-1,Negatif
1127,"capcut kikir, mending pake alight motionï¿½ï",1,-1,Negatif
1128,bagus sekali aplikasi nya saya sangat suka dengan aplikasi,5,1,Positif
1129,aplikasi ini sangat cocok bagi pengeditan ï¿½ï,5,0,Positif
1130,overll bagus,5,1,Positif
1131,my favvvv,5,0,Positif
1132,bagus,5,1,Positif
1133,"norak kali, dah tau gw udah download di play store malah bilang aplikasi tidak aman. norak kali",1,0,Negatif
1134,ýýýýýýýýýýýýýýýýýýýýýý ýýýýýýýýý ýýýýýýýýýýýýýýýýý ýýýýýýýýýýýýýý,5,0,Positif
1135,cc bagusann duluu,1,0,Negatif
1136,ok,5,1,Positif
1137,sekarang capcut bayar apalah,1,0,Negatif
1138,apk ini sangat bagus,5,1,Positif
1139,tidak bisa mendownload,1,0,Negatif
1140,mantaaff bagus aplikasi nya,5,1,Positif
1141,kenapa si ga bisa login karena ga sengaja salah masukin tanggal lahir pas mau di ganti udah ga bisa terus besoknya ga bisa login why?,2,0,Negatif
1142,"kok bisa ya ada apk yg iklannya 1 menit udah gitu stuck di iklan? ga respect sama apk ini kelamaan di iklan, perasaan dulu iklan cuma 5 detik bisa di skip, kok skrng lama banget!??",1,-3,Negatif
1143,Bagus banget sumpah ï¿½ï¿½ï¿½ï¿½,5,1,Positif
1144,"Sayang sekali, pengurang kebisingannya sekarang pro, sama template beritanya udah ga ada lagi...ï¿½ï¿½ï¿½ï¿½ï¿½ï¿½ï¿½ï¿½ï¿½ï¿½ï¿½ï¿½ï¿½ï¿½ï¿½ï¿½ï¿½ï¿½ï¿½ï¿½ï¿½ï¿½ï¿½ï¿½ï¿½ï¿½ï¿½ï¿½ï¿½ï¿½ï¿½ï¿½ï¿½ï¿½ï¿½ï¿½ï¿½ï¿½ï¿½ï¿½ï¿½ï¿½ï¿½ï¿½ï¿½ï¿½ï¿½ï¿½ï¿½ï¿½ï¿½ï¿½ï¿½ï¿½ï¿½ï¿½ï¿½ï¿½ï¿½ï¿½ï¿½",5,0,Positif
1145,cok kere kakean pro,1,0,Negatif
1146,"hai capcut, Apk nya keren untuk seorang editor tapi kalo mau kikir jangan tanggung tanggung, sekalian aja semua fiturnya berbayar ï¿½ï",4,-1,Positif
1147,"Kenapa capcut sekarang untuk teks ke audio sekarang ngak bisa digunakan ya padahal sebelumnya baik baik saja ? Buat tugas ku jadi banyak yang tertunda, kalau gini trs auto pindah aplikasi",5,0,Positif
1148,ngestuck mulu ke 30%,1,0,Negatif
1149,karna sering iklan dan agk ngelek tapi ok lah karna yang buat aplikasi nya udh capek capek jadi aku kasih bintang 5,5,-1,Positif
1150,bagus banget buat bikin konten yutub,5,1,Positif
1151,"setelah di download aplikasinya gk muncul muncul,cuman habiskan pake data saja",1,0,Negatif
1152,"Bagus banget ni apk,,,,, bisa buat ngedit ngedit vidio,,,,,",4,1,Positif
1153,bagus,5,1,Positif
1154,sangat seru jalan jalan bahagia dan ke pantai peknik makan makan ke Paris habis itu jalan jalan ke kappung habis itu mandi kali dan ke pantai,5,1,Positif
1155,apk penipuan kok di blg bgs anej komen nya,1,0,Negatif
1156,cantik hasil nya,5,0,Positif
1157,capcut mau naik haji ya? semua aja buat pro,1,0,Negatif
1158,"biasa AJA, GK BAGUS. bintang 1ï¿½ï¿½ï¿",1,1,Positif
1159,semoga bisa allah menpunyai capcut,5,0,Positif
1160,kalo mau ngedit banyak yang pro nya,4,0,Positif
1161,leg terus jelek banget uplaud aja gak bisa,1,-1,Negatif
1162,"banyak bokep di template, gw dah report malah direspon ""tidak ditemukan pelanggaran""",1,0,Negatif
1163,lumayan tapi sya ksih bntng 4 Krn bnyk iklan,4,-1,Positif
1164,"hallo, I am also a user of this application. I think this application is really good, but why are some of the features paid? i mean its ok if paid but can you just not make all is premium membership? like quality resolution, subtitles and audio thats not how its work. but actually this app help us to edit some vidio or photo BUT ONCE AGAIN PLEASE DO NOT MAKE ALL FEATURES HAVE TO PAY , its not worth it",2,0,Negatif
1165,"mau download tpi liat komen2 ny pda hrs bayar, jdi nggak mau download sih",1,0,Negatif
1166,download nya lama,1,0,Negatif
1167,mantap,5,1,Positif
1168,aku tadi baru coba ngelag mulu ba iki lagi kek pas expor lmaaaa bgt!!!!!!!,1,0,Negatif
1169,"capcut tolong lah fitur kayak motion blur, 1080P dan semacamnya jangan dijadikan pro, kasian editor-editor yg gk mampu bayar pro, mana pro nya mahal, capcut mod juga udah gk bisa lagi, PLS CAPCUT TOLONG DI BALASï¿½ï",5,-1,Positif
1170,ngeleggg terus,4,0,Positif
1171,"tolong bagian proyek yang habis edit itu hapusnya bisa langsung select all. di saya harus ngehapusin satu per satu, pdhl masih ada 1000 template proyek di akun saya. tolong dong capcut, dikasih keringanan. terima kasih sebelumnya.",1,0,Negatif
1172,singkat Padat jelas bagus banget,5,1,Positif
1173,kebanyakan iklan,1,-1,Negatif
1174,"gw kasih bin5 biar di atas, gausa download ni apk, apk kikir ajggg",5,-1,Positif
1175,aplikasinya cocok buat yg suka ngedit maupun yg ngak suka karna sudah ada template nya...,5,0,Positif
1176,kadang lemot template nya lama munculnya jadi sering kesal,1,-1,Negatif
1177,ýýýýýýýýýýýý,5,0,Positif
1178,"aplikasi gajelas, susah ngeditnya ga kaya am, apalah dikit' ke potong, lagi nyari lagu lagu yang di cari gada, gimana mau ngedit tlol?",1,0,Negatif
1179,jelek sekarang gak bisa istirahat esport bebas,1,-1,Negatif
1180,keren,5,1,Positif
1181,"hampir semua video editor capcut itu pro, gak semua, tapi hampir.! saya yg sering ngedit di sini jadi agak sulit, soalnya kebanyakan videonya itu pro, terus setiap mau ekspor tuh suka ada iklan, iklan ny tuh bkn hnya 1 tpi suka kadang 2-3 iklan. tlng d prbikn lgi y min",5,-4,Positif
1182,sangat mudah digunakan cocok dan bagus sekali,5,2,Positif
1183,"tolong jangan kikir banget, boleh lah kasih premium tapi ngotak dikit lah masa estrak audio aja harus premium? apk sebelah aja kaga pake bayarï¿½ï",1,-3,Negatif
1184,apk tidak bisa di gunakan,1,0,Negatif
1185,ini bagus,5,1,Positif
1186,gratisin capcut demi gua!!,5,0,Positif
1187,sugoi,5,0,Positif
1188,baguss tapi banyak yang ber bayar dan sering ngelek pas ekspor.,3,-1,Negatif
1189,aplikasinya sangat buruk,2,-1,Negatif
1190,"kadang keluar"" sendiri",2,0,Negatif
1191,apk makin kikir,1,-1,Negatif
1192,SANGAT BAGUS,5,1,Positif
1193,sangat berguna sekali untuk terbiasa dengan hal tersebut,5,0,Positif
1194,"tiba"" bnget motong saldo gw 83,000 plis dah balikin saldo gw",1,0,Negatif
1195,satu kata kikir,1,-1,Negatif
1196,aplikasi ini terlalu kikir karena saya kemarin bisa 4k tanpa paket standar dan UHD AI tiba2 setelah 3 bukan mulai berbayar,3,-2,Negatif
1197,"cukup bagus,tapi tidak semua yang kita inginkan template bisa ada rating sih tetap 5 soalnya ga ada apk lain",5,1,Positif
1198,detsimpel,5,0,Positif
1199,"capcut tolong dong gratisan kalo mau ngedit apa mau templeta, saya setiap mau ngedit video harus bayar tapi aku GK cara untuk membayarnya, tolong gratisan lagi kalo mau ngedit apa tampletaï¿½ï¿½ï¿½ï¿½ï¿½ï¿½ï¿½ï¿½ï¿½ï¿½ï¿½ï¿½ï¿½ï¿½ï¿½ï",1,0,Negatif
1200,"APKnya Makin Aneh, Masa Harus Berlangganan Dulu Bisa Upload Video",1,0,Negatif
1201,saya kasih bintang 5 karena kayak babi,5,0,Positif
1202,Saya mau cari template buat Upload video tapi malah di kasih standar diamond semua lagi! Sebenarnya Apa maksud nya semua ini? Saya kan cuma mau Upload video ke YouTube TOLONG PERBAIKI KEMBALI CAPCUT JADI NORMAL TANPA BATAS DAN HILANGKAN PEMBAYARANNYA SAYA GAK MAU TAHU ï¿½ï¿½ï¿½ï¿½ï¿½ï¿½ï¿½ï¿½ï¿½ï¿½ï¿½ï¿½ï¿½ï¿½ï¿½ï¿½ï¿½ï¿½ï¿½ï¿½ï¿½ï¿½ï¿½ï¿½ï¿½ï¿½ï¿½ï¿½ï¿½ï¿½ï¿½ï¿½ï¿½ï¿½ï¿½ï¿½ï¿½ï¿½ï¿½ï¿½ï¿½ï¿½ï¿½ï¿½ï¿½ï¿½ï¿½ï¿½ï¿½ï¿½ï¿½ï¿½ï¿½ï¿½ï¿½ï¿½ï¿½ï¿½ï¿½ï¿½ï¿½ï,2,0,Negatif
1203,"padahal udah download capcut di playstore tapi masih aja kenak peringatan security, mana aku udh langganan yang standar selama 1 bulan lagi. aku ni pelajar yg mau cari uang, malah dibikin susah anjr, pdhl lagi dpt orderan. apk ga jelass,cepat betulin sono kikir lu",1,-1,Negatif
1204,"tolong ini kenapa tidak bisa di install ya? saya sudah mengahapusi bagian penyimpanan dan itu kayanya sudah cukup untuk menginstal apk ini, tapi kenapa dari tadi tidak bisa terus? tolong bantuannya agar saya bisa menginstall apk inii.",1,0,Negatif
1205,"apk yg sangat baik terimakasih telah membuat saya mengedit foto dan video dengan mudah,saya beri bintang lima",5,1,Positif
1206,jujur harus berbayar terus,1,-1,Negatif
1207,tolong Refund transaksi capcut saya saldo saya di sedot apk capcut buat pihak yang berwajib tolong tangani masalah ini,1,0,Negatif
1208,sekarang mbnya besar bgt baru saja buka udh penuh penyimpanannya tolong kurangin ya ï¿½ï¿½ï¿,4,0,Positif
1209,mantap bisa di edit vidio atau poto,5,1,Positif
1210,tak bisa menginstal aplikasi tapi sukaï¿½ï¿½ï¿,3,0,Netral
1211,capcut anj kikir tolol banyak yang di premium,1,-2,Negatif
1212,ok,5,1,Positif
1213,"mentang' sekarang udh di update jadi pro yang gratis cuman sedikit,balikin capcut yang dulu!!gua dari dulu pake lu eh sekarang udh di update jadi bosen ngedit disini",3,0,Netral
1214,bagus kaya lacar pokok nya serusi kalau mau ngedit tingggal aatset jadi,5,1,Positif
1215,"ga bisa bisa terus Download knp y, aplikasi bnyk yg kosong jg ruangny jg udh bnyk di hapus jg apk nya bnyk di hpusss demi di apks capcut satu ya elahhh",3,0,Netral
1216,aplikasi kikir,1,-1,Negatif
1217,"apk ini bagus dan mudah untuk dipakai, tapi ada 1 hal yang saya ingin bicarakan. untuk developer, saya sarankan untuk memblokir foto/video yang tidak senonoh ya. setiap saya scroll ke bawah, pasti ada foto/video yang tidak senonoh. terima kasih",5,2,Positif
1218,bagusa aku suka banget,5,0,Positif
1219,capcut ini aplikasi nya keren bagus banget dan banyak fitur nya bisa edit atau bikin JJ ï¿½ï¿½ï¿½ï¿½ï¿½ï¿½ï¿½ï¿½ï¿,5,2,Positif
1220,sangat lah bagus,5,1,Positif
1221,"foto yang baru mau di buat vidio malah ilang, jadi nya harus uninstall teruss download lagi.",1,0,Negatif
1222,bagus ï¿½ï¿½ï¿½ï¿½ï¿½ï¿½ï¿½ï¿½ï¿½ï¿½ï¿½ï,5,1,Positif
1223,sekarang capcut bayak bokepnyaï¿½ï¿½ï¿½ï¿½ï¿½ï¿½ï¿½ï,1,0,Negatif
1224,ini sudah bagus sekali sudah ada semua templatï¿½ï,5,1,Positif
1225,"udah bagus tetapi banyak sekali pro nya, belum lagi pas unduh JJ video harus nunggu iklan lama banget sampai 100% soalnya aku mendapat 70% jadinya aku harus nonton iklan tiga kali untuk bisa mengunduh JJ nya apalagi tolong jangan perbanyak iklan kasian yg orang yg nggak bisa beli yg pro.",3,-2,Negatif
1226,Bagus cuma Capcut sekarang berbayar beda sama yang dulu,1,0,Negatif
1227,"update otomatis malah bapuk, fiturnya makin gak jelas gak bisa dipake, akhirnya project ilang semuaï¿½ï",2,0,Negatif
1228,saya suka dengan templat nya bagus jadi nya foto saya klok ngedit di templat ini,5,1,Positif
1229,lagu menarik,5,0,Positif
1230,"aku benci dengan capcut yang baru, kenapa? karena hampir semua fiturnya menjadi Pro, dan berbayar semua, bagaimana yang terjadi dengan para editor? kalo orang mampu lumayan bisalah ya gunain Pro, tapi saya kurang mampu untuk jadi Pro, saya pengen Capcut kembali semula..",1,-1,Negatif
1231,kenapa capcut susah di download sih terus juga terlalu banyak iklan,3,-1,Negatif
1232,makin macet,2,0,Negatif
1233,jangan memaksa user untuk pro jadi susah berekspresi dan berkreasi,5,0,Positif
1234,"apk terjelek yg prnh gw temuin sialan, gak recommend bgt dehh buat kalian yg mau download",1,0,Negatif
1235,1.bagus 2.bisa bikin vidio cute 3.foto ku yang PLENGER jadi bagus bgtï¿½ï¿½ï¿½ï¿½ï¿½ï¿½ï¿½ï¿½ï¿½ï¿½ï¿½ï¿½ï¿½ï¿½ï¿½ï¿½ï¿½ï¿½ï¿½ï¿½ï¿½ï¿½ï¿½ï¿½ï¿½ï¿½ï¿½ï¿½ï¿½ï¿½ï¿½ï¿½ï¿½ï¿½ï¿,5,2,Positif
1236,"udah ngedit bagus bagus, progres 80%, tiba tiba ngecrash terus videonya ilang semua. wallahi mksh bgt sumpah",2,2,Positif
1237,aku suka capcut karna bisa edit kayak vlog dll tapi dia kebanyakan standar ï¿½ï,5,0,Positif
1238,masak harus baya sih,4,0,Positif
1239,aplikasi ini sangat bagus sekali dan cepat neng eskpor,5,1,Positif
1240,bagus banget JJ nya tapi banyak yg pakaian yg gak sopan tolong kurangi,3,1,Positif
1241,bagus sih untuk ngedit tapi ada bayaran nya juga,4,1,Positif
1242,mudah untuk mengedit,4,1,Positif
1243,"Aplikasi yg buruk, saya mau login kembali ke akun google saya malah tidak bisa, memang platform rusak..",1,-1,Negatif
1244,aku suka banget aplikasi iniï¿½ï¿½ï¿,5,0,Positif
1245,bagus bisa buat ngedit,4,1,Positif
1246,bagus banget fitur fitur nya bayak lumayan ï¿½ï,5,1,Positif
1247,"jadi trauma bener, gara gara aplikasinya ngirim notif susï¿½ï¿½ï¿½ï¿½",1,0,Negatif
1248,"gabisa dipakai, saat dibuka slalu keluar sendiri",1,0,Negatif
1249,"apk kikir gw mau buka aja gabisa bisa, gimna si ini",1,-1,Negatif
1250,Aplikasi yg terbaik utk digunakan,4,0,Positif
1251,bagus dan gampang buat edit foto video,5,2,Positif
1252,jossssssd,5,0,Positif
1253,"elu kalo cuma mau dapet duit doang nggak usah bikin aplikasi edit, gw ngedit capek-capek harus bayar karena ekstrak audio, miris banget",1,0,Negatif
1254,"Capcut ini udah bagus bangett buat ngedit. Cuman aku ada satu pesan, aku lebih suka dan cinta sama capcut yang dulu, semuanya gratis gapake pro. Kayak yang bagus bagus itu pasti di pro in, tolong ya kedepan nya yang pro sebagian aja, karena kasian yang konten kreator pemula. Ngeditnya biar bagus harus pake pro, dan sekian, makasih responnya, dan sebenernya aku mau kasih bintang 1 tapi gajadi karena pasti ga terlalu di respon... ( btw ini knp gabisa di download coba? pdhal udh hapus smua app? ï¿½ï",5,4,Positif
1255,"ga jelas, banyak iklan",1,-1,Negatif
1256,sangat mantap,5,1,Positif
1257,bagusss bgtttt sukakkk sma aplikasinya ï¿½ï,5,0,Positif
1258,"Kenapa si setiap download capcut GK bisa terus, padahal sudah sampai 100 tapi masih aja tidak bisa kesel de ï¿½ï¿½ï¿",4,0,Positif
1259,kenapa saya tidak bisa untuk download aplikasi capcut ini,1,0,Negatif
1260,sangat baik,5,0,Positif
1261,"capcut ini sangat membantu dalam membuat konten,jadi saya kasih bintang 5 sekian terimakasih ï¿½ï¿½ï¿",5,1,Positif
1262,bnyk iklan jir,3,-1,Negatif
1263,problem sikit tak bole dowload video :) pleasee be save again,1,0,Negatif
1264,sangat bagus buat edit video konten atau jj,5,1,Positif
1265,bagus,5,1,Positif
1266,bisa buat edit foto/vidio dan grafiknya juga hd banget aku suka deh,5,0,Positif
1267,banyak bgt pilihan,5,0,Positif
1268,oke,5,1,Positif
1269,"banyak bug Mulu kalau expor kalau bisa tolongin lah pas balik lagi ke edit nya tiba tiba dia play gak jalan,tolong lah min benerin",2,-1,Negatif
1270,kak capcut ini sudah bagus namun ada satu hal yang harus diperbaiki kalau aku bikin template suka ada logo capcutnya tolong di perbaiki,5,1,Positif
1271,ini udh bgus tpi ko pas mke tmplate ny malh jdi hitam smua lyarnya? tlong perbaiki,4,0,Positif
1272,jelek tidak bisa ngedit,1,-1,Negatif
1273,sering tidak bisa menambah vidio buat diedit sambal aku unistal,2,0,Negatif
1274,Burik gaada yang bagus,1,1,Positif
1275,saya suka dengan aplikasi ini editan nya bagus dan menarik pokok nya suka dehh sama aplikasi ini,5,1,Positif
1276,"saya mau komplen, ini saya kasi bintang lima biar komen saya terlihat yaa, jadi gini ulasan saya, masa cuma ngdit, bebeyar enakan yg dulu geratis, ini uda lah berbayar gk bagus lagi, masa pasa ngedit dia lambat kalii, lagu nya deluan potonya lambat, keke mana nyaa, kalo berbayar tapi bagus maaih mending. ini gak uda jelek beebayar lagi,",5,-1,Positif
1277,"aplikasi kurang oke, karena gak ada fitur dasar yang gratis, tolong bikin gratis sedikit aku harap ada kredit hari an",3,1,Positif
1278,Udah di download tetep aja gabisa di buka,1,0,Negatif
1279,"bagus, tapi kadang gabisa di buka terus kalo ngedit suka gada foto nya",3,1,Positif
1280,"kecewa denga fitur ai yg baruuu, bagusan yg lama",1,-1,Negatif
1281,keren,5,1,Positif
1282,makin hari makin kikir woilah ï¿½ï¿½ï¿,1,-1,Negatif
1283,katanya ekspor nya geratis tapi kok aku bayar,2,0,Negatif
1284,bagus,5,1,Positif
1285,sukaaa bangettt samaaa capcuttttttttt,5,0,Positif
1286,menurut saya ini Bagus kok,5,1,Positif
1287,bagusss bgt sumpah,5,0,Positif
1288,suka pag tibaï¿½ï¿½ï¿½ï¿½ï¿½ï¿½ï¿½ï¿½ï¿,4,0,Positif
1289,"Kenapa ya sekarang tuh kikir banget, nggak kayak dulu? Padahal aku yang nemenin dari nol yang belum punya apa-apa. Sekarang mah apa-apa mahal lagi, terus juga banyak iklan pula.",4,-3,Positif
1290,bagus tp agak ada macet macet nya tp tetap bagus kokï¿½ï,5,2,Positif
1291,bagus banget templat nya,5,1,Positif
1292,"ýýýýýýýýýýýýýýýýýýýýýýýý ýýýýýýýýýýýýýýýý ýýýýýýýýýýýýýýýýýýýý ýýýýýýýýýýýýýýýýýýýýýýýýýýýý ýýýý ýýýýýýýýýýýýýýýýýýýýýýýý ýýýýýýýýýýýýýýýýýýýýýýýýýýýýýýýý ýýýýýýýýýýýý ýýýýýýýýýýýý ýýýýýýýýýýýý ýýýýýýýýýýýýýýýýýýýý ýýýýýýýýýýýýýýýýýýýý ýýýýýýýýýýýýýýýýýýýýýýýý ýýýýýýýýýýýýýýýýýýýý ýýýýýýýýýýýýýýýý ýýýýýýýýýýýýýýýý ýýýýýýýý ýýýýýýýýýýýýýýýýýýýý ýýýýýýýýýýýý ýýýýýýýýýýýýýýýý ýýýýýýýýýýýýýýýýýýýý. ýýýýýýýýýýýýýýýýýýýý ýýýýýýýýýýýýýýýý ýýýýýýýýýýýý ýýýýýýýýýýýý ýýýýýýýýýýýý ýýýýýýýýýýýýýýýý ýýýýýýýýýýýýýýýý ýýýýýýýýýýýýýýýýýýýýýýýýýýýýýýýý ýýýýýýýýýýýýýýýýýýýý ýýýýýýýýýýýýýýýý ýýýýýýýýýýýýýýýýýýýýýýýýýýýýýýýý ýýýýýýýýýýýýýýýýýý ýýýýýýýýýýýý ýýýýýýýýýýýýýýýýýýýýýýýýýýýýýýýýýýýýýýýý, ýýýýýýýýýýýýýýýý ýýýýýýýýýýýý ýýýýýýýýýýýýýýýý ýýýýýýýýýýýýýýýý ýýýýýýýýýýýýýýýýýýýýýýýýýýýýýýýý ýýýýýýýýýýýýýýýý ýýýýýýýýýýýýýýýý ýýýýýýýýýýýý ýýýýýýýýýýýýýýýýýýýý ýýýýýýýýýýýýýýýýýýýýýýýý ýýýýýýýýýýýýýýýýýýýýýýýýýýýýýýýýýýýýýýýýýýýý(ýýýýýý ýýýýý)ýýý",5,0,Positif
1293,apk nya sudah bagus tapi ada beberapa bug. dan juga fitur fitur yang berbayar dan itu membuat editan saya kurang menarik karena harus menggunakan fitur pro,3,-1,Negatif
1294,Biasa aja,3,0,Netral
1295,kurang detail,1,0,Negatif
1296,gimana cara download capcut lagi ram ku cuman 3 di download lagi udah gak bisa,5,0,Positif
1297,tolong blokir akun akun yang selalu memposting template yang isinya mengandung pornografi ï¿½ï¿½ï¿½ï¿½ï¿½ï¿½ï¿½ï¿½,1,0,Negatif
1298,"saya mohon pengembalian dana, saya tidak sengaja menekan tombol bayar saya awalnya ingin mengakhiri langganan, saya mohon saya tidak punya uang lagi",3,0,Netral
1299,makasih ya udah ada aplikasi ini,5,0,Positif
1300,aku suka kamu,5,0,Positif
1301,bguss,5,0,Positif
1302,"keren sih, tapi ngeleg parah sampai videonya gak berjalan berhenti Mulu. tolong perbaiki bug nya, please!!",3,-1,Negatif
1303,knp saya kasih bintang 1.karna hari ini berbayar jdi klo mau bikin video harus berbayar dlu tolong lah geratisin lgi,1,-2,Negatif
1304,bagus banget ï¿½ï¿½ï¿,5,1,Positif
1305,ini knp capcut aku udah cape loh masa udah download disuruh download lagi padahal lagi asik ngedit loh capcut tolong RISPEK dikit masa lagi ngedit malah ada notifikasi unduh aplikasi resmi padahal udah aku donlod di play store loh tolong lah capcut pliss hilangin ngapa notif nya,1,0,Negatif
1306,Apk ini sangat cocok buat ngedit video atau jj jadii aku kasih bintangï¿½ï¿½ï¿½ï¿½ï¿½,5,0,Positif
1307,fitur banyak yang hilang,3,0,Netral
1308,terimakasih,5,0,Positif
1309,P2Wï¿½ï¿½ï¿½ï¿½ï¿½ï¿½ï¿½ï¿½ï¿½ï¿½ï¿½,1,0,Negatif
1310,aplikasi ini memudah kan untuk mengedit,5,0,Positif
1311,di suruh bayar,2,0,Negatif
1312,"this app can't be fr, it was rated for a free editing application it was full of paid things, LIKE WDYM IMPORT TO AN IDO NEED TO PAY NOW, like some one can sue this thing whatever company for false application information because literally HALF OF THE EFFECT OR ANY EDITING TOOL are payed nad I believe some day this application will have its own downtime because of all these upbdate required us to pay for that payed for this, and don't even talk about those not even good effect but u need to buy",1,0,Negatif
1313,ýýýýýýýý,5,0,Positif
1314,"lo tuh lagi miskin apa gmna sih? semua aja di premium in, cuma buat ekstrak lagu dari video aja segala di prem in",1,-1,Negatif
1315,bagus sekali,5,1,Positif
1316,tibaï¿½ï¿½ï¿½ï¿½ï¿½ï¿½ï¿½ï¿½ï¿½ï¿½ï¿½ï¿½ï¿½ï¿½ï¿½ï¿,1,0,Negatif
1317,karena keren,5,1,Positif
1318,benci aja gw klo mau download pasti hrus hpus roblox kan bisaaa aplikasi lain gitu!!!!!! dasarrr!!,1,0,Negatif
1319,plis pas ngedit JJ cabcut selalu burem pas mau hd in kenak bayar HADUHH ancor hati ku sbgai pencinta JJ,1,0,Negatif
1320,perbaiki tidak bisa mengekspor video yg saya buat padahal saya tidak menggunakan fitur berbayar,2,-1,Negatif
1321,oke aja soal editan nya tapi ada yang sexsi,5,1,Positif
1322,Sangat bagus bangetttt cocok untuk mengedit apapun yg kita mau,5,1,Positif
1323,aku suka capcut,5,0,Positif
1324,"apk aneh, apasih apa apa harus pro sekalian aja downloadnya harus pro, benci bgt udah ngedit cape cape malah ada fitur pro, paling sebel bgt kalo muncul iklan, ini tolong bgt balikin capcut yang dulu, kalo mau pro ya jngn semua",4,-1,Positif
1325,bagus,5,1,Positif
1326,bagusss bgtt capcut menemaniku Sampek 8tahunnn,5,0,Positif
1327,bagus aja gitu,5,1,Positif
1328,bagus bisa bikin video dan foto indah tapi kadang ngeselin tapi aku tetap sabar poko nya bagus sih ï¿½ï¿½ï¿½ï¿½ï¿½ï¿½ï¿½,5,1,Positif
1329,bgs bngtï¿½ï¿½ï¿½ï¿½ï¿½ï¿½ï¿½ï¿½ï¿½ï¿,5,0,Positif
1330,"nge lag"" ngedit vedeo sendiri ,padahal ram gede penyimpan kosong",1,-1,Negatif
1331,wah ini keren banget sihh,5,1,Positif
1332,"apk ini bagus banget ,ini kalo aku beli hp baru pasti langsung download ini karena apk ini bagus buat bikin sw di watsaap",5,2,Positif
1333,"semua ok,tapi, banyak yang lemot,dan setiap saya nonton tik tok, selalu setiap menitnya pasti ke apk ini lagi,dan itu mengganggu saya",2,0,Negatif
1334,banyak iklan+kaku malesin jadinya mending di alight motion,1,-1,Negatif
1335,hapuss cara pembayaran ny,2,0,Negatif
1336,sangat bagus,5,1,Positif
1337,bagus banget aplikasi nya aku bisa mengerti vidio/foto,5,1,Positif
1338,keren,5,1,Positif
1339,"Aplikasi nya bagus untuk editing, tapi aku punya keluh kesah, akhir akhir ini banyak video 18+ bertebaran di template capcut, mereka menutup nya dengan greenscreen. Mohon developer segera mengatasi ini, orang yang membuat video 18+ di aplikasi kalian adalah sebuah penghinaan harga diri.",2,1,Positif
1340,jujur aku masih edit pake ini tapi masalahnya tuh itu semua hampir pro/premium bangke,4,-1,Positif
1341,terlalu banyak iklan,1,-1,Negatif
1342,bagus aja,5,1,Positif
1343,"capcut gua error woylah, lagi ngedit pas ekspor layar nya malah item, sia sia banget gw ngedit, jangan error woylah capcut",3,-2,Negatif
1344,sangat tidak baik,5,0,Positif
1345,capcut Sangat bagusss sekaliiii,5,0,Positif
1346,bagusaa,5,0,Positif
1347,kualitas bgs gak nguras baterai aku,5,0,Positif
1348,Mantap buat ngedit vidio,5,1,Positif
1349,nih aplikasi udah ngelag mb besar harus premium pula,1,-1,Negatif
1350,bagus banget cocok buat yutuber yang suka ngedit ini udah bagus sih gak ada kalo menurutku kalo yang lain gimana,5,2,Positif
1351,foto yang baru di ss tidak ada,2,0,Negatif
1352,"langganan standar 15 ribu, tiba- tiba ada penarikan 83 ribu dari gopay, saya nggak ikhlas, itu uang buat makan",1,0,Negatif
1353,yah lumayan bagus kak,4,1,Positif
1354,dasar apk kikir. ditemenin dari 0 eh pas udh sukses kita di giniin? Amazingï¿½ï,1,-1,Negatif
1355,ýýýýýýýý,5,0,Positif
1356,bagus tapi capcutnya di HP ku agak ngelek jadi aku beri bintang empat,4,0,Positif
1357,ya karena bangunan buat ngedit saya,5,0,Positif
1358,bgsï¿½ï¿½ï¿½,5,0,Positif
1359,suka bgtt soalnya bisa edittt banyak yg terbaruï¿½ï,4,0,Positif
1360,Karena bagus dan temen2saya suka semua,5,1,Positif
1361,capcut ini bagus sekali dan kita bisa ngedit foto kita,5,1,Positif
1362,a suka bgt,5,0,Positif
1363,tolong di perbaiki beberapa bug yang ada di aplikasi capcut seperti buat cuy vidio tiba-tiba hasilnya beda tempat dan itu cukup menggangu,4,-1,Positif
1364,banyak yang berbayar kacauuuu,2,-1,Negatif
1365,"apa sih? capcut ini hanya bisa bikin emosi, kenapa video yang setelah diedit tidak bisa diekspor? emang kenapa? berbayar?",1,-1,Negatif
1366,cocok buat ngedit,5,0,Positif
1367,"kenapa aplikasi nya tidak bisa dibuka? keterangannya ""aplikasi terus berhenti""",1,0,Negatif
1368,makasih ya .tapi jangan lah ada iklan ï¿½ï,5,-1,Positif
1369,hai devloper. di akun google dan playstore saya sudah tidak ada langganan yg berjalan. dan saya juga sudah berhenti langganan apk ini. dan sudah saya hapus aplikasinya lantaran tertagih terus. tolong di tindak. saya sudah stop dan sudah uninstal aplikasinya. kenapa saya masih ada tagihan hah!!,1,-1,Negatif
1370,editan nya menjadi lebih bagus,5,1,Positif
1371,"gg sih lentur bgt skarang, udh kayak am, tpi plis blok akun pencuri kyk wooin ï¿½ï",5,0,Positif
1372,lama mendownload nya tambah aku udah hapus 5 aplikasi yang mb nya 100 gk bisa kebuka terus,1,0,Negatif
1373,apk ini bagus menurut saya dan tidak ada kendala sama sekali,5,1,Positif
1374,"aplikasi yang sangat baguss,saya sukaa",5,0,Positif
1375,gmn cara berhenti langganan aplikasi ini,1,0,Negatif
1376,bgus,5,0,Positif
1377,"terlalu, dikiï¿½ï¿½ï¿½ï¿½ï¿½ï¿½ï¿½ï¿½ï¿½ï¿½ï¿½ï¿½ï¿½ï¿½ï",4,-1,Positif
1378,biasanya ngeleg gamau mengekplosr,1,0,Negatif
1379,berbayar cok,5,-1,Positif
1380,baguss sangat berguna,5,0,Positif
1381,"aplikasi tolol, di update jadi lemot",1,-1,Negatif
1382,"apk ini sangat"" bagos buat ngedit vt maok pon ft",5,0,Positif
1383,"banyak iklan, tolong perbaiki",2,-1,Negatif
1384,"dari kemarin mau masukin vidio ke template tapi gabisa, vidio nya mlh jadi item kalo ga burem",2,0,Negatif
1385,penurut aku si aplikasi capcut ini lumayan bagus lah Kaya di edit gituh tapi bikin esensial itu Ilal mulu,4,1,Positif
1386,aplikasi tidak jelas,1,0,Negatif
1387,"KEBANYAKAN IKLAN YG SEKARANG, UDAH GITU SEMUA PADA BERBAYAR, KENAPA GAK BIKIN APLIKASI BERBAYAR AJA DARI AWAL? KALO DIKIT2 BAYAR!",1,-3,Negatif
1388,good,5,0,Positif
1389,perbaiki pengeditan aku sekarang kalo menambah foto duplikat ga bisa karna Deket dengan kembali,1,0,Negatif
1390,URAM JKTL48ï¿½ï¿½ï¿½ï¿½,5,0,Positif
1391,seringg nge lag,3,-1,Negatif
1392,apk ini bagusï¿½ï,5,1,Positif
1393,capcut nya sekarang bayar jadi susah buat mengedit,4,0,Positif
1394,malas karna harus bayar jirr,1,0,Negatif
1395,"tolong kembalikan saldo saya yang sudah di ambil perpanjangan otomatis, saya tidak mau memperpanjang nya karna tidak saya perlukan lagi harusnya anda pihak capcup bertanya dulu",1,0,Negatif
1396,aplikasi kikirï¿½ï¿½ï¿½ï¿½ï¿½ï¿½ï¿,1,-1,Negatif
1397,aplikasi kikir,1,-1,Negatif
1398,ýýýýýýýýýýýýýýýýýýýýýýýýýýýýýýýýýýýýýýýýýýýýýýýýýýýýýýýýýýýýýýýýýýýýýýýýýýýý,5,0,Positif
1399,update trsï¿½ï,1,0,Negatif
1400,"waktu edit video udah masukin 15 foto tapi, setelah di ekspor foto yang muncul di video cuma 13 ajaaa, di ekspor berulang2 juga tetep ada yang kurang, aneh",3,0,Netral
1401,capcut sekarang harus bayar caput dulu ma enggak,3,0,Netral
1402,"luar biasa aplikasinya, sangat membantu",5,1,Positif
1403,"uang saya terpotong otomatis minta tolong lah dikembalikan secepatnya, itu untuk kebutuhan",1,0,Negatif
1404,bagusssssssssssss,5,0,Positif
1405,bagus banget aplikasi nya,5,1,Positif
1406,"kak kno apk nya gabisa di buka atau ho ak yg error, udah bolak balik ttp aja gabisa kebuka, padahal apk lainnya biasa aja tolong perbaikilah",2,-1,Negatif
1407,Bagus dan banyak pilihannya,5,1,Positif
1408,sulit buat menambahkan foto atau video baru setelah memilih foto atau video.. cepat perbaiki!,2,-1,Negatif
1409,masa mau ngimpor lagu doang harus premium? wkwkwk kikir bgt,1,-2,Negatif
1410,aplikasi yg sangatt bgus sekali hasil juga tidak main',5,0,Positif
1411,gajelas udh di update malah harus donload kembali alesan pemberitahuan keamanan apa apaan kaya gitu terus udh cape update terus beberapa kali ttp aja kaya gitu kecewa banget si,1,-1,Negatif
1412,sering ngelek dan suka eror,1,-1,Negatif
1413,memuaskan,4,0,Positif
1414,saldo aku kesedot semua padahal ga ngapangapain ga ikhlas banget udahmah premiaumnya gaguna,1,-1,Negatif
1415,berguna buat edit video,5,0,Positif
1416,amazing,5,0,Positif
1417,Lebih bermanpa'at,1,0,Negatif
1418,apk sangat keren saya sudah menggunakan dari tahun 2020,5,1,Positif
1419,aku ga suka kalau setiap buka capcut selalu banyak iklan nya,2,-1,Negatif
1420,Aku sampai download lagi karena font nya nggak ada,2,0,Negatif
1421,akhirï¿½ï¿½ï¿½ï¿½ï¿½ï¿½ï¿½ï¿½,4,0,Positif
1422,aplikasi jelek bgt gabisa di install parah suka ngeleg,1,-2,Negatif
1423,tolong lah banyak iklan nya ini..........,1,-1,Negatif
1424,"padahal aplikasi ini awalnya sangat membantu,tp knp sekarang parah banget. ga bisa tambahin overlay bahkan ga bisa tambahin video dalam satu proyek. dah update dan bersihin cache ttp aja ga bisa,,sayang banget",2,0,Negatif
1425,"yaallah tolong kembalikan uang saya tiba"" kemarin sendri senilai 83,250 itu sepertinya kepencet fitur langganan nya, mohon kembalikan uang saya",1,0,Negatif
1426,lagu ya tiba' putus di tengah vd. tolong perbaiki,1,0,Negatif
1427,Bagus,5,1,Positif
1428,dana saya ke sedot sendiri tanpa ngasih tau terlebih dahulu,1,0,Negatif
1429,ýýýýýýýýýýýýýýýýýýýýýýýýýýýýýýýý ýýýýýýýýýýýýýýýýýýýý ýýýýýýýýýýýýýýýý ýýýýýýýýýýýýýýýýýýýý ýýýýýýýýýýýýýýýýýýýý ýýýýýýýýýýýý ýýýýýýýýýýýýýýýý ýýýýýýýýýýýý ýýýýýýýýýýýýýýýý ýýýýýýýýýýýýýýýý ýýýýýýýýýýýýýýýýýýýý ýýýýýýýýýýýýýýýýýýýýýýýýýýýýýýýý,5,0,Positif
1430,bagus aja sih,5,1,Positif
1431,tolong uang saya terpotong baru tidak ada pihak baik pun dari google play,1,0,Negatif
1432,aplikasi ya bagus sangat mudah digunakan,5,2,Positif
1433,kenpa asal masuk ke palikas keluar sediri ini aplikasi rusak,5,0,Positif
1434,"apk asu,",1,0,Negatif
1435,trimakasih atas bantuan dan semua nya ï¿½ï¿½ï¿,5,0,Positif
1436,eror kgk bisaa exspor poto padahl di gelery ad potonyaa pas di capcut gk ad burii,1,0,Negatif
1437,"benci banget tiba2 ada tagihan spaylater gara2 uji coba GRATIS , total 299 capcut gak ngotak",1,-1,Negatif
1438,Kenapa baru edit bentar dan hanya beberapa efek ini apk sekarang jadi lag dan patah patah,1,-1,Negatif
1439,"saya suka dengan kemajuan capcut ini, tetapi saya menemukan celah di bagian edit foto ai, ini bisa merugikan seseorang, saya ingin capcut ini untuk lebih meningkatkan sistem ke amanan nya",5,0,Positif
1440,sudah langganan pro.. tiba-tiba logout tidak bisa login,1,0,Negatif
1441,percuma udh edit sama sekali gak bisa eksport,1,0,Negatif
1442,untuk semua nya jangan dihapus alpulikasi ini karena aplikasi ini sangat bagus banget,5,1,Positif
1443,"pagi capcut kami pengguna berbayar, mohon bantu permasalahan di aplikasi kami, kenapa untuk scroll di bagian tambah gambar dan meletakkan susah untuk digerakkan, terima kasih",1,-1,Negatif
1444,dowlnd nya lama,1,0,Negatif
1445,bagus bangetï¿½ï¿½ï¿½ï¿½ï¿½ï¿,5,1,Positif
1446,"ga jelas.amat masa mau bikin jj, ga bisa malah eror mana harus di hapus lalu instal lagi pula bintang 1 perbaikiiï¿½ï",1,0,Negatif
1447,bagus,5,1,Positif
1448,Bagus ka/bg apk nya aku suka ngedit drama rbx jj collab berguna bgt dehh,5,1,Positif
1449,enakan capcut dulu sekarang bayar nya mahal klo murah mah mau,3,-1,Negatif
1450,tolong kembalikan pembelian saya pada hari ini 16 april 2026.tanpa konfirmasi dana langsung di potong saja. aplikasi ini bagus tapi banyak jebakannya. bisa di tuntut ini,1,1,Positif
1451,Top,5,0,Positif
1452,tolong hilangkan iklan.. dan jangan berbayar,3,-2,Negatif
1453,ga usah ngedit di apk ini,1,0,Negatif
1454,"saya sangat suka dengan capcut saya rekomendasi 9,8/10 bagus banget ï¿½ï¿½ï¿½ï¿½ï¿½ï",5,2,Positif
1455,"capcut uda mulai banya yang berbayar ya, ga kayak dulu lagiï¿½ï¿½ï¿",2,-1,Negatif
1456,gajelas lama banget instal nya dasar capcut!.tolong di percepat lagi,1,0,Negatif
1457,bgus,5,0,Positif
1458,gak sesuai ekspektasi,1,0,Negatif
1459,nemenin dari yang ga berbayar sampai berbayar capcut jangan kikir dong,3,-3,Negatif
1460,Mantap,5,1,Positif
1461,suka,5,0,Positif
1462,sangat bagus aku kasih bintang 5,1,1,Positif
1463,ya gitu banyakin iklan nya biar gw bisa ganti aplikasi buat ngedit ï¿½ï,2,-1,Negatif
1464,sekarangan makin gak jelas nih apk.. setiap mau ngedit sekarang musiknya ilang.. cepet perbaiki tolong,2,0,Negatif
1465,"apa apaa harus pakai pro, orang jadi kesulitan",3,0,Netral
1466,"kenapa pas udh pilih foto trs pas liat sebelum di ekspor jadi lag, padahal foto pertama ga lag lalu foto ke 2 dan 3 jadi lag, tolong perbaiki saya sgt risih karna gbs liat kalo bagus template itu jika sy pakai",1,-2,Negatif
1467,capcut ini berguna untuk melakukan pengeditan,5,0,Positif
1468,"gambar di notifikasi apk lu benerin dulu, ini aplikasi buat edit bukan buat bokep, masa gambarnya cewe' nunjukin belahan dada, kalo diliat anak anak gimana?",1,0,Negatif
1469,lagunya gak di update lagunya lagu lama,2,0,Negatif
1470,kenapa capcut sekarang kayak gini,1,0,Negatif
1471,seruu bgettt tapii itu suka ngeleg,5,0,Positif
1472,NGELAG PARAHHH,5,0,Positif
1473,lag+vitur dj jamet,3,-1,Negatif
1474,buat scroll template macet anjirr,3,0,Netral
1475,i like soal kalo ngedit di sini,5,0,Positif
1476,keren,5,1,Positif
1477,knp ini gak bisa di download,1,0,Negatif
1478,aplikasi ini bagus sekali ï¿½ï¿½ï¿½ï¿½,5,1,Positif
1479,mantaf,5,0,Positif
1480,gcorr,5,0,Positif
1481,bagus bagus banget isi nya kaya template nya,5,2,Positif
1482,mencoba di aplikasi ini,1,0,Negatif
1483,capcut ini sangat bagus saya telah memakai capcut dari 1 tahun yang lalu tapi kecepatan nya dan iklan nya agak dia perbaiki ya,4,0,Positif
1484,apk bagus aku udah make lama tapi di perbagus untuk fitur edit nya di benerin itu aja sih yg aku omomg,5,1,Positif
1485,parah sekarang. isinya gak waras nih apk,1,-1,Negatif
1486,bagus banget buat ngedit foto atau video yang jelek jadi bagus,5,1,Positif
1487,bagus,5,1,Positif
1488,ada fitur berbayar nya engga enak ribett pelittt,1,-1,Negatif
1489,"aplikasinya bagus kok sebenarnya, cuman yang jadi masalah itu fitur pro fitur ini ngebuat para editor capcut merasa kesal, apalagi kalo fitur yang biasa di pakai tiba tiba menjadi pro kan kesel, tolong ya untuk kedepan nya jangan di pro in semua fitur-fitur yang bagus atau yang sering dipakai oleh para editor, terimaksih",5,2,Positif
1490,"buggg beberapa mau video tidak bisa di edit, tidak muncul",5,0,Positif
1491,nunggu instal e lama,2,0,Negatif
1492,"dulu aplikasi kasi ini gratis, tapi sekarang berbayar, ï¿½ï¿½ï¿½ï¿½ï¿½ï¿½ï¿½ï¿½ï¿½ï¿½ï¿½ï¿½ï¿½ï¿½ï¿½ï¿½ï¿½ï¿½ï¿½ï¿½ï¿½ï¿½ï¿½ï¿½ï¿½ï¿½ï¿½ï¿½ï¿½ï¿½ï¿½ï¿½ï¿½ï¿½ï¿½ï¿",1,-1,Negatif
1493,mohon maaf capcut nya banyak jorok situs dws tidak boleh seperti kaya dance ata goyang itu tidak boleh,2,0,Negatif
1494,kalo aku suka banget sama aplikasi ini soalnya aku suka bikin video jg,5,0,Positif
1495,this is very good,5,0,Positif
1496,kikir bayar terus males rasanya kikir betul,1,-2,Negatif
1497,"apalah capcut, kebelet haji. hampir semua efek harus pro. masa cuma efek api meledak yang cringe harus pro?",2,0,Negatif
1498,bagus sekaliii cocok buatt ngedit,5,1,Positif
1499,bagus tapi tadi pas login gak bisa ada pringatan tolong di perbaiki,5,1,Positif
1500,Capcut Sangat Cocok Untuk Mengedit Video Atau Foto Dan Hasilanya Tidak Usah Diragukan Lagi Kita Bisa Memlilih Template Apapun!!,5,0,Positif
1501,bagus editan nya,5,1,Positif
1502,tentu 5bintang dong banyak membantu banget,5,1,Positif
1503,ýýýýýýýý,4,0,Positif
1504,bagus sih dan juga cepat buat ngedit foto atau fidio yaaa pokoknya aku suka lah sama capcut,5,1,Positif
1505,bgus bgitï¿½ï,5,0,Positif
1506,ngelag jujur,2,0,Negatif
1507,knp skrg aplikasinya hrs byr makin hari makin burik sy ksih bintang 5 bukan karna bagus tapi supaya di baca,5,1,Positif
1508,"gila gua di paksa langganan 75k cuma mau buat video 1 doang pertama kali, langsung aja gua download di happymod download bajakan ï¿½ï",1,0,Negatif
1509,dikit dikit bayar,1,0,Negatif
1510,mohon maaf karna hilang satu bintang capcut pls jangan ada iklan judi iklan lain boleh asalkan jangan ada iklan judi,4,-3,Positif
1511,untuk mengedit mantap,5,1,Positif
1512,Bagus sekali aplikasi Nya,5,1,Positif
1513,Sekarang Capcut semakin mahal sekali dan gak ada audio ai juga. Mau bikin content jadi pikir-pikir cari aplikasi lain. Kenapa gak balik ke Capcut 2026 aja sih... Harga nya murah untuk creator content dan ada otomatis audio ai.,2,-1,Negatif
1514,"tolong dong diperbaruin lgi sistrmnya.kalo sudqh jadi patner jangan diturunin lgi ke budy,banyak yg nyerah jadi creator cuman gara* ini",4,0,Positif
1515,"bug, ga bisa nambahin lagu sendiri",1,-1,Negatif
1516,"gimana ini cap cut kok ga bisa expor jelek,gak rekomen cuy Jagan download gys jelek bangatï¿½ï¿½ï¿½ï¿½",5,-2,Positif
1517,capcut hubungan tiktok aku,5,0,Positif
1518,sudah terbiasa,5,0,Positif
1519,Seru tapi ngelag maaf,4,1,Positif
1520,jelek,4,-1,Positif
1521,bagus,5,1,Positif
1522,min ko gua gabisa ke instal sih?,1,0,Negatif
1523,"banyak tamplate tidak senonoh, tolong ditindak lanjuti",2,0,Negatif
1524,ýýýýýýýýýýýý,5,0,Positif
1525,bgs bettt,5,0,Positif
1526,bagus buat konten aku,5,1,Positif
1527,"aku pelajar, emng bagus banget ngedit tugas drama di capcut. fiturnya juga lengkap. minusnya apa apa harus bayar. masa mau nambahin musik/audio doang bayar? mana fiturnya juga rataï¿½ï¿½ï¿½ï¿½ï¿",1,1,Positif
1528,saya tidak pernah berlangganan dengan capcut kenapa saya berlangganan setiap bulan saya di tagih dengan nominal 83.250 mohon konfirmasinya,5,0,Positif
1529,b aja,5,0,Positif
1530,yuhuuu > gabutt,5,0,Positif
1531,sangatt bagusassa,5,0,Positif
1532,kenapa tidak bisa disimpan hasil editannya?,1,0,Negatif
1533,good,5,0,Positif
1534,saya sebenarnya sudah download aplikasinya baru kemarin ke hapus sama adik saya pas saya download lagi ko ga bisahkaga bisa di download lagi di situ tertulis pembelian apl itu maksudnya apa yh apa saya harus beli sayang sekali padahal saya suka aplikasi ini,2,0,Negatif
1535,fitur dah bagus cuman apa apa bayar,3,1,Positif
1536,seru trs klo mo nntn bkp ada disitu,5,1,Positif
1537,sanagt bagus,5,1,Positif
1538,"tolong teruntuk untuk pihak capcut wkun yang membuat template yang mengandung unsur fornografi tolong di baned akun yang kaya gitu,ke ganggu banget liat tempalate video yang berseliuran ,tolong di tindak lanjuti untuk pihak capcut",5,0,Positif
1539,ini tu aku ga ada iklannya dan ga ngelek jadi. aku kasih bintang lima pas expor ga nunggu lama jadi bgs bgt apl ini,5,-1,Positif
1540,full premium,1,-1,Negatif
1541,sukaa banget buat bikin JJï¿½ï,5,0,Positif
1542,sangat bagus,5,1,Positif
1543,sejak dulu perasaan capcut pada gratis Sekarang pada bayar anjir jadi bete gw pake capcut lagi,2,0,Negatif
1544,baguuss,5,0,Positif
1545,"bagus tapi apa"" bayar apa"" iklan mana iklan judoll gajelas bngt mana gabisa diskip",2,-1,Negatif
1546,aneh gak bisa di buka,2,0,Negatif
1547,sangat baguss,5,0,Positif
1548,memang bagus editan nya tapi tolong lah hapus iklan pinjol nya tolong hapus ya,1,0,Negatif
1549,serba bayar exspor nya lama,1,0,Negatif
1550,capcut kikir.,1,-1,Negatif
1551,lama bener,1,0,Negatif
1552,"kacau banyak iklan judol, edit udah sejam tiba2 iklan terus harus berbayar !!!",1,-3,Negatif
1553,ga bisa di donwloadï¿½ï¿½ï¿½ï¿½ï¿½ï¿½ï¿½ï¿½ï¿½ï¿½ï¿½ï¿½ï¿½ï¿½ï¿½ï¿½ï¿½ï¿½ï¿½ï¿½ï¿½ï¿½ï¿½ï¿½ï,4,0,Positif
1554,"semua nya aja di suruh bayar, minimal untuk memasuk kan audio jangan berbayar lah kikir bgt",1,-2,Negatif
1555,sangat bagus,5,1,Positif
1556,mohon kecilkan dikit gb naya,5,0,Positif
1557,gajelas banget +ngelag,1,0,Negatif
1558,ini bagus bngt KLO aku ngedit,5,1,Positif
1559,bagusï¿½ï,5,1,Positif
1560,capcut sangat bagus sekali bisa mengedit fidio,5,1,Positif
1561,gua alergi capcut,1,0,Negatif
1562,bagus,5,1,Positif
1563,"BAGUS banget Saya Bisa Buat JJ, Dan Pakai Tamplate Yang Lain Very perfectï¿½ï¿½ï",5,1,Positif
1564,"saat mau login lag Bgt!, mana harus nunggu buat download ulang",1,-1,Negatif
1565,makasih,5,0,Positif
1566,"dia kenapa ya kalau di pakai gk ada suaranya padahal awalnya ada kemarin , og tadi gak ada tolong di perbaiki lgi ,pdhl juga sudah di update tpj masih tetep aja",1,0,Negatif
1567,"bagus si , cuma kadang kalo edit jj suara nya delay sama video nya ï¿½ï¿½ï¿½ï¿½ï¿½ï¿½ï¿½ï¿",4,1,Positif
1568,bagusssï¿½ï,5,0,Positif
1569,"bagus buat ngedit, tapi kenapa sekarang berbayar smua ya? masa sering exspor tiba tiba di suruh bayar karna kesempatan habis",4,0,Positif
1570,saya suka dengan aplikasi ini karna bisa mengedit foto atau video lagu nya juga banyak,5,0,Positif
1571,"Tolong kembalikan model AI di CapCut seperti sebelumnya. Model yang baru ini memang sangat bagus karena bisa lip sync, tapi tolong jangan hilangkan model yang sebelumnya. Tolong jadikan model yang baru ini untuk melengkapi model yang sebelumnya, bukan menggantikan model yang sebelumnya. Model yang baru ini membuat semua proyek yang aku buat di model sebelumnya jadi hilang semua. Kalau bisa tolong sediakan kedua model AI itu di CapCut. Jangan hilangkan salah satunya.",5,1,Positif
1572,bagus,5,1,Positif
1573,baik bisa bikin konten aku rame,5,0,Positif
1574,sangat bagus untuk membuat vidio atau edit yang bagus,5,2,Positif
1575,bagus.,3,1,Positif
1576,bagus,4,1,Positif
1577,meuni loba pisan iklan rudet,3,-1,Negatif
1578,"Tolong Bytedance Pte.Ltdï¿½ï¿½ï¿½ï¿½ï¿½ï¿½ï¿½ï¿½ï¿½ï¿½ï¿½ï¿½ï¿½ï¿½ï¿½ï¿½ï¿½ï¿½ï¿½ï¿½ï¿½ï¿½ï¿½ï¿½ï¿½ï¿½ï¿½ï¿½ï¿½ï¿½ï¿½ï¿½ï¿½ï¿½ï¿½ï¿½ï¿½ï¿½ï¿½ï¿½ï¿½ï¿½ï¿½ï¿½ï¿½ï¿½ï¿½ï¿½ï¿½ï¿½ï¿½ï¿½ï¿½ï¿½ï¿½ï¿½ï¿½ï¿½ï¿½ï¿½ï¿½ï¿½ï¿½ï¿½ï¿½ï¿½ï¿½ï¿½ï¿½ï¿½ï¿½ï¿½ï¿½ï¿½ï¿½ï¿½ï¿½ï¿½ï¿½ï¿½ï¿½ï¿½ï¿½ï¿½ï¿½ï¿½ï¿½ï¿½ï¿½ï¿½ï¿½ï¿½ï¿½ï¿½ï¿½ï¿½ï¿½ï¿½ï¿½ï¿½ï¿½ï¿½ï¿½ï¿½ï¿½ï¿½ï¿½ï¿½ï¿½ï¿½ï¿½ï¿½ï¿½ï¿½ï¿½ï¿½ï¿½ï¿½ï¿½ï¿½ï¿½ï¿½ï¿½ï¿½ï¿½ï¿½ï¿½ï¿½ï¿½ï¿",5,-2,Positif
1579,aplikasi ini sangat bagus tapi ada yang kurang masa harus berlangganan di situ guaa kira bohong,3,1,Positif
1580,aplikasi ini bagus karena dia memberi fitur pengeditan yang mudah tapi masalah nya banyak fitur berbayar,5,1,Positif
1581,gak bisa ber kata apa apa deh,5,0,Positif
1582,bagussssss,5,0,Positif
1583,good ï¿½ï,5,0,Positif
1584,"Kenapa saat posting template, materi videonya sering hilang setelah di upload??, cuma blank hitam doang..",5,0,Positif
1585,Bagus banget aplikasi nya,5,1,Positif
1586,gjls mau masok akun google ga ada toll,1,0,Negatif
1587,apk nya bagus sekaliï¿½ï¿½ï¿½ï¿½ï¿½ï,5,1,Positif
1588,apknya bagus bangettt,5,1,Positif
1589,"tolong di perbaiki temlat capcut ya gak muncul""beberapa kali download capcut biar temlat ya ada tolong di perbaiki",3,0,Netral
1590,aku suka banget sama capcut aku kasih bintang 5 karena itu ia cantik,5,0,Positif
1591,bagus,5,1,Positif
1592,bagus,5,1,Positif
1593,"gila kau deplover,iklan lah bole,tapi iklan judo kau bikinkan iklan mu,gila kau,tahu tak kau berapa banyak keluarga yang hancur karena judi, tolol kecewa sama apk ini",1,-4,Negatif
1594,Bagus sekali apk nya bikin seneng,5,1,Positif
1595,"jelekkkkkkk, udah langgangan pro padahal",1,0,Negatif
1596,aplikasi nya sangat membantu sekali,4,1,Positif
1597,capcut bagus ko,5,1,Positif
1598,edit ai cowok ganteng gak bisa saya lakukan untuk bikin foto jadi ganteng,5,0,Positif
1599,Aplikasi kikir ke dua setelah Spotify kontolll,1,-1,Negatif
1600,bagusï¿½ï¿½ï¿,5,1,Positif
1601,saya sudah tidak berlangganan malah tetep kepotong dan saya minta refund tidak di respon,1,0,Negatif
1602,yeah,5,0,Positif
1603,developer kikir,1,-1,Negatif
1604,enak capcut yang dulu tanpa di bayar,1,0,Negatif
1605,susah untuk mendownload nya dan kalau di donwload pasti gak bsa,4,0,Positif
1606,It makes it easy for me to edit videos.,5,0,Positif
1607,menyerukan sekali,5,0,Positif
1608,bagus,5,1,Positif
1609,"Saya tidak bermaksud memperpanjang langganan ini dan tidak menyadari bahwa masa uji coba akan otomatis diperpanjang menjadi berbayar. Saya tidak menggunakan layanan tersebut setelah masa trial berakhir. Oleh karena itu, saya memohon kebijaksanaan nya untuk meninjau kembali transaksi ini dan mengembalikan dana yang telah terpotong.",2,-1,Negatif
1610,"aplikasi bagus tapi kebanyakan pro trs klo buat ngedit kadang ngeleg aplikasi nya, apalagi pas ekspor video yang durasinya lumayan panjang pasti lamaaaaaaa banget 1-2 jam ada lah",3,1,Positif
1611,bagus tapi kalo foto ya dihapus pasti foto yang ditemplet ya jadi hitam,3,1,Positif
1612,gatau deh mau bilng apaï¿½ï¿½ï¿½ï,2,0,Negatif
1613,"hai cap cut, saya sangat kecewa dengan apalikasi ini karena semua fitur di kenakan tarif yg tidak wajar",1,-1,Negatif
1614,bagus aja sih JJ nya,5,1,Positif
1615,sekarang capcut trlalu bnyak dikitï¿½ï¿½ï¿,3,0,Netral
1616,saya dikira liat cewe!! padahal engga nyawit kamu ini,1,0,Negatif
1617,"kak , ini kenapa ya pas mau install ini kok tiba tiba bilang penyimpanan anda penuh padahal penyimpanan aku cuman foto aja ih terus pas tak instal lagi eh malahan gak bisa lagi , mending diturunin kek Napa tuh MB nya ï¿½ï¿½ï¿",1,0,Negatif
1618,suka macet pas di instal jadi dihapus dan masuk nya gak bisa,1,0,Negatif
1619,aplikasi kikir,1,-1,Negatif
1620,"ga tau privasi, foto yang kita edit bisa di gunakan capcut sepuas dia termasuk di bikin ai",1,0,Negatif
1621,banyak yang standar jadi tidak bisa di edit,1,0,Negatif
1622,bagus,5,1,Positif
1623,aplikasi kapital semua apa apa harus bayar anjingggg,1,0,Negatif
1624,Update terus,2,0,Negatif
1625,good,5,0,Positif
1626,pas Update bagus bangetï¿½ï¿½ï¿,5,1,Positif
1627,aku suka banget dengan aplikasi ini,5,0,Positif
1628,hampir sempurna tapi rata rata harus bayarr,4,0,Positif
1629,cakep tapoblebih dong jjjj nyA,5,0,Positif
1630,apl nya cukup bagus cuma bakar kouta doang siih mines nyaaa terimakasih,3,1,Positif
1631,ok,5,1,Positif
1632,saya tidak dapat login,1,0,Negatif
1633,"aplikasi mmm3k gajelas,dulu semuanya free, sekarang udah berbayar semuanya berbayar terus ekspor buriq,jj kaku, bintang ulasan udah 3,7 mikir su ,perbaiki kalo ngga bakal anjlok",1,-2,Negatif
1634,jelek,2,-1,Negatif
1635,MTA,5,0,Positif
1636,banyak berbayar,3,-1,Negatif
1637,"kikir, kebelet haji",1,-1,Negatif
1638,BAGUSSS SUKAKKKKï¿½ï¿½ï¿½ï¿½ï¿½ï¿½ï¿½ï¿½ï¿½ï¿½ï¿½ï¿½ï¿½ï¿½ï¿½ï¿½ï¿½ï¿½ï¿½ï¿½ï¿½ï¿½ï¿½ï¿½ï¿½ï¿½ï¿½ï¿½ï,5,0,Positif
1639,"bug udah ku instal tapi gak bisa ku buka ,sekali nya bisa tiba-tiba keluar sendiri",1,-1,Negatif
1640,"maaf ini kenapa capcut sekarang banyak fornonya ya, tolong ini pihak capcup",5,0,Positif
1641,bagus sekali bisa edit gambar dan video cuma sayangnya mahal padahal dulu gratis,5,0,Positif
1642,tolong lah kurangi iklan atau pembayaran dan perbaikan aplikasi kalian biar gk ngelek saat ngasi irama pada musik. lu buat aplikasi ngedit atau mau rampok heran punya developer kaya kalian,2,-2,Negatif
1643,omg byutipul amazing ini yg papa cari selama ini papa mau 5,5,0,Positif
1644,banyak iklan nya,4,-1,Positif
1645,tth/AA mohon maaf yah pengen Naya doang inih ko pas di instal nyah lama banget sampe sejam?,1,0,Negatif
1646,"bagus banget sih kualitas nya, aku tanpa capcut ga bakal bisa ngedit sihh, jujurr sukakkï¿½ï¿½ï¿",5,1,Positif
1647,keren dan sangat menghibur,5,1,Positif
1648,okeh,5,0,Positif
1649,"banyak bug, banyak yg berbayar. kikir mau naik haji, baru aja kejadian td, lagi ngedit tugas sekolah, udah nge ekspor setengah jam/sejam, pas udah jadi, di cari di galeri gaada, kosong. nyesek bgt sih, menuh2in memo doang, tapi hasil raib. pls capcut balikin video gw.. padahal terakhir di kumpulin besok bgt loh? ï¿½ï",1,-3,Negatif
1650,banyak yg berbayar dan adegan dewasanya,1,-1,Negatif
1651,"capcut sekarang jadi tempat edit vidio pornografi,yg geser"" green screen terus kalo lagi scroll buat nyari template vidio kyk gituan muncul mulu, tolonglah di hapus kyk gituan gak baik,ini aplikasi buat edit seperti tugas,kerja,d.l.l,",1,0,Negatif
1652,ya saya sangat senang dengan aplikasi ini,5,0,Positif
1653,aplikasi ini membantu dalam mengedit,5,1,Positif
1654,tolong perbaiki sistem nya agar tidak kembali sendiri,1,0,Negatif
1655,isinya pekob semua,1,0,Negatif
1656,ok,5,1,Positif
1657,"Ini udah bagus, tpi fitur' nya banyak yg hrus bayar jadi nggak memudahkan pengguna, juga klo pke template udh msukin fto video nya lambat lagunya aja yg cepet, klo di ekspor juga lama banget, template nya tolong yang lebih banyak., yang lebih keren., yang lebih kane (asik)., yang lebih JJ nya tuu nge-JJ banget, Jadi TOLONG diperbaiki semua.. lebih BANYAKIN fitur GRATISNYA daripada YG BERBAYAR NYA, bakal lebih memudahkan pengguna biasa, sakubers, dll.. Terimakasih.. ï¿½ï¿½ï¿½ï¿½ï¿½ï¿½ï¿½ï¿½",4,1,Positif
1658,knp saya tidak bsa mendowlod nya?,1,0,Negatif
1659,tolong perbaiki bug saat di putar gambar tiba tiba buram,3,-1,Negatif
1660,sangat berguna,5,0,Positif
1661,terlalu banyak bug yang mempersulit pengeditan dan pengalaman pengguna,2,-1,Negatif
1662,"kenapa saya kasih rate 1 karena pas saya bikin video entah apa tiba-tiba keluar sendiri entah kena apa gitu template nya bagus"" tapi pas pertama kali masuk apk nya keluar sendiri sampai ku paksa dikit ternyata tidak menganggapi nya karena ini penting banget gitu dan. itu masalah nya segitu aja assalamualaikum warahmatullahi wabarakatuh...",1,1,Positif
1663,ngebug kaga jelas maksa banget buat premium,2,-1,Negatif
1664,Sangat bagus,5,1,Positif
1665,suka banget,5,0,Positif
1666,w gbisa batalin langganan,1,0,Negatif
1667,"holy grammar...and yapp ik..If this opinion is incomplete, and I understand it, I apologize profusely. pertamaï¿½ï¿½ï¿½ï¿½ï¿½ï¿½ï¿½ï¿½ï¿½ï¿½ï¿½ï¿½ï¿½ï¿½ï¿½ï¿½ï¿½ï¿½ï¿½ï¿½ï¿½ï¿½ï¿½ï¿½ï¿½ï¿½ï¿½ï¿½ï¿½ï¿½ï¿½ï¿½ï¿½ï¿½ï¿½ï¿½ï¿½ï¿½ï¿½ï¿½ï¿½ï¿½ï¿½ï¿½ï¿½ï¿½ï¿½ï¿½ï¿½ï¿½ï¿½ï¿½ï¿½ï¿½saya eem.. mungkin banyak orang yang sudah terganggu karna banyaknya fitur yang dipremiunkan ya..dan saya sedikit risih,kasian dan juga rasa terganggu,saya tau ini demi kebaikan admin/dev apk ini,cuman ya menurut saya fitur prem",4,-4,Positif
1668,"udah ga ngerti lagi dulu apk ini bagus trus mudah di gunakan sekarang makin sini makin jelek banget gak guna , sengaja gw kasih bntang 5 biar pada tau",5,1,Positif
1669,mkin ksni mkin lelet.,1,0,Negatif
1670,aplikasi kikir sekarang apa apa bayar gak kek dulu lagi,1,-1,Negatif
1671,gabisa dibuka kampan,1,0,Negatif
1672,maaf saya kasih bintang 1 karena saya kecewa saat saya bikin aku Roblox tiba tiba pas ingin ekspor malah kena tagihan saya GK tau terus saya ganti dan tetep GK bisa pdhl itu bikinnya 2 jam lebih jadi tolong perbaiki,1,-2,Negatif
1673,saya benci capcut,5,0,Positif
1674,kenapa saya tidak bisa batalkan langganan pro di capcut?,1,0,Negatif
1675,"BAN TEMPLATE YG ISI BOKEP LAH DEVELOPER, INI GANGGU SEMUA PENGGUNA CAPCUT, MOHON KERJA SAMANYA INI DEMI KENYAMANAN SEMUA PENGGUNA CAPCUT",1,0,Negatif
1676,gacor banget deh wajib di download,5,0,Positif
1677,sukaaaaa banget bisa buat ngedit gk perlu beli yang pro juga gk,5,0,Positif
1678,aplikasi kikir,1,-1,Negatif
1679,suka tiba tiba ilang sama ï¿½ï¿½ï¿½ï¿½ï¿½ï¿½ï¿½,1,0,Negatif
1680,bgusss dan bisa juga untuk meedit vt,5,0,Positif
1681,sangat bagus buat edit gampang,5,2,Positif
1682,tidak bisa di ekspor padahal baru aja update huuuuh sebel,2,0,Negatif
1683,"capcut sekarang makin aneh, bug nya semakin menjadi jadi saat mencari template di pencaharian tiba tiba langsung kembali ke halaman utama pdhl saya masih mau menelusuri, terus iklan nya semakin banyak",1,-2,Negatif
1684,mantap,5,1,Positif
1685,"enk gmpang ngditnya,minesnya ska ngeleg",4,0,Positif
1686,"aku ksh bintang 4 karna pas aku masuk ke apk nya kadang nge lag+lama bgtt keluar jj nya trs suka keliar sendiri, tapi aku ttp sukaaa pke ini selalu buat ngedit walau kebanyakan bayarrr",4,-1,Positif
1687,recommended kereeen,5,0,Positif
1688,bagus,5,1,Positif
1689,klo berasil,5,0,Positif
1690,aplikasi rusak,1,0,Negatif
1691,bagus aplikasi ny saya kalo lagi cari template gk ada tuh iklan jadi saya kasih rating 5!,5,0,Positif
1692,capcut saya eror sudah di ekspor masuk ke galeri tapi video tidak dapat di putar tolong dari pihak capcut tolong atasi ini,1,0,Negatif
1693,terlalu bnyk iklan,5,-1,Positif
1694,"Mengecewakan. Hasil video tidak pernah benar sampai kredit habis. Kesalahan berulang2. Jelas2 video ditulis cartoon 3d, hasil video bukan cartoon. Kadang cerita sudah dibuat, hasilnya tidak sesuai. Bagusan versi lama. sesuai yg kita minta, tidak pernah salah.",1,0,Negatif
1695,aplikasinya sangat tidak berguna ï¿½ï,5,0,Positif
1696,bagus,5,1,Positif
1697,aplikasi ini sangat bagus,5,1,Positif
1698,bagus berguna buat ngedit ngedit,5,1,Positif
1699,mantap,1,1,Positif
1700,jujur sih ini mah suka banget soal nya bisa di edit kalau mau bikin video jadi gak burem and lag jujur aku kasih bintamg 5 si,5,-1,Positif
1701,"apk no 1 si ini, soalny kl tnpa apk ini hampa bgt",5,0,Positif
1702,nth knpa selalu ada masalah semisal kayak harus update gitu,2,0,Negatif
1703,sy kasih bintang 4 karena fitur nya sudah Bagus tapi tolong perbaiki lagi hilangkan iklannya dan harus gratis jangan perbayar baru bisa gunakan template,4,1,Positif
1704,Hay capcut kamu sangat berguna bagi ku ini aku reating 5/100 deh buat,5,0,Positif
1705,menurut saya aplikasi udah bagus banget tapi banyak juga yg berbayar kalo mau ngedit tapi apk udah bagus kok,4,1,Positif
1706,bagusss bangettt aplikasiiii nyaaaa makasihhhh yanggg udahhh buattt aplikasiii iniii,5,0,Positif
1707,dikit dikit bayar dikit dikit bayar gini dah kalok rame bayar semua,1,0,Negatif
1708,bagus tapi ngelag dan kebanyakan pro pdhal sebelumnya ga banyak fitur yg pro. but it's okay,5,1,Positif
1709,Aku kok kalo donlod capcut kok lemot,5,-1,Positif
1710,"iwdihhh sekarang semua jd berbayar cuih dulu aja gratis kok enak mau edit hapus kebisingan, transkrip teks, setabilkan dll duh cari duit gini amat y yaudah deh gpp",1,-1,Negatif
1711,"apk nya bagus, bisa buat ngeditï¿½ï",5,1,Positif
1712,template nya ngebug saat mau dipakai,2,0,Negatif
1713,"Aplikasi kikir, hoek cuh",1,-1,Negatif
1714,bagus baet,5,1,Positif
1715,kk kenapa kalau aku Nge download GK bisa padahal Ig tiktok dll udah dihapus tapi tetep GK bisa,1,0,Negatif
1716,gampang ngedit,5,1,Positif
1717,kakk pliss dongg diperbarui agar tidak semuanya pro masa hrs berbayar? hrs pro?,3,-1,Negatif
1718,sangat luar biasa bisa membuat video yang sesuai pikiran,5,0,Positif
1719,"assalamualaikum semuanyaaaaaa ygg mww tauu ngeditnya pkee apaa?akuu saraninn pkee inii yaa karnaaa disiniii semuanyaa adaa, klooo untuk ngeditt msihh betterr, oh iyaaa capcut aku saranin aplikasinyaa jangan banyak pro-nya dong jadi kan kalau misalnya mau ngedit ada yang terbatas, itu aja sih saran dari aku untuk yang mau download capcut sama capcut nya, terima kasih yaa sudah mau membacaa, assalamualaikum warahmatullahi wabarakatuh ï¿½ï",4,0,Positif
1720,"tolong pihak capcut, kenapa saya gabisa buka aplikasinya ya? padahal selama ini aku pake juga bisa bisa aja, udah ku restart hpku, udah ku coba hapus trus download lagi masih gabisa, device ku masih bagus loh kok gabisa, mohon pihak capcut untuk membalas, terimakasihï¿½ï",1,1,Positif
1721,aplikasi ini bisa menjejekan apa saja dan kenapa saya tidak bisa mendonlot,5,0,Positif
1722,min kenapa aplikasi nya gak bisa di install di hp saya,1,0,Negatif
1723,bgus co,5,0,Positif
1724,"kenapa sih setiap aku download apk ini tuh selalu ga bisa? kaya, udah ke download tapi pas mau di buka suka kembali lagi, gitu aja trus, sumpah aku udah ganti hp 2kali tapi masih gitu terus, aneh banget jujur. kaya ini tuh kenapa sih anjir?",1,0,Negatif
1725,"saya download tidak bisa saya coba berkali"" tetep tidak bisa,padahal saya sudah hapus semua game saya tapi tetep aja ngga bisa saya kecewa banget",2,-1,Negatif
1726,ýýýýýýýý,5,0,Positif
1727,ýýýýýýýýýýs,5,0,Positif
1728,Saya minta perbarui capcut ini karena ada kesalahan di capcut ini setelah menambahi akun saat ingin membuat konten di capcut harus berbayar 1500.00 perbulan Saya minta digratisin tidak ada pembayaran sama sekali Saya maunya seperti itu oh iya kalau editan Al baru bayaran jangan sampai salah baca,5,-1,Positif
1729,"sangattt bagusss, minuss nyaa banyakk pro",4,0,Positif
1730,butut gabisa di donwlod,2,0,Negatif
1731,menu Reverse selalu bikin aplikasi berhenti. kecewa udah beli premium. hp juga ikut crez,1,-2,Negatif
1732,banyak pro nya,4,0,Positif
1733,"Woi, kok pas gw edit video terus milih sound kok tiba tiba loading parah, gak bisa di apa apain, aku nunggu 1 jam, kesel bet sama ni capcutï¿½ï¿½ï¿½ï¿½",1,-1,Negatif
1734,sukaa baguss bangettt,5,0,Positif
1735,tidak bisa menginstal aplikasi capcut,1,0,Negatif
1736,aplikasi yang mudah,5,1,Positif
1737,karna baik,5,0,Positif
1738,kecewa banget jirr yg di cari apa yg klr apa gj bet,1,-1,Negatif
1739,sangat menggangu aku yang lagi main kakak aku mau download ini terus abis itu aku matiï¿½ï¿½ï¿½ï¿½ï¿½ï¿½ï¿½ï¿½ï¿½ï¿½ï¿,1,0,Negatif
1740,kadang suka ngebug sendiri kenapa yaï¿½ï¿½ï¿½ï¿½ï¿½ï¿½ï¿½ï¿½ï¿½ï¿½ï¿½ï¿½ï¿½ï¿½ï¿½ï¿½ï,4,0,Positif
1741,"apasih apknya banyak 18+ nya ga baik bgt mana ga sekali doang lagi lewat beranda ni apk lama"" rusak kyknya perbaikin napa risih tau",1,0,Negatif
1742,BAGUSS SYUKAKK DEHH,5,0,Positif
1743,"jelek template lainnya standar dan premium, harus bayar semuanya.",1,-2,Negatif
1744,okee,4,0,Positif
1745,bagus bgt,5,1,Positif
1746,ýýýýýýýýýýýýýýý,5,0,Positif
1747,karena susah bikin kesel,1,0,Negatif
1748,aplikasi ini tidak bisa di buka,1,0,Negatif
1749,saya kasi bintang 1 karna afk ini ngeleg di saya.setiap saya mau edit selalu kembali ke beranda,1,0,Negatif
1750,seru aja,5,1,Positif
1751,apk erorï¿½ï,1,0,Negatif
1752,bgss bgtt apk nyah,5,0,Positif
1753,dulu cap cut sekarang Cang cut masa harus pro semua KEBELET HAJI KAH????,4,0,Positif
1754,bagus buat edit,5,1,Positif
1755,"game nya ga bisa Mabar yaq, game kikir emng",1,-1,Negatif
1756,jujur bagus banget tp kadang suka ada iklan,5,0,Positif
1757,sangat berguna buat mengedit foto vidio yang kita inginkan,5,0,Positif
1758,Bagus banget jadi kita bisa ngedit dan lain lain,3,1,Positif
1759,keren,5,1,Positif
1760,kenapa capcut ini gak bisaaa di liat lagi,5,0,Positif
1761,mhon vidio nya yang asyik kk hehe,5,0,Positif
1762,download lama bet aku ngk suka ï¿½ï¿½ï¿½ï¿½,1,0,Negatif
1763,"kebanyakan bug, cepet"" perbaikin lah",1,-1,Negatif
1764,"adeh... makin kesini makin jelek, bukannya makin bagus, padahal udah pro tapi setiap kali mau menambahkan musik, overlay atau apapun itu kadang kembali sendiri",1,0,Negatif
1765,stupid application,1,0,Negatif
1766,bgs cmn mohon di hilangkan tulisan capcut nya,3,0,Netral
1767,cocok banget buat aku yang ngedit sehari hari,5,0,Positif
1768,kak tolong capcutnya aga dapat cepat untuk di instal ya,5,0,Positif
1769,sangat ngelag dan banyak iklan,3,-1,Negatif
1770,bagus,5,1,Positif
1771,Ni apk bagus beut buat ngedit ï¿½ï¿½ï¿½ï¿½ï¿½ï,5,1,Positif
1772,hasil editan nya sangat memuaskan,4,0,Positif
1773,saya seru dengan vidio ini,1,1,Positif
1774,"pls dah gw udah susah susah buat tugas untuk dikumpul eh dat pas ekspor malah disuruh bayar.. pls dah buatin gratis lagi woii mana gw punya banyak tugas lagi.... kalau premium nya dikurangin aja gw dah seneng, pls yah kurangin aja premium nya agar gw bisa buat video tugas untuk dikirim ke guru gw, agar beres lah ini cok ekspor aja malah dibayar hadeh susah banget dah.. kalau dah diperbaiki gw tambahin bintang nya...",1,-2,Negatif
1775,tapi agak ngelek dan lama,5,-1,Positif
1776,ini sangat bagus tavi ini agak ava ya agak anuk itu loh ava ya tavi ini sangat bagus kok,5,2,Positif
1777,"saya suka aplikasinya dari duluï¿½ï¿½ï¿½ï¿½ï¿½ï¿½ï¿½ï¿½ï¿½ï¿½ï¿½ï¿½ï¿½ï¿½ï¿½ï¿½ï¿½ï¿½ï¿½ï¿½ï¿½ï¿½ï¿½ï¿½ï¿½ï¿½ï¿½ï¿½ï¿½ï¿½ï¿½ï¿½ï¿½ï¿½ï¿½ï¿½ï¿½ï¿½ï¿½ï¿½ï¿½ï¿½ï¿½ï¿½ï¿½ï¿½ï¿½ï¿½ï¿½ï¿½ï¿½ï¿½ï¿½ï¿½ï¿½ï¿½ï¿½ï¿½",3,0,Netral
1778,kok gak bisa di download ya?,1,0,Negatif
1779,bagus banget buat ngedit tapi harus pro kayak mau naik haji banget,4,1,Positif
1780,hai cangcut ini apk bgs kok TPI aga kikir aja,1,-1,Negatif
1781,bagus,5,1,Positif
1782,bagus,5,1,Positif
1783,"aplikasinya memang bagus si,jadi aku kasih bintang 5",4,1,Positif
1784,capcut ini enak banget di gunakan apalagi pas bikin jedag jedug behh mantap,5,1,Positif
1785,"APLIKASI SAMPAH!!, MASA GW TINGGU EKSPOR TEMPLATE MENTOK 30% PADAHAL SINYAL WI-FI GW BAGUS GW NUNGGUIN SAMPAI 1 JAM MASIH AJA MENTOK 30%, GW UDAH GANTI KE KOUTA TAPI TETAP AJA SAMA, GW SARANIN JANGAN DOWNLOAD INI APLIKASI.",1,1,Positif
1786,"capcut kikir, kebelet haji, semuanya aja tuh bayar sampe apk nya sekalian, mentang mentang bnyk yg make, eh cut, gw make pas lu masih merintis dri 0 ya wktu semuanya msih gratis, mana kualitasnya sm aja kyk dulu tapi emg fiturnya skrg bnyk",1,-1,Negatif
1787,apk ny bagus cuman template ny sering ngeleg tlng di perbaiki itu aja kok,5,1,Positif
1788,aku mau mendownload capcut,5,0,Positif
1789,bagus bangett,5,1,Positif
1790,kak tolong jangan di kasih sepongsor dong,1,0,Negatif
1791,gabisa di downnload,3,0,Netral
1792,MANTAP JOSZ JISZ SAM,5,1,Positif
1793,aneh gagal login mulu,2,0,Negatif
1794,Kebanyakan iklannnnnnn yg sangatt mengganggu !!!!!!,1,0,Negatif
1795,apk keren,5,1,Positif
1796,bagus aplk nya trs gaperlu edit edit lagi tinggal pake templateï¿½ï¿½ï¿½ï¿½ï¿½ï¿½ï¿½ï¿½ï¿½ï¿½,5,1,Positif
1797,aplikasinya kalau bikin teks terus pencet tanda centang malah lama banget benerin dong,1,0,Negatif
1798,ini sangat bngtt bagus yhh menurut saya,5,1,Positif
1799,kan udh mendownload tapi gak bisa dibukaaaa gimana sih yang bikin ï¿½ï¿½ï¿,1,0,Negatif
1800,jelek semenjak pembaruan auto lyrics di capcut di hilangkan harus ke mode premium atau pro dulu ngga kaya dulu apa apa bayar sekarang,1,-2,Negatif
1801,aplikasi kikir ini minal bug nya di perbaikin anji,1,-2,Negatif
1802,Saya download/menginstal aplikasi ulang tapi tidak bisa,5,0,Positif
1803,makin lama makin jelek,1,-1,Negatif
1804,kk mau mintah ram yah di rendakan dikit sangat payah,3,0,Netral
1805,Terimakasih telah kalian pendaki 1menit yang lalu sekarang bisa download lewat kauta Telkomsel terimakasih atas segala-galanya,5,0,Positif
1806,tolong perbaiki aku isntal tapi GK ada tolong yah,3,0,Netral
1807,kurangin mb nya boleh gk di aku gk bisa di buka,5,0,Positif
1808,bagusss bangettt jadi sukaaaa dehhhhhhh,5,0,Positif
1809,er0r g bisa dibuka,1,0,Negatif
1810,"bagus untuk mengedit video/foto,kk sy sangat senang saat memakai ini",5,1,Positif
1811,ada iklan yg bikin ngleg,2,-1,Negatif
1812,bagus banget kalo mau ngedit vidio jadi bagus ï¿½ï¿½ï¿½ï¿½,5,2,Positif
1813,bisa dibuat template tapi,5,0,Positif
1814,aplikasi nya ga bisa di instal,1,0,Negatif
1815,sekarang edit nya bagus tapi download nya agak susah,5,1,Positif
1816,bagus untuk mengedit dan sangat bermanfaat,5,1,Positif
1817,ok,5,1,Positif
1818,aplikasi ini sangat bagus,5,1,Positif
1819,"ko bayar sekarang ,otomatis ambil saldo di dana",5,0,Positif
1820,udah dibayar kog gak bisa di export. nyuruh bayar lagiiii ...,1,0,Negatif
1821,iklannya susah di stoppin,1,0,Negatif
1822,saya lebih suka capcut yg dulu dan capcut yg sekarang susah banget buat di download udh itu aja,2,0,Negatif
1823,tolong mohon konpirmasikan pengembalian dana sy mohon,1,0,Negatif
1824,iya,5,0,Positif
1825,aplikasi terbaik yang pernah aku aken dasar kikir,1,-1,Negatif
1826,aplikasi nya bagus saya mengedit dengan lancar,5,2,Positif
1827,"jelek, kaku",1,-1,Negatif
1828,aplikasi pelit saya sudah cape cape edit malah disuruh bayar cuman gara gara ekstrak suara saya ini tidak punya uang dan fitur yang biasa aja harus bayar dasar haus uang,1,0,Negatif
1829,"aplikasi ini Bagus ada template nya dan Aplikasi ini juga Lengkap, Tetapi Saya sudah Mendownload Aplikasi Ini Langsung Di Play store Tetapi kenapa Masih muncul Peringatan (Download Di APK resmi) padahal Saya sudah download di play store Tolong perbaiki Bug ini yaa... ï¿½ï",4,0,Positif
1830,saat mengekspor terjadi kesalahan truss,2,0,Negatif
1831,Aplikasi ny lumayan lah tapi kadang sering ngeleg ih g sukaaa,4,0,Positif
1832,kecilin mb nya napa,3,0,Netral
1833,apk nya udah bagus tapi tolong kecilkan MB nya aja,1,1,Positif
1834,hm capcut ini cukup baik tpi biasanya iklan ny dan suaranya biasanya putus putus,5,-1,Positif
1835,uang saya di ambil di apk gpy tidak ada persetujuan dari pihak capcut nya bahwa akan membayar ke versi premium. korupsi uang saya.,1,-1,Negatif
1836,"lah kocak ini capcut kenapa si kebanyakan fitur standar,bahkan extrak video pun standart...gua gak pake fitur extrak video loh tapi knpa di penjelasannya gua pake fitur extrak video trus disuruh langganan,gak jelas lama lama ni apk..kalo gitumah gua mau ganti AM AE cuk.",1,0,Negatif
1837,capcut nyaa harus bayar,1,0,Negatif
1838,bagusss,5,0,Positif
1839,"Sebenarnya saya sudah sangat suka pengeditan dengan CapCut tapi kenapa dari kemarin tiba-tiba tiap kali edit vidio AI tidak bisa maksudnya video AI yang kemarin2 saya edit tetap ""nempel"" dipengeditan dan akhirnya saya tidak bisa mengedit video Ai yang baru... ""Tolong cepat bantu saya Tim CapCut saya sudah langganan CapCutnya sudah lama, saya sudah terlanjur suka pengeditan dengan CapCut..."" TOLONG""...",4,0,Positif
1840,"Boss, sekarang fitur overlay dan nambahin poto atau video waktu ngedit lagi ngga berfungsi ya?",4,0,Positif
1841,capcut gx jelas bangt ya sekrang tiap mau edit poto vidio kbnykan gx bisa cuman bisa paling 1x itu pun mesti keliling cari2 duluï¿½ï¿½ï¿½ï¿½ï¿½ï¿,2,0,Negatif
1842,"bagus sih, tapi mb nya terlalu besar",5,1,Positif
1843,sayang nya ad pero saya sering eror,5,0,Positif
1844,soalnya bagus capcut banyak jj epep jugak pokoknya banyak yang bagus,5,2,Positif
1845,sekarang banyak vidio vidio seksual,3,0,Netral
1846,untuk menyambungkan video selalu macet. tolong perbaiki,1,0,Negatif
1847,"kalau bisa jangan semua berbayar ya, berikan juga buat yg gratis, karna ga semua kita memiliki banyak uang untuk membayarnya setiap kali digunakan",3,-1,Negatif
1848,saya mohon pihak capcut tolong kembalikan dana saya yang di sedot oleh mu semalam sebesar 80 ribu,1,0,Negatif
1849,jelas mantap,3,1,Positif
1850,kikir banget anjiing,1,-1,Negatif
1851,bagus tapi aku saranin ada editan yg lebih waw,5,1,Positif
1852,"sudah bagus,cuman kasihan yang mempunyai capcut masih kecil editnya kebanyakan cwe remaja, atau buka aurat ,kasihan masa depan anak anak melihat video itu",2,1,Positif
1853,ok,5,1,Positif
1854,Aplikasinya jelek banget !!!!!!!!!!!!!!!!!!!!et tapi boong,5,-1,Positif
1855,bnyk yg berbayar terus pas aku kasih musik terus musiknya ku bagi malah hilang suaranya ï¿½ï¿½ï¿½ï¿½ï¿½ï¿½ï¿½ï¿½,1,-1,Negatif
1856,okk baikï¿½ï,5,0,Positif
1857,menurut ku capcut bagus membuat video video ku menjadi keren dan bagus untuk mau membuat video keren seperti capcut,4,4,Positif
1858,saya sangat suka editan nya bagus banget cepet bikin nya pokonya bintang2890876,5,1,Positif
1859,nice,5,0,Positif
1860,bagus sekali untuk ngedit foto atau video,5,1,Positif
1861,maaf ngasih bintang dua soal nya banyak yang susah di pakai efek nya harus pro dulu GK kayak dulu,2,0,Negatif
1862,pikirï¿½ï¿½ï¿½ï¿½,1,0,Negatif
1863,ditak rekomendasi berbayar,1,0,Negatif
1864,karena berbayar,2,-1,Negatif
1865,pas ekspore template ketika udah 40% ngestak terus gagal disuruh ulang,1,0,Negatif
1866,sangat mudah untuk mengedit ï¿½ï¿½,5,1,Positif
1867,"pdhl sinyal bagus tpi nyimpan lama, hasil nya ft nya hitam doang, busettt gak logis",1,1,Positif
1868,"mohon maaf ke developer capcut, sekarang akun saya dah balek lagi...dan sekarang makin improve tapi tolong buka kembali yg pro",4,0,Positif
1869,bagus si bagus cmn y gtu,3,2,Positif
1870,"Hp saya aplikasi nya gk bisa di buka sama sekali... pemberitahuan telah berhenti, dan itu semenjak thn lalu pas di perbarui",1,0,Negatif
1871,editing video mudah,5,1,Positif
1872,bagus,3,1,Positif
1873,capcut emeng debes,5,0,Positif
1874,hampir semua fitur berbayar.,4,-1,Positif
1875,ada sedikit bug,4,-1,Positif
1876,"sudah 2x proyek video saya tersendat-sendat, padahal proses edit belum selesai! Parah!! Malah disuruh pakai versi desktop, lah kan saya gak ada komputer/laptop. Padahal tahun lalu edit di HP terus gak ada masalah. Tolong ya ..saya ini pelanggan Pro sudah tahunan",1,-1,Negatif
1877,mantap,5,1,Positif
1878,"Hallo capcut, kamu sudah bagus.. Tapi kebanyakan berbayar.. ï¿½ï¿½ï¿½ï¿½ï¿½ï¿½ï¿½ï¿½ï¿½ï¿½ï¿½ï¿½ï¿½ï¿½ï¿½ï¿½ï¿½ï¿½ï¿½ï¿½ï¿½ï¿½ï¿",5,0,Positif
1879,bagus,5,1,Positif
1880,apa lah bayar semua co,1,0,Negatif
1881,gabisa di download apk nya cok,3,0,Netral
1882,capcut apa mau lu sih gue harus hapus apa lagi kocak,1,0,Negatif
1883,bagus ï¿½ï,5,1,Positif
1884,"iklannya ngak masuk akal banget sumpah, mau ngedit iklan dulu mau simpan juga iklan, padahal iklannya ngak masuk akal banget loh",2,-2,Negatif
1885,aplikasi ini lama lama makin kikir dulu kaya masih gratis tapi kok sekarang makin berbayar pokoknya aplikasi makin hari malah makin kikir,1,-3,Negatif
1886,bagus tapi iklan nya lumayan banyak,5,0,Positif
1887,aplikasi nya bagus,5,1,Positif
1888,kecewa..dulu paling nyaman pakai capcut sekarang fitur overlay aja gk bisa di gunakan.,3,-1,Negatif
1889,CapCut Aplikasi yg bagus Dan mudah Di pelajari,5,2,Positif
1890,nice,5,0,Positif
1891,Aplikasi kikir tolol,1,-1,Negatif
1892,BAGUSSSSSSSS,5,0,Positif
1893,bagus cuman aga ngelek tapi ini paling gokil,5,0,Positif
1894,masa pengen bikin jad sw gabisa uda luangin waktu banyak banyak buat 3 vidio semuanya malah format file tidak didukung,1,0,Negatif
1895,hmmm untuk aplikasi nya bagus sih cuma gabisa sambungin foto kaya dulu lagi tapi fitur nya okelah templet nya juga bagus bagus dan bisa atur suara oke lah gitu aja,5,4,Positif
1896,UNTUK ADDIM NYA TOLONG MIN DI PERHATIKAN MASA IYA TEMPLATE YANG KITA UPLOAD BISA DI CURI? TOLONG LAH MIN KAMI PARA KREATOR KESAL DENGAN NAMANYA TEMPLATE KAMI DI CURI,1,0,Negatif
1897,update terus bukannya makin berkembang malah makin buruk,1,-1,Negatif
1898,aplikasi kikir!!,1,-1,Negatif
1899,capcut sekarang banyak yang berbayar coba kurangin pronya,1,-1,Negatif
1900,ngelag lagi males gueï¿½ï,1,0,Negatif
1901,Capcut ini bagus dan juga bisa cari Vidio yang aku suka pokoknya capcut ini depes bangettt,5,1,Positif
1902,ini memang berguna,2,0,Negatif
1903,Yaallah Dulu CapCut Nggak Ada Iklan Loh..Sama Nggak Berbayar...,4,-2,Positif
1904,Sangat cocok,5,0,Positif
1905,terlalu Bagus,5,1,Positif
1906,Alus pokonamah,5,0,Positif
1907,love youuu,5,0,Positif
1908,capcut iyeteh aplikasi na meni aluss pisan seteh,5,0,Positif
1909,capcut memang bagus jadi jangan ragu ragu untuk download,5,1,Positif
1910,this is very bad,5,0,Positif
1911,jujur suka banget sama aplikasi ini,5,0,Positif
1912,tolong dong capcut ini kenapa ya sekarang jadi banyak banget templateï¿½ï¿½ï¿½ï¿½ï¿½ï¿½ï¿½ï¿½ï¿½ï¿½ï¿½ï¿½ï¿½ï¿½ï¿½ï¿½ï¿½ï¿½ï¿½ï¿½ï¿½ï¿½ï¿½ï¿½ï¿½ï¿½ï¿½ï¿½ï¿½ï¿½ï¿½ï¿½ï¿½ï¿½ï¿½ï¿½ï¿½ï¿½ï¿½,3,0,Netral
1913,"banyak bug, bug nya bener bener banyak sampe bikin muak apalagi iklannya bejibun tolong diperbaiki buat dev nya biar gk banyak bug, jujur ganggu banget ampe bikin ga mood, NGE STUCK DI LOGO SERING BANGET GITU DIPERBAIKI LAGI YA MASALAH BANYAK BUG JUJUR MENGGANGGU SANGATTT BENCI X",2,-4,Negatif
1914,bgus si cmn klk ngdit vdio/vto sekarang byar punyku jdi jrng ngedit karna byar,4,0,Positif
1915,ini sangat seru dan bisa edit foto,5,1,Positif
1916,oke,5,1,Positif
1917,"apk kikir semua harus pro, gw dah download dari play store pas masuk ke apk di bilang apk ilegal silahkan download dari platform resmi seperti play store",1,-1,Negatif
1918,app nya susah KLO mau bikin jj nggak bisa tolong di perbaiki yaï¿½ï¿½ï¿½ï¿½ï¿½ï¿½ï¿½ï¿½ï¿½ï¿½ï¿½ï¿½ï¿½ï¿½ï¿½ï¿½ï¿½,3,0,Netral
1919,aku suka bangen,5,0,Positif
1920,"aplikasi busuk, Aplikasi edit berkedok Windows 11. Serakah banget konsumsi ramnya",1,0,Negatif
1921,"APK nya bug tolong di benerin, saya sudah donlod di play store tetapi saya disuruh donlod kembali di dalam aplikasi capcutnya",1,-1,Negatif
1922,aplikasi kikir bgt Jagan di pake ya gusy,1,-1,Negatif
1923,"kadang sadar kadang gila yg buat aplikasi capcut ini kemaren sudah senang pakai capcut karna fitur iklan sudah tidak ada lagi, saya kasih bintang 5, eh..pas saya buka mau download video tiba tiba muncul iklan capcut capcut kau makan tu bintang 1",1,-2,Negatif
1924,sayang ada pirus nya,5,0,Positif
1925,bgus,5,0,Positif
1926,aplikasinya bagus,5,1,Positif
1927,bagus tapi donwload ny lama kali,4,1,Positif
1928,bagus aja ï¿½ï,5,1,Positif
1929,apk nya bagus cuman kenapa di menu bar efek suara ada yang kurang ya di menu bar efek suara ada yang nama nya hewan tapi kenapa di aku gaada kak?giliran di video orang ada saya kira belum di update ternyata belum waktunya update,5,1,Positif
1930,STYLE GARED,5,0,Positif
1931,menurut aku sih bagus jadi aku kasih bintang 5,5,1,Positif
1932,"bisa edit foto, vidio estetik",5,1,Positif
1933,"apa apaan ini,dana saya tiba tiba di sedot padahal disitu tertera uji coba gratis selama 7 hari,pas isi dana knapa dana saya di ambil.tolong lah pihak capcut kembalikan duit saya 83k,itu duit buat bayar spp sklh",1,0,Negatif
1934,bagus banget cocok buat video dan hasil nya memuaskan,5,1,Positif
1935,bug woi kocak,1,-1,Negatif
1936,"apk bodoh, udah nonton iklan sampai 1 menit disuruh nonton lagi, katanya belum nonton sampai habis",1,-1,Negatif
1937,"mantep,josjissï¿½ï¿½ï¿½ï¿½ï¿½ï¿½ï¿",5,0,Positif
1938,"min nya sejauh ini udah oke, tp boleh request ga? tolong di bikin fitur seperti canva plisss biar bisa ngedit bareng bareng di hp yang berbeda, biar edit nya cepet selesai kalau gitu.",5,1,Positif
1939,orakenek di download su memori Yo uwes di resik i tidak bisa didownload tulisan ne,2,0,Negatif
1940,kikir harus bayar,1,-1,Negatif
1941,bagus pemakaian puas,5,2,Positif
1942,bagus buat ngeditttt,5,1,Positif
1943,capcut editannya jlk,1,0,Negatif
1944,cangcut inii baguss bangetg,5,0,Positif
1945,tolong pop up di capcut di kompres ya biar ga berat ..,4,0,Positif
1946,bagus sekali tapi,4,1,Positif
1947,bagus banget,5,1,Positif
1948,aplikasi sangat bermanfaat dan bisa menghasilkan uang,5,0,Positif
1949,capcut sangat bagus karena bisa ngedit ngedit video,5,1,Positif
1950,capcut gk jelas edit video 1jam kaga bisa gerak suara sama gambar telat,5,0,Positif
1951,haram gw kagak pake premium dikatain premium anjj emg,1,-2,Negatif
1952,JJ ya bagus,5,1,Positif
1953,yap WOHOO,5,0,Positif
1954,bagus nyo,5,1,Positif
1955,terlalu banyk berbayar nya,1,-1,Negatif
1956,"aplikasi nyaa udhh baguss,tapi kenapaa semuanya haruss pro??,kamuu kebelet haji kah capcut??",2,0,Negatif
1957,bagus,5,1,Positif
1958,capcut udah rusak ya pas saya mau ngedit eh screenshot tan saya gak ada di situ pas saya periksa galeri malah ada udah berulang kali kejadiannya terus menerus seperti itu jadi tolong apk ini lebih di tingkat kan sistem nya,4,0,Positif
1959,"saya beri ini bintang 5 Agar menjadi yg tinggi, karena aplikasi capcut jadi aplikasi bkp karena hama hama yg tinggal di capcut, saya tidak memberi bintang 5 karena bagus, tapi karena aplikasinya tontonan bkp dan tidak layak pakai dan di aplikasi capcut banyak anak kecil yang hanya ingin mengedit hal yang keren, tetapi hama hama capcut berulah",5,2,Positif
1960,saya sangat suka aplikasi ini,5,0,Positif
1961,bagus dan bermampat,2,1,Positif
1962,Alhamdulillah bagus jadi video video aku bagus tapi kalau bikin video sendiri trus ekspor harus bayar,4,2,Positif
1963,ok bangat,5,1,Positif
1964,sangatt baguss bisaa merubahh suatii apaa punn,5,0,Positif
1965,bagus cuman rada nge bug pas ngeditnya,4,0,Positif
1966,baguss bangett pokoknya mah,5,0,Positif
1967,sangat seru bisa membuat template sendiri,5,1,Positif
1968,gak bisa di download lagi cuih,1,0,Negatif
1969,tapi kok gak bisa di instal,5,0,Positif
1970,"aplikasi nya jelek, padahal saya tidak berlangganan tetapi kenapa saya harus membayar di aplikasi in",1,-1,Negatif
1971,bagusss polll tingkatkan lagii yaa,5,0,Positif
1972,kenapa bayar kreditnya mahal cuma bikin 1 fdio durasi 15 detik butuh 23 rb,2,-1,Negatif
1973,lumayan,3,0,Netral
1974,bgus,1,0,Negatif
1975,GOODï¿½ï¿½ï¿½ï¿½ï¿½ï¿½ï¿½ï¿½ï¿½ï¿½ï¿½,5,0,Positif
1976,"bagus, bisa bikin jjï¿½ï¿½ï¿",5,1,Positif
1977,"kasi bintang 5 biar gak banyak iklan, gak pro semua, kembali ky dulu dong di permudah editannya, jgn semua berbayar...",5,-2,Positif
1978,bagus banget aku kasih bintang 5,5,1,Positif
1979,ýýýýýýýýýýýkýýýsýýýýýýýýýýý ýýýýýýgýýýsss,5,0,Positif
1980,bagusssss bwangetttt ngettsssssss ngetssss aplikasi ini bisa mengedit foto kalian agar menarik,5,0,Positif
1981,cuma bisa edit 1 kali sehari,1,0,Negatif
1982,sumpah capcup ini bagus,5,1,Positif
1983,CapCut dulu bagus. kok beda sekarang gak seperti dulu. tolong deh kembalikan seperti dulu ï¿½ï,2,1,Positif
1984,lag parah,3,-2,Negatif
1985,bagus banget pula bisa ngedit kalau bisa ngedit tapi aku kekurangannya tidak mungkin,5,1,Positif
1986,capcut nya sangat bagus dalam mengedit nya. tpi kadang sering ngelek,5,0,Positif
1987,sangat berguna,5,0,Positif
1988,I LIKE ITTT ï¿½ï¿½ï¿½ï¿½ï¿½ï¿½ï¿½ï¿½ï¿½ï¿½ï¿½ï¿½,4,0,Positif
1989,banyakin iklan,1,-1,Negatif
1990,butut,1,0,Negatif
1991,baguss pican,5,0,Positif
1992,"Halo,untuk semuanya udh bagus tapi ada yg saya bikin males yaitu saat memuat efeknya itu lama banget tolong di perbaiki ya",4,1,Positif
1993,gajelas banget pertama saya download untuk uji coba dulu selama 7 hari tertera gratis lalu ketika masa coba gratis nya habis tiba tiba saya cek saldo saya sudah berkurang padahal pembayaran tersebut belum mendapat persetujuan dari saya,1,0,Negatif
1994,bagus banget aplikasi capcut ini gays buruan download,5,1,Positif
1995,bnyk iklan,4,-1,Positif
1996,banyak yang pro,2,0,Negatif
1997,"sangat bagus, bahkan tanpa apk ini ak tidak bisa up story ï¿½ï",5,1,Positif
1998,asik banget loh ga bohong itu kayak aku suka banget suka banget suka banget loh ini kaya aplikasi paling aku suka,5,0,Positif
1999,aplikasinya Sagat bagus,5,1,Positif
2000,Bagus,4,1,Positif
2001,"semuanya serba pro, keliatan banget lagi butuh duitnya, di kira yg makek apk ini pada kaya semua?",2,0,Negatif
2002,jelek,1,-1,Negatif
2003,tolong di capcut kenapa pas masuk apk nya ngak bisa langsung putar sound nyaa,1,0,Negatif
2004,bagus,5,1,Positif
2005,Saya kesal dengan capcut karna udah banyak yang bahas bokep dan 18+ tolong ban orang nya dan ganti lebih baik,1,0,Negatif
2006,bermanfaat banget untuk yang ngedit-ngedit seperti buat video foto-foto ini aplikasi yang enak bintang 5 aplikasinya enak banyak juga yang download aku download ini aku ingin membuat kreasi sendiri gitu baru itu ini kan aplikasinya bisa untuk ngedit-ngedit pokoknya mandul banget enak lagu lama-kelamaan makin enak banget banyak perubahan banyak pengertian pokoknya bintang 5 untuk aplikasi ini aplikasinya bermanfaat apalagi ya aku tuh dulu dari dulu dari kelas berapa ya pokoknya dari dulu sampai..,5,0,Positif
2007,emm sebenernya app nya bagus bgt cuma aku paling ga suka ada fitur pro yg kebanyakan yg free pun dikit bgt and kalo ekspor 1080 itu cuma dikasih 5 perbulan kalo udah abis yah begitulah jadi aku mending pake am masih bisa pake iklan,5,0,Positif
2008,bagus,5,1,Positif
2009,apk in bgs koï¿½ï,5,0,Positif
2010,ngeleg,5,0,Positif
2011,videonya jadi kayak bagus,5,1,Positif
2012,wowww bagus banget sihh kata aku kayak jedag jedug gitu,5,1,Positif
2013,derpoloper kenapa aplikasi kamu tidak berkerja diperakat atau tersimpan hilangkan premium cuma sekali pakai,2,-1,Negatif
2014,aku suka capcut tapi lama download nya kadang gak bisa menginstal kenapa ya aku suka banget sama capcut,5,0,Positif
2015,ko ga bisa di unduh dan sekarang ga bisa di unduh,5,0,Positif
2016,"Aplikasi nya bagus bangettt, tapii masalahnya vitur nya banyak banget yg pro, uda gak kayak dulu lagi yg gratisan ï¿½ï¿½ï¿½ï¿½ï¿½ï¿½ï¿",4,1,Positif
2017,ruang nya cepet penuh,1,0,Negatif
2018,ckup bgus,4,0,Positif
2019,ýýýý,5,0,Positif
2020,aku pengen download capcut ny tapi ga bisa ï¿½ï,5,0,Positif
2021,bagus banget,5,1,Positif
2022,bnyk iklan mana ada bug nya lagi yampun perbaikilah,1,-2,Negatif
2023,yyyyyyyyyyy gak guna download juga bayar,1,0,Negatif
2024,kenapa capcut sekarang sering nge bug pokok jelek,1,-2,Negatif
2025,bagus dan menarik gituh ï¿½ï,5,1,Positif
2026,bagusss bangett si banyak banget template nykï¿½ï¿½ï¿½ï¿,5,0,Positif
2027,bisa bikin vidioo,4,0,Positif
2028,sangat membantu untuk edit segala macam kemauan kita terimakasih,5,1,Positif
2029,Kren buat video mudah dan cepat,5,1,Positif
2030,mantap,5,1,Positif
2031,karna bisa buat ngedit foto,5,0,Positif
2032,aku kasi bintang lima karena aplikasi nya sangat bagus,5,1,Positif
2033,"CapCut tidak bersahabat, di Xiaomi 15T diatas dua menit berat minta ampun. semakin buruk semakin ï¿½ï¿½ï¿½ï¿½ï¿½ï¿½ï¿½ï¿½ï¿½ï¿½ï¿½ï¿½ï¿½ï¿½ï¿½ï¿½ï¿½ï¿½ï¿½ï¿½ï¿½ï¿½ï¿½ï¿½ï¿½ï¿½ï¿½ï¿½ï¿½ï¿½ï¿½ï¿½ï¿½ï¿½ï¿½ï¿½ï¿½ï¿½ï¿½ï¿½ï¿½ï¿½ï¿½ï¿½ï¿½ï¿½ï¿½ï¿½ï¿½ï¿½ï¿½ï¿½ï¿½ï¿½ï¿½ï¿½ï¿½ï¿",5,-1,Positif
2034,dari sekian ..ini yg ku suka,5,0,Positif
2035,aplikasi ini sangat bagus banget ï¿½ï¿½ï¿½ï¿½,5,1,Positif
2036,jlk banget anjir,1,0,Negatif
2037,ini bagus banget bisa ngedit apa apa deh jadi suka aku sama capcut cute banget ih gemesh aku,5,1,Positif
2038,"BAGUS BANGET BUAT NGEDIT VIDEO,DAN HASILNYA GA PERNAH GAGAL DI AKU",5,1,Positif
2039,lama bgt menginstal nya,3,0,Netral
2040,terimakasih,5,0,Positif
2041,"semakin lama, semakin kapitalis. semua harus bayar",1,0,Negatif
2042,"udah bayar langganan malah susah banget mau pakai fitur ultra hd, selalu gagal, gangguan mulu, bikin gak mood ngedit, tolong diperbaiki, rugi bgt",1,-1,Negatif
2043,makin lama makin kikir jir,1,-1,Negatif
2044,"APLIKASI GA GUNA,GE UDH BELI PREMIUM GABISA PAKE FITUR AI NYA ,BALIKIN DUIT GW",1,-1,Negatif
2045,waktu edit foto video resolusi tinggi tapi pas udah di download jadi resolusinya rendah....,3,0,Netral
2046,"makin ke sini makin kikir, semua fitur di masukin ke premium, padahal dulu kaga",1,-2,Negatif
2047,mantap cuy,5,1,Positif
2048,kenapa tidak bisa extrak lama bngt hampir 1 jam gak kelar kelar ï¿½ï¿½ï¿½ï¿½ï¿½ï¿½ï¿½ï¿½ï¿½ï¿½ï,1,0,Negatif
2049,apk tolol,1,0,Negatif
2050,tolong diperbaiki lagi. saya dpt kiriman video tentang ada nya template yg berunsur 21+ dan diperankan oleh anak2. pemakai aplikasi ini banyak anak2 kecil. sangat meresahkan jika tidak ada filter yg bikin semua orang bisa upload template unsur 21+. mohon segera di tindak untuk template2 yg udah ada di FYP nya.,1,0,Negatif
2051,"kami para pengguna Capcut minta tolong agar Capcut bisa kembali lagi seperti dulu. Yang sekarang tu paan banget dah udah tau yang make banyak terus hampir semua fitur di Pro-In, emang kalian mau aplikasi kalian sepi? enggak kan. Emang kalian mau aplikasi kalian Rusak karena banyak yang pake Capcut MOD? Enggak kan. Makanya,, kami mohon atas Capcutnya diupdate menjadi seperti dulu lagi yang apa apa gak Berbayar. Makasihï¿½ï¿½ï¿½",5,-1,Positif
2052,ini tuh bagus banget,5,1,Positif
2053,"aplikasi oon, saya kasih bintang 1 karena kaya audionya kadang bisa dipindah kadang tidak, ini yg bikin susah, mau di geser geser kadang bisa kadang engga, bugnya jelek bgt maaf ï¿½ï",1,-1,Negatif
2054,apalah capcut kikir banget semua fitur bayar apa apa harus standra gk jelas banget gk kaya dulu gratis enk tapi sekarang malah bayar semua dan knp aku kasih bintang lima karena kalo bintang satu gk di respon sekian terimakasih.,5,-1,Positif
2055,"apalah capcut nih, banyak banget kurang nya mau ngedit opening nya lamaaa banget terus kalau lagi buat jj patah patah terus pas di ekspor malah lambatt tolong diperbaiki lah",1,0,Negatif
2056,saldoku tersedot Rp75.000 buat bayar capcut padahal saya tidak berlangganan dan juga tidak punya aplikasinya,1,0,Negatif
2057,sangat bagus,5,1,Positif
2058,bagus untuk edit YouTube tp efeknya kurang banyak tp Bagusï¿½ï,4,2,Positif
2059,ini sangat cantik,4,0,Positif
2060,aplikasi ini sangat bagus untuk membuat video menarik,5,1,Positif
2061,"sebenarnya sih aplikasi ini bagus,tapi tolong di perbaiki lg yah fitur fitur nyaa biar lebih bagus dan jls,dan tolong jangan ada iklannya terimakasih",4,2,Positif
2062,"saya suka dan sangat amat nyaman dengan aplikasi ini, tq",5,0,Positif
2063,pengalaman saya baik Alhamdulillah,5,0,Positif
2064,terlalu banyak iklan,1,-1,Negatif
2065,Aplikasi sampah. berat doang tapi buat edit video 5 detik ga kuat. bayangin aplikasi 500an MB ga kuat buat edit video 5 detik.,1,0,Negatif
2066,bagus loh,5,1,Positif
2067,sangat cocok untuk saya saya sangat suka ï¿½ï¿½ï¿½ï¿½ï¿½ï¿½,5,0,Positif
2068,gk asik lg dulu aplikasi ini gratis dn skarang udah bayar ajeeeee gk asik,1,0,Negatif
2069,capcut sudah bagus dn membuat aku sangat lah senang,5,1,Positif
2070,Bagus banget recomendet deh,5,1,Positif
2071,Bagus sangat membantu,5,2,Positif
2072,aplikasi nya bagus dan luarbiasa juga keren banget,5,2,Positif
2073,Karena menyedot dana dan saya tidak membeli item tersebut,1,0,Negatif
2074,"kenapa saya sering diperintahkan update mulu?, padahal saya sudah instal versi terbaru tapi tetap saja harus update gak jelas",1,0,Negatif
2075,"Kenapa saat pengeditan seperti ada lag? musik tidak sejalan dengan video. lag parah, padahal lagi kejar target. tolong sistemnya diperbaiki lagi.",3,-3,Negatif
2076,"mkin sini mkin berbayar semua, kdang suka tiba"" ada informasi 'pemberitahuan keamanan' dan hrus nunggu brhari""",1,-1,Negatif
2077,"saya pake fitur mask kok jadi ribet yahh, saya mau edit pas saya invert kok malah jadi effect blur nya. itu bug atau gimana yah, padahal sebelumnya gk ada blur.",2,-1,Negatif
2078,APK busuk!! sering proyek tibaï¿½ï¿½ï¿½,1,0,Negatif
2079,"saya beli, eh kena apus, gimana ya, apakah Angus",5,0,Positif
2080,"apa sihh, mau ngedit nambahin lagu di ekstrak video harus pro, apaï¿½ï¿½ï¿½ï¿½ï¿½ï¿½ï¿½ï¿½ï¿½ï¿½ï¿½ï¿½ï¿½ï¿½ï¿½ï¿½ï¿½ï¿½ï¿½ï¿½ï¿½ï¿½ï¿½ï¿½ï¿½ï¿½ï¿½ï¿½ï¿½ï¿½ï¿½ï¿½ï¿½ï¿½ï¿½ï¿½ï¿½ï¿½ï¿½ï¿½ï¿½ï¿½ï¿½ï¿",1,0,Negatif
2081,"banyak video porno bahaya sekali aplikasi ini juga banyak di pake anak2 di bawah umur, grand second nya bisa di geser yang muncul video porno tolong lebih di awasi lagi",1,0,Negatif
2082,mending apk sebelah dri apa ini kikirnya minta ampun ini saya ksh bintang 5 biar di atasï¿½ï¿½ï¿,5,0,Positif
2083,bagus ï¿½ï,4,1,Positif
2084,"CapCut benar-benar aplikasi pengeditan video yang paling ramah pemula. Saya sangat terbantu dengan ribuan template yang siap pakai, jadi saya tinggal memasukkan foto atau video dan hasilnya langsung terlihat profesional seperti editor ahli. Antarmukanya sangat intuitif, semua ikon fungsinya jelas, dan tidak membingungkan sama sekali. Fitur 'Auto-cut' dan sinkronisasi musik otomatisnya adalah penyelamat bagi saya yang ingin bikin konten keren dalam waktu singkat!",5,1,Positif
2085,cara membatalkan langganan nya ngga bisa,1,0,Negatif
2086,bagus buat edit video,5,1,Positif
2087,kerennnnn,5,0,Positif
2088,"woi capcut ini gmna si, aku dah kosongin ruang penyimpanan bnyak knpa ttep gbsia di install!!!!",1,0,Negatif
2089,gaya keren bagus ff Pepeng jago kali,5,2,Positif
2090,tidak bisa di install,1,0,Negatif
2091,"capcut sekarang semuanya serba pro, jadi kalau ngedit atau milih template kdg ketemu yg bagus tapi hrus pro, trus efek resolusi sampai ke yang lain juga banyak yang berbayar, apalagi kalau jj meskipun sudah di resolusi paling tinggi tetap saja ada tampak sedikit lag dan resolusinya tak sesuai dengan yang sudah di setting.",2,-1,Negatif
2092,banyak iklan judi online,2,-1,Negatif
2093,karena sekarang lebih susah ada bayaran yaa bikin males,1,0,Negatif
2094,kebanyakan iklan slot atau situs judi online,1,-1,Negatif
2095,saya suka upload fidio baru saya memakai capcut ini,5,0,Positif
2096,dari semuanya sih bagus tapi pas udah jadi kok delay frame gitu yah? apa ini dari capcut nya padahal dulu ga seperti ini dan sekarang mulai gajelas tapi gua tetep kasi 5 bintang karna masih memuaskan dan jangan lupa berbagai lagi kalo udah jadi vidionya jangan di frame frame in jawab,5,1,Positif
2097,berhenti menjadi berlangganan,5,0,Positif
2098,"apk gaa jelass, nyusahinn my biniiiï¿½ï",1,0,Negatif
2099,"Aplikasi macam apa ini semuanya aja jadi pro, mau naik haji ini developer",1,0,Negatif
2100,Ai nya dikit,2,0,Negatif
2101,"aplikasi nya lemot, bagus yang dulu. sekarang sering macet bahkan gak muncul gambar nya, apakah harus BAYAR...???",1,0,Negatif
2102,kak padahal jaringan bagus tetep aja ekspor lamanya minta ampun,1,1,Positif
2103,aplikasi anj,1,0,Negatif
2104,"tolong perbaiki bug di setiap membuat teks, selalu ada saja bug",1,-2,Negatif
2105,banyak vidio bkp gas suka jadi mohon buat admin buat langgaran,3,0,Netral
2106,Aplikasi Kikir,1,-1,Negatif
2107,jelek bgt semua harus pro dlu,1,-1,Negatif
2108,lama download nya padahal jaringan lancarr udh 5 hari gini trusss,1,0,Negatif
2109,apli kasi ini bagus untuk mengedit makanya saya kasi binta 4,5,1,Positif
2110,"TOLONG BANGET BUAT DEVELOPER,CHECK SETIAP TEMPLAT YANG DIBIKIN SAMA KREATOR,TERUTAMA TIPE GREENSCREEN,KARENA BANYAK SEKALI VIDEO PORNO YANG DITUTUPI GREENSCREEN DIBIKIN TEMPLATE,INI ALAT EDIT VIDEO BUKAN APLIKASI PORNO",1,0,Negatif
2111,aplikasi haram nyari untung doang waktu saya kebuang buang ingin mengedit vidio karena aplikasi selalu error terus vidio tidak di bisa di geser semua efek selalu bayar tolong di perbaiki bukan hanya mencari untung,1,-1,Negatif
2112,templet kebanyakan iklan gak jelas. gak bisa di skip. malah tiba tiba download aplikasi gak jelas dengan sendirinya. mana banyak lagi yang ngedownload otomatis. bikin emosi jiwa. mii,1,-1,Negatif
2113,mengapa saya tidak dapat men dwonload aplikasi,2,0,Negatif
2114,mencoba,5,0,Positif
2115,banyak iklan+bnyk yg bayar+lag ny nauzubillah,2,-2,Negatif
2116,Membantu sekali,5,1,Positif
2117,"pliss, saat mo di buka GK bisaa ngeleg sikitt",5,0,Positif
2118,"jelek, ga ikut langganan tiba tiba dana saya di ambil",1,-1,Negatif
2119,bagus,5,1,Positif
2120,mengapa selalu ada bacaan untuk di aplikasi resmi padahal saya sudah mengunduh melalui google play store,1,0,Negatif
2121,min perbaikan rekomendasi template nya masa isinya video bokep semua,1,1,Positif
2122,keren,5,1,Positif
2123,makin kesini makin prabayar njirrr,1,0,Negatif
2124,bagus cumn berbayar jadi.....????,5,0,Positif
2125,karna gk nge lagï¿½ï¿½ï¿,5,-1,Positif
2126,Bagus,5,1,Positif
2127,"makin sampah, pindah layer aja iklan muncul terus",1,-1,Negatif
2128,"baguss si cuma iklan terus pas ngedit,tapi mantap jga ya apk ya buat ngedit vidio",5,0,Positif
2129,"sangat sangat jelek,kektai,kos bool,",1,-1,Negatif
2130,"capcut sekarang kenapa si? udah ky aplikasi porno, niat hati mau cari template malah sliweran porno. oke sih emang ga banyak cuma 3/5 yang lewat, tapi jujur itu ngeganggu banget? setiap lewat udah sering kali aku blokir akunnya dan aku dislike postingannya, tapi masih banyak akun lain yang sliweran.. tolong ya capcut diselidiki lagi akun akun yang kaya gitu tolong dibanned, jangan sampe capcut berubah jadi ranahnya porno.",1,1,Positif
2131,jujur bagus banget nih,5,1,Positif
2132,aplikasi dongok,1,0,Negatif
2133,Saya suka banget menggunakan aplikasi ini,5,0,Positif
2134,"gajelas, masa udah download di apk resmi suruh download di tempat resmi lgi katanya. padahal baru aja download di play store, jadi gabisa masuk sama sekali. tolong perhatiannya adminn",1,0,Negatif
2135,saya sudah mengunakan Cap Cut sudah 3 tahun dan luar biasa aplikasi ini bisa menjangkau promosi yang sudah luas,5,0,Positif
2136,iklan tok,5,-1,Positif
2137,"Membantu sih membantu, tapi untuk kami yang masih pelajar yang belum ada akun belajar terkadang kami kesulitan menggunakan nya karena fitur proï¿½ï¿½ï¿½ï",5,2,Positif
2138,lumayan buat saya,4,0,Positif
2139,Uda bagus si aplikasinya tapi kebanyakan bayarr.tapi ok lah,5,2,Positif
2140,capcut plenger,1,0,Negatif
2141,halllahh aplikasi Pelit,1,0,Negatif
2142,bagus si kek cmn sekarang dikit dikit hrus premium and tolong balikin mb capcutnya jadi kayak dulu biar gak banyak ngehabisin memori,4,0,Positif
2143,ini bagus buat edit,4,1,Positif
2144,bagus banget aku suka deh sama ini aplikasi,5,1,Positif
2145,ini kenapa capcut kok udah bnyak templateï¿½ï¿½ï¿½ï¿½ï¿½ï¿½ï¿½ï¿½ï¿½ï¿½ï¿½ï¿½ï¿½ï¿½ï¿½ï¿½ï¿½ï¿½ï¿½ï¿½ï¿½ï¿½ï¿½ï¿½,5,0,Positif
2146,bagus sekali,5,1,Positif
2147,"Haii capcut , aplikasi sangat baguss , dan juga tidak ada bug , pokoknya bagus deh ,semangatt capcuttï¿½ï¿½ï¿½ï¿½ï¿½ï¿½ï¿½ï¿½",5,0,Positif
2148,jangan ada negatif nya,5,0,Positif
2149,makasih,4,0,Positif
2150,jaringan bagus tapi ngelek lain kali jangan di ngelekin ya,5,0,Positif
2151,"banyak iklan slot nya,padahal ga pernah main slot",1,-1,Negatif
2152,tidak bisa login ke capcut ada pringatan nya,1,0,Negatif
2153,aku suka hasil nya baguss sekalii,5,0,Positif
2154,"Tolong lah di perbaiki,masih ada bug ngï¿½ï¿½ï¿½ï¿½ï¿½ï¿½ï¿½ï¿½ï¿½ï¿½ï¿½ï¿½ï¿½ï¿½ï¿½ï¿½ï¿½ï¿½ï¿½ï¿½ï¿½ï¿½ï¿½ï¿½ï¿½ï¿½ï¿½ï¿½ï¿½ï¿½ï¿½ï¿½ï¿½ï¿½ï¿½ï¿½ï¿½ï¿½ï¿½ï¿½ï¿½ï¿½ï¿½ï¿½ï¿½ï¿½ï¿½ï¿½ï¿½ï¿½ï¿½ï¿½ï¿½",5,-2,Positif
2155,keren,1,1,Positif
2156,KIKIR/10,1,-1,Negatif
2157,sekrang banyak yang berbayar ï¿½ï¿½ï¿½ï¿½ï¿½ï¿½ï¿½ï¿½ï¿½ï¿½ï,1,-1,Negatif
2158,"aplikasi nya memang bagus, tapi untuk saat ini kasih dulu bintang empat, karena saat diekspor harus berbayar. minimal kasih gratis dulu biar cuma 1 kali saja. sejujurnya itu menganggu.",4,0,Positif
2159,emang mantep sih ni capcut tapi hp ku gak muat 200 MB di hp ku jadi ku kasi nilai imbangg,3,0,Netral
2160,Gokil mana gokilllll..,5,0,Positif
2161,"SUMPAH NI APLIKASI DZOLIMM BANGET!!! Semua udah berbayar bahkan buat sekedar ekspor video di kualitas 1080p juga harus premium. Semua efek, semua transisi, semua font berbayar. Aplikasi ini juga tukang nipu!! Saya udah bayar buat jadi premium, kirain bakal jadi nyaman ngeditnya eh ternyata tetap ada iklannya yang ganggu banget, udah gitu bug dan suka error, suka kembali-kembali sendiri pas ngedit padahal Penyimpanan masih banyak banget karna hp baru, aplikasi scammm harusnya diblokir aja nii!!!",5,-6,Positif
2162,aplikasi ini bagus,5,1,Positif
2163,tolong kembalikan duit saya ko tiba tiba kepotong dari aplikasi capcut,1,0,Negatif
2164,aga ngelak walau pun jadi nya bagus . Tapi kenapa kalau mau ngechas logo capcut nya harus ke titok. ribetjadi tolong di perbarui . udah mantap,4,2,Positif
2165,aplikasi bagus,5,1,Positif
2166,sangat bagus kok bagi Saya,5,1,Positif
2167,bagus,5,1,Positif
2168,greatest video editor ever,5,0,Positif
2169,Karena pas mau edit dan udah lama banget edit yah bayar juga sial banget uang gak ada,1,0,Negatif
2170,belum ku cobaaaaaaaaa ï¿½ï¿½ï¿½ï¿½ï¿½ï¿½ï¿½ï¿½,5,0,Positif
2171,"Capcut kikir bngt sumpah... Perasaan dulu yg fitur pro masih dikit deh... SKRNG KOK MAKIN BNYK SIH?! dulu fitur ekstrak audio nya nggak pro, tapi kenapa tiba-tiba jadi pro sih? padahal itu berguna bngt lho... aku dulu selalu pake apk ini kalau mau edit video karena menurutku ngedit di apk ini tuh cukup mudah! tapi kenapa sih... sekarang semuanya jadi pro??? KEMBALIIN CAPCUT YG DULU!!!!!!",1,0,Negatif
2172,tolong mb nya turunin ya jadi 100 MB pas aja biar hp ku cukup soal nya aku ram nya dikit ï¿½ï,3,0,Netral
2173,hy aplikasi ini sangat berguna dan bermanfaat banget makasih,5,0,Positif
2174,kok kesalahan teknis saat mau ekspor,1,0,Negatif
2175,gimana aku mau lnjut gak bias lagi nih,5,0,Positif
2176,saya merasa senang,5,0,Positif
2177,capcut bagusssss Bangett aku juga sering main aplikasi inii,5,0,Positif
2178,buat editor cocok sih,5,0,Positif
2179,bagus sekali buat edit,5,1,Positif
2180,gw suka ngedit foto temen temen gw jadi kayak orang gila,5,0,Positif
2181,apaan ekspor udah mau selesai tapi tiba tiba kembali udah di coba terus tapi nggak bisa memori masih banyak terus lama lagi jaringan internet bagus?,1,1,Positif
2182,"Senin 13 April 2026,apakah pihak capcut sedang mengadakan update?soalnya di kedua hp Apk ini tidak bisa menambahkan video overlay,mohon dijawab!",3,0,Netral
2183,"untuk aplikasi ini sudah bagus, tapi untuk iklannya tolong dikurangi ini susah banget untuk pengguna android kayak aku..",3,1,Positif
2184,kenapa saya tidak bisa mendownload nya? sangat jelekï¿½ï¿½ï¿½ï¿½ï¿½ï¿½ï¿,1,-1,Negatif
2185,good,5,0,Positif
2186,"kurang berfungsi dengan baik, tiap ngedit keluar sendiri kaga jelas, semakin update harus bayar juga udah semakin burik tolong diperbaiki",1,0,Negatif
2187,Maaf ya cuman bisa ngasih bintang dua soalnya bintang lima nya pro,2,0,Negatif
2188,capcut ini udah agak bagus cuman pergerakannya dijaga ya dan suka gelegï¿½ï¿½ï¿½ï¿½ï¿½ï¿½ï¿½ï¿½ï¿½ï¿½ï¿½ï¿½ï¿½ï¿½ï¿½ï¿½ï¿½ï¿½ï¿½ï¿½ï¿½ï¿½ï¿½ï¿½ï¿½ï¿½ï¿½ï¿½ï¿½ï¿½ï¿½ï¿½ï¿½ï¿½ï¿½ï¿½ï¿½ï¿½ï¿½ï¿½ï¿½ï¿½ï,2,2,Positif
2189,Sangat Bagusss,5,0,Positif
2190,bagus sih tapi biasanya muncul editan Sus bikin muncul terus di pencarian,4,1,Positif
2191,bagus tapi bikin hp aki ngelag,2,1,Positif
2192,harus bayar,1,0,Negatif
2193,bagus,5,1,Positif
2194,lumyan,3,0,Netral
2195,Saya telah bersyukur atas segala yg telah di berikan oleh petunjuk yang terbaik untuk saya Terimakasih ï¿½ï¿½ï¿½ï¿½,1,0,Negatif
2196,sangat bgus untuk gedit,5,0,Positif
2197,lama terus juga suka ngelag padahal jaringan lagi bagus setiap mau bikin pasti lama terus juga suka ngelag kesel jadinya,1,1,Positif
2198,sangat bagus,5,1,Positif
2199,Bagus,5,1,Positif
2200,Editan nya itu melulu,5,0,Positif
2201,ýýýý,5,0,Positif
2202,udh download di apk resmi masih ada pemberitahuan keamanan.,1,0,Negatif
2203,saya Senang Sekali karena Mengedit di apk ini Mudah Dan juga template nya Bagus Bagus minus nya Banyak Iklan Doang trus keluar keluar Sendiri,4,2,Positif
2204,sangat bagus kak tambah sedikit perbaiki lebih bagus edit di tempaalate dari gak cape cape nya sangat luar biasa tapi ada iklan gitu gak selesai..... iklan tapi gak papa kok....... yg penting gak susah ngedit nya deh sangat membantu ya.,5,1,Positif
2205,"apk kikir, moh",2,-1,Negatif
2206,Good app for use editing photo & video ï¿½ï,5,0,Positif
2207,masa banyak iklan nya skrng udah gitu banyak yang berbayar lamaï¿½ï¿½ï¿½ï¿½ï¿½ï¿½ï¿½ï¿½ï¿½ï¿½ï,1,-2,Negatif
2208,ok banget tapi lama gk aku pake kok ada logo awan terus pas udh dowload kok gk bisa pas aku uninstall lama banget,4,1,Positif
2209,capcut sangat baik untuk akuhhh lop lop deh buat capcut,5,0,Positif
2210,apik,5,0,Positif
2211,"apk stress ini, labih Bagus capcut yg dulu",1,1,Positif
2212,"capcut sekarang kok kaya banyak bet yg berbeda, mana iklannya banyak bet terganggu tolong capcutnya knp ini beda bangettt",2,0,Negatif
2213,senang sekali,5,0,Positif
2214,Suka yg lama,1,0,Negatif
2215,"macet banget , walaupun pake hpe yang lain juga macet ( mau nge ekspor 1 jam an baru selesai )",2,0,Negatif
2216,kurang akurat,3,0,Netral
2217,Bagus,5,1,Positif
2218,"setelah saya download.. aplikasi ini bilang VERSI APLIKASI SAAT INI TIDAK AMAN,UNDUH VERSI TERBARU DI APLIKASI RESMI.. bagaimana maksud nya ini",2,0,Negatif
2219,mantap,5,1,Positif
2220,aplikasi nya sangat bagus sekali ï¿½ï¿½ï¿½ï¿½ï¿½ï¿½ï¿½ï¿½ï¿½ï¿½ï¿½ï¿½ï¿½ï,5,1,Positif
2221,ok,1,1,Positif
2222,aku suka sekali ini,5,0,Positif
2223,bagus cuman kikir,5,0,Positif
2224,bagus banget,5,1,Positif
2225,bagus,5,1,Positif
2226,"aplikasi Capcut sangat membuat untuk mengedit tugas, dll, tapi sayang nya banyak filter dan efek yang harus menggunakan premium",4,-1,Positif
2227,pro semua pelitttttt,1,0,Negatif
2228,sangat cocok untuk akuï¿½ï¿½ï¿½ï¿½ï¿½ï¿½ï¿½ï¿½ï¿½ï¿½ï¿½ï¿½ï¿½ï¿½ï¿½ï¿½ï¿½ï¿½ï¿½ï¿½ï¿½ï¿½ï¿½ï¿½ï¿½ï¿½ï¿½ï¿½ï¿½ï¿½ï¿½ï¿½ï¿½ï¿½ï¿½ï¿½ï¿½ï¿½ï¿½ï¿½ï¿½ï¿½ï¿½ï¿½ï¿½ï¿½ï¿½ï¿½ï¿½ï¿½ï¿½ï¿½ï¿½ï¿½ï¿½ï¿½ï¿½ï¿½ï¿½ï¿½ï¿½ï¿½ï¿½ï¿½ï¿½ï¿½ï¿½ï¿½ï¿½ï¿½ï¿½ï¿½ï¿½ï¿½ï¿½ï¿½ï¿½ï¿½ï¿½ï¿½ï¿½ï¿½ï¿½ï¿½ï¿½ï¿½ï¿½ï¿½ï¿½ï¿½ï¿½ï¿½ï¿½ï¿½ï¿½ï¿½ï¿½ï¿½ï¿½ï¿½ï¿½ï¿½ï¿½ï¿½ï¿½ï¿½ï¿½ï¿½ï¿½ï¿½ï¿½ï¿½ï¿½ï¿½ï¿½ï¿½ï¿½ï¿½ï¿½ï¿½ï¿½ï¿½ï¿½ï¿½ï¿½ï¿½ï¿½ï¿½ï¿½ï¿½ï¿½ï¿½ï¿½ï¿½ï¿½ï¿½ï¿½ï¿½ï¿½ï¿½ï¿½ï¿½ï¿½ï¿½ï¿½ï¿½ï¿½ï¿½ï¿½ï¿½ï¿½ï¿½ï¿½ï¿½ï¿½ï¿½ï¿½ï¿½ï¿½ï¿½ï¿½ï¿½ï¿½ï¿½ï¿½ï¿½ï¿½ï¿½ï¿½ï¿½ï¿½ï¿½ï¿½ï¿½ï¿½ï¿½ï¿½ï¿½ï¿½ï¿½ï¿½ï¿½ï¿½ï¿½ï¿½ï¿½ï¿½ï¿½ï¿½ï¿½ï¿½ï¿½ï¿½ï¿½ï¿½ï¿½ï¿½ï¿½ï¿½ï¿½ï¿½ï¿½ï¿½ï¿½ï¿½ï¿½ï¿½ï¿½ï¿½ï¿½ï¿½ï¿½ï¿½ï¿½ï¿½ï¿½ sangat sangat cocok aku sampai kaget banget karena sangat cocok untuk aku wow bener bener sangat cocok aku tak sangka aku sampai tergila-gila ï¿½ï¿½ï¿½ï¿½ï¿,4,0,Positif
2229,"mantap cuy, gamenya cuy, cuy,",2,1,Positif
2230,bagusssss,4,0,Positif
2231,bagus sekali buat jj,5,1,Positif
2232,sangat bagus untuk ngedit,5,1,Positif
2233,jelek sekali,1,-1,Negatif
2234,ini bagus sekali,5,1,Positif
2235,apk ny susah banget buat di dowload gk kayak yang dlu mudah mohon developer diperhatikan lgi apk ny,3,1,Positif
2236,bagus banget menurut aku,5,1,Positif
2237,bagus untuk yang mau ngedit karena di sini sangat gampang jika me ngedit foto atau pun vidio jadi aku kasih bintang 5,5,2,Positif
2238,"min saya ga bisa refund, duit saya otomatis kebayar di langganan padahal saya udah ga pake capcut",3,0,Netral
2239,ngeleg mulu,1,0,Negatif
2240,aplikasi ini sangat bagus,5,1,Positif
2241,capcut ini sangat bagus untuk buat JJ,5,1,Positif
2242,b aja hmmmm,2,0,Negatif
2243,kenapa saya tidak bisa mendownload aplikasi capcut ini ada bacaan pemblian dalam apl trus terinstal ulang trus tolong lah saya ingin mendownload aplikasi capcut iniï¿½ï¿½ï¿½ï¿½,4,0,Positif
2244,ini apk apa cb masa eror sih gabisa digunakan lagi?bagus si tapi Prem semua apalagi eror perbaiki dong,1,1,Positif
2245,"sangat berguna untuk anak"" sama sekarang untuk mengedit vidio tugas",5,0,Positif
2246,bagus tapi suka ngeleg,5,1,Positif
2247,kenapa pas aku mau edit gak ada lagunya gimana,3,0,Netral
2248,apknya bug keluarï¿½ï¿½ï¿½ï¿½ï¿½ï¿½ï¿½ï¿½ï¿½ï¿½ï¿½ï¿½ï¿½ï¿½ï¿½ï¿½ï¿½ï¿½ï¿½ï¿½ï¿½ï¿½ï¿½ï,3,-1,Negatif
2249,"yah, gw gatau dh apa hp gw yang kentang atau emang capcut ini makin lama makin beratt, suer ni hp gw pake ngedit di apk sebelah baik' aja tuh, tapi pas pindah ke capcut kok berat banget patah', dan tiap mau di ekspor itu hp gw sampe ngelag gabisa dimatiin atau diapa'in sampe force close. plis lah capcut",2,0,Negatif
2250,"kok TDK bisa terbuka min.,padahal jaringanku udah bagus",4,1,Positif
2251,Aplikasi Cap Cut Yang Paling Terbaik,5,0,Positif
2252,perfect,5,0,Positif
2253,sudah gak karu karuan ini apk,1,0,Negatif
2254,bagus tpi kadang suka ngelag dan banyak yang ga gratis,4,1,Positif
2255,ballo sannak inni aplikasi,5,0,Positif
2256,bagus,5,1,Positif
2257,cap cut nya bagus banget saya suuka,5,1,Positif
2258,"baguss bgttt ini bisa bikin drama juga di capcut tpii minusnya ada yg Pake bayar, sama apl nya same GB an kurang suka tpi gppï¿½ï¿½",4,0,Positif
2259,aplikasi udah bagus dan sangat praktis tapi pas mau buka aplikasi nya mala ngelag mulu malah lama banget lagi pas buka aplikasi nya buat kalian jangan asal dowload aja liat dulu aplikasi nya baik atau tidak buat yang buat aplikasi ini tolong di perbaiki lagi yaï¿½ï,1,1,Positif
2260,baik,5,0,Positif
2261,capcut makin gak jelas sekarang udh lama makai apk ini sampai saat ini makin kurang bagi saya tolong di perbarui,1,0,Negatif
2262,suka banget sama capcut tapi kok ï¿½ï¿½ï¿½ï¿½ï¿½ï¿½ï¿½ï¿½ï¿½ï¿½ï¿½ï¿½ï¿½ï¿½ï¿½ï¿½ï¿½ï¿½ï¿½ï¿½ï¿½ï,5,0,Positif
2263,"keren, pertama kali pakai waowwwwï¿½ï",5,1,Positif
2264,kalo rating dari aku 75/100 tapi tolong dong jangan semua nya premium,5,-1,Positif
2265,ok,5,1,Positif
2266,Banyak banget iklannya,2,0,Negatif
2267,ini sangat bagus cuman aku tidak bisa mendownload nya,5,1,Positif
2268,Kurang memuaskan tolong di perbaiki Jang pake uji coba hilangkan iklan,2,-1,Negatif
2269,bagus bangetttttt,5,1,Positif
2270,karna aplikasi ini bagus untuk bikin vidio kalau gak ada capcut gak bisa ngedit video dong,4,1,Positif
2271,pelit mau ekspor aja harus standar duluï¿½ï,1,0,Negatif
2272,"tolong dong dibenerin lagi, masa sekarang jadi banyak bokepnya",2,0,Negatif
2273,bagus buat edit video,4,1,Positif
2274,cukuplah untuk dengan templat yang sudah bagus,3,1,Positif
2275,"apaan ih, pengen ngedit video aja g bisa di tambah. ribet banget. kalo template berbayar masih mending.",2,-1,Negatif
2276,"menurut ku capcut itu bagus buat ngedit vidio,tapi masih ngebug dikit lah tolong perbaikin",5,1,Positif
2277,enak buat ngedit foto baguss,5,0,Positif
2278,bagus si tapi kalo mau bikin Ai harus punya akun dulu,1,1,Positif
2279,kok sekarang lelet sx..smpi aku instal ulang lgi..,5,0,Positif
2280,kenapa capcutny susaa dii download?ï¿½ï,1,0,Negatif
2281,pokoknya bagus bangettttt,5,1,Positif
2282,bagus aku suka,5,1,Positif
2283,"capcut sangat berfungsi bagi anak"" gen z yang suka ngedit jj",5,0,Positif
2284,apk nya bagus buat pemula yang ga bisa ngedit di am,5,1,Positif
2285,"mohon di bantu,aplikasi ini memotong dana saya secara otomatis,senilai 83.250,00 dan mohon di kembalikan saya tampa sengaja membelinya",1,0,Negatif
2286,"enak , dan lancar saat menggunakan apk ini",5,1,Positif
2287,"jujur, capcut aplikasi yang cocok buat kalian yang mau edit foto atau vidio",5,0,Positif
2288,enta kenapa capcut gak bisa di download padahal aku lagi butu buat ngedit,2,0,Negatif
2289,konro,2,0,Negatif
2290,"gajelas aplikasi nya, mau nambahin lagu dari capcut nya eh malah ke JJ/template org lainï¿½ï¿½ï¿½ï¿½ï¿½ï¿½ï¿½ï¿½ï¿½ï¿½ï¿½",1,0,Negatif
2291,KEBANYAKAN IKLAN KALO MAU EKSPOR 1 VIDEO IKLANNYA 3 MANA LAMA BNGT LGI BENCI.,3,-1,Negatif
2292,bagusï¿½ï¿½ï¿½ï¿½ï¿½ï¿½ï¿,2,1,Positif
2293,saya tidak tau apakah ini cuma capcut saya yg bug . tolong hilangkan fitur pas ekspor bahan dari galeri mau itu video atau foto ke proses editing . volume nya tiba-tiba besar sendiri. saya sebagai pengguna capcut menggunakan henset dalam proses editing. kurang nyaman. Tiba-tiba volume besar sendiri saat ekspor bahan dari galeri ke editing. volume besar sendiri gak tangung tangung dari 30% langsung 50%. mohon ï¿½ï¿½ï¿,5,-1,Positif
2294,keren banet,5,1,Positif
2295,setiap mengekspor pasti selalu harus masuk ke tiktok itu sangat menyebalkan dan ketika mengekspor pasti ada iklan jika tidak ada itu mungkin sudah diberi bintang 5,1,-1,Negatif
2296,"aplikasi terpelit yang pernah diciptakan manusia, dulu bagus sekarang serba berbayar, uninstall",1,0,Negatif
2297,"apk nya jadi berat,kdang tiba ï¿½ï¿½ï¿½ï¿½ï¿½ï¿½ï¿½ï¿½ï¿½ï¿½ï¿½ï¿½ï¿½ï¿½ï¿½ï¿½ï¿½ï¿½ï¿½ï¿½ï¿½ï¿½ï",3,0,Netral
2298,bagus,4,1,Positif
2299,"saya pengguna lama, sekarang capcut banyak iklannya, iklan judol lagi dan pinjol, dan juga sekarang ga bisa tambah media, jadi harus di awal semua media dimasukan, klo mau nambah ga bisa di pencetï¿½",3,-1,Negatif
2300,KATANYA UJI COBA? KU COBA KENAPA SURUH DOWNLOAD YANG TERBARU KOCAK UDAH JELAS JELAS ITU VERSI TERBARU ANEH,5,0,Positif
2301,aplikasi kikir,1,-1,Negatif
2302,Aplikasi ini sangat bermanfaat sekali untuk ngedit foto ataupun vidio,5,0,Positif
2303,"lemot bangat klo pakai templatenya, tdk biasanya klo dipakai cepat skrng makin di update makin gak jelas",1,-1,Negatif
2304,"jelek banget apk nya, ga kaya dulu, sekarang banyak bug nya, semua fitur hampir premium, di pertengahan ngedit suka keluar sendiri, terus video yang udah gw edit jadi ilang, mau nambahin sound jga ga bisa, suka keluar tiba tiba, sia sia gw ngedit, tolong di perbaiki lagi",1,-3,Negatif
2305,kadang susah di gunakan,1,0,Negatif
2306,banyakk iklannyy,1,0,Negatif
2307,terima kasih banyak,5,0,Positif
2308,karena suka ga jelas,4,0,Positif
2309,makin kikir,2,-1,Negatif
2310,good,5,0,Positif
2311,ýýýýýýýýýýýýýýýýýýýý ýýýýýýýýýýýý ýýýýýýýýýýýý ýýýýýýýýýýýýýýýýýýýýýýýýýýýýýýýý ýýýýýýýýýýýýýýýýýýýýýýýý,5,0,Positif
2312,mantul,5,0,Positif
2313,"seru bisa ngedit, mengekspor kadang lama kadang juga sebentar, apapun foto di edit ke CapCut bagus, tapi sekarang banyak yang pro nya, BAYAR, BAYAR DAN BAYAR! CapCut ga seseru dulu, karna kalo dulu ga banyak pro nya, tapi kenapa sekarang banyak banget yang pro? kita seorang pelajar yang masih belum cukup umur seharusnya jangan banyakin yang pro, buat bikin tugas ataupun yang lain, makin hari makin banyak, terus selain ada pro, ada juga iklan, hadeh.. pokonya CapCut sekarang ribet banget ya...",5,1,Positif
2314,SEKARANG TAMBAH ERROR AKU GAK SUKA SEBAGAI EDITOR LAMA,1,-1,Negatif
2315,aplikasi ini keren banget sangat membantu,5,2,Positif
2316,okay punya ï¿½ï¿½ï¿½ï¿½,5,0,Positif
2317,bagus sih tapi kalo ngeeksppr lama jadi bintang 4,4,1,Positif
2318,jelek ada lambang capcutnyaaa,1,-1,Negatif
2319,bagus,5,1,Positif
2320,terimakasih,4,0,Positif
2321,"WOI, keterangan otomatis tanpa fitur tambahan kenapa harus pro, udah jelas diketerangan standart dan gua udah beli yang standart 75ribu, tapi setelah pakai keterangan otomatis eh ga bisa disave gara-gara harus pro, padahal jelas jelas gua pake fitur yang standart, kenapa berubah?!!",1,0,Negatif
2322,"terlalu banyak konten atau template yg fulgar atau berbau18+ jijik saya liat nya kalo bisa mah kalo ada yang buat atau post template yg18+ di blok aj atau di hapus konten nyh, kan gak semua orang dewasa yg make nih apk, walaupun mengisi data diri dan umur, kan umur bisa di palsukan plis Min, please block 18+ content, otherwise you are very stupid.",5,0,Positif
2323,Lancar,5,1,Positif
2324,"bnyk bgt yg byar,, ak kurang suka,, pdhl dulu semua gratis sekrng dikit"" pke dm",3,0,Netral
2325,singkat saja aplikasi ini bagusï¿½ï,5,1,Positif
2326,ini ke apa ya hmm pas aku coba download ga bisa kata nya memori anda penuh terus aku coba lah hapus apk aku dan fotoï¿½ï¿½ï¿½ï¿½ï¿½ï¿½ï¿½ï¿½ï¿½ï,2,0,Negatif
2327,goob,5,0,Positif
2328,ok,5,1,Positif
2329,"sy sudah hentikan berlangganan tapi kenapa saldo di dana saya ke tarik, trus ada tagihan yg di tagih padahal sudah sy hentikan langganan nya, dan pembayaran yg belum lunas SDH sy bayar",1,-1,Negatif
2330,bagus sekali aplikasi ini,4,1,Positif
2331,semua editor penuh dengan video video yang tidak pantas,1,0,Negatif
2332,g seru,1,1,Positif
2333,"banyk bug nya pas mau masukin audio malah keluar lagi bikin cape bolak balik , ekspor lama malah ga masuk galeri, gimn sih bnerin dong cape tau ngedit vidio nya mana lama durasi nyaa, nasib gw gimn ini ja tugas sekolah, hiiiihhh aing nyah",1,-1,Negatif
2334,apaan coba padahal hp IPHONE 17PRO MAX NO KREDIT 3TB TPI kok ga bisa di pake sih padahal HARGA NYA MAHAL gimana sih,1,-1,Negatif
2335,editan fotonya berkelas,5,0,Positif
2336,jangan lupa di apdate selalu ya,5,0,Positif
2337,gak bisa masuk,1,0,Negatif
2338,woi gratisin semua efek& fiturnya,2,0,Negatif
2339,"aplikasi kikir, apa apa harus premium gjlsï¿½ï",1,-2,Negatif
2340,bagusss sekali,5,0,Positif
2341,aku padahal udah gak ngedit vidio dan udah lama gak berlangganan kok tetep ke sedot gimana kembalaiin dana ku,5,0,Positif
2342,"tolong update lagi, karena yang terbaru ini, tombol untuk menambahkan video baru terlalu kebawah jadi ga bisa dipencet karena ketutup sama bilah navigasi di hp ku samsung A52s! tolong diperbaiki lagi ya!!",3,0,Netral
2343,aplikasi nya sangat bagus dan tidak kaku saat mengedit,5,1,Positif
2344,"aku suka pake capcut, tapi kadangï¿½ï¿½ï¿½ï¿½ï¿½ï¿½ï¿½ï¿½ï¿½ï¿½ï¿½",5,-1,Positif
2345,lama lama mau liat satu video harus bayar,1,0,Negatif
2346,apk kikir,3,-1,Negatif
2347,lama ekspor ny,1,0,Negatif
2348,"masukin video dengan ukuran kecil aja macetnya parah. banyak iklan ga jelas, terlalu berat padahal ga masukin banyak efek dll. anehnya gatau beratnya kenapa padahal saya pake device yg cukup memadai",1,-2,Negatif
2349,Bravo,5,0,Positif
2350,sangat berguna untuk video editing dan foto editing banyak fitur yang bisa di pakai untuk mengedit. good bintang lima,5,0,Positif
2351,ini bagus banget cocok buat template atau ngedit tapi kenapa ya setiap template ada yang premium dan ngedit pun harus bisa sampe tujuh atau lima disanya premium ga suka banget sama yang premium sebenarnya ini juga ada kurang bagus nya di template tapi ada juga yang bagus tpi yang bagus nya tuh bagus banget harus bayar gasuka deh ï¿½ï,4,2,Positif
2352,giatel akeh iklan e,1,-1,Negatif
2353,aplikasi jelek tidak brlangganan kog langsung potong saldo saya di gopay sebesar 299700 sial pdhl udah lm pke aplikasi ini aman aj bruï¿½ï¿½ï¿½ï¿½ï¿½ï¿½ï¿½ï¿½ï¿½ï¿½ï¿½ï¿½ï¿½ï¿½ï¿½ï¿½ï¿½ï¿½ï¿½ï¿½ï¿½ï¿½ï¿½ï¿½ï¿½ï¿½ï¿½ï¿½ï¿½ï¿½ï,1,-3,Negatif
2354,very good,5,0,Positif
2355,alasan nya saya kurang suka gara-gara banyak iklan prosesnya dipercepat jangan banyak iklan udah sih itu aja terima kasih diperbaiki ya,4,-2,Positif
2356,bagus banget soalnya pertama kaliï¿½ï,5,1,Positif
2357,karena donlod nya lama,1,0,Negatif
2358,tolong dong saya tidak memakai ini aplikasi terus gak premium juga kenapa saldo saya terpotong yaa tolokng dong yang di potong bukan dikit ini lumayan banyak tolong kepastiannya,1,-1,Negatif
2359,apk kikir iklan terus ga liat pas masih bawah,1,-2,Negatif
2360,keluar apk bentar muncul iklan mana iklan judol lagi,1,-2,Negatif
2361,loading lama,1,0,Negatif
2362,"aku pake capcut rada gmn gitu, semenjak update banyak banget iklan dan vitur yang tadi nya gratis jadi bayar:(",3,-1,Negatif
2363,bagus tapi jgan terlalu bnyk yg premium,5,0,Positif
2364,saya tidak bisa mendownload karena orang tidak tau diri,5,0,Positif
2365,nyesal gue abgret aplikasi gk jelas untuk apa,1,0,Negatif
2366,Lumayan enakan danseru,5,0,Positif
2367,Hampir semua fitur Di pro in,1,0,Negatif
2368,keren,4,1,Positif
2369,"udah kikir+gak bisa di download lagi, padahal udah mindahin foto ke memory card, hapus game, dan hasil nya sama aja, buat aku app ini gak recomment",1,-1,Negatif
2370,toooop bgt,5,0,Positif
2371,aplikasi apaan ini gua kemarin bisa download terus kehapus sendiri sekarang gua gabisa download lagi kocak. tapi aplikasinya bagus kok bolehlah 4 bintang,4,1,Positif
2372,baguss bngdd,5,0,Positif
2373,eror notifikasi perbarui padahal udah di perbarui tolong dongg,1,0,Negatif
2374,"jangan tiba-tiba potong dana orang lah, kasih konfirmasinya dulu baru potong. top up 100 buat pribadi pas di bukak lagi di potong 84 rb pintarï¿½ï¿½ï¿½ï¿½ï¿½ï¿½ï¿½ï¿½ï¿½ï¿½ï¿½ï¿½ï¿½ï¿½",1,0,Negatif
2375,kikir bgt anj,1,-1,Negatif
2376,inj aplikasi yang sangat bagus banget,5,1,Positif
2377,saya suka,5,0,Positif
2378,FITUR PENYEMAT PADA CAPCUT FOR PC !!!,5,0,Positif
2379,ngerot marak bwi lelet malik sndl,1,0,Negatif
2380,"apk nya bagus sihhh, cuman nihh saran aku jangan terlalu banyak yang berbayar nya, karna ngga semua orang punya uang, apalagi yang udah cape ngedit ber jamï¿½ï¿½ï¿½ï¿½ï¿½ï¿½ï¿½ï¿½ï¿½ï¿½ï¿½ï¿½ï¿½ï¿½ï¿½ï¿½ï¿½ï¿½ï¿½ï¿½ï¿½ï¿½ï¿½ï¿½ï¿½ï¿½ï¿½ï¿½ï¿½ï¿½ï¿½ï¿½ï¿½ï¿½ï¿½ï¿½ï¿½",5,0,Positif
2381,mantep,5,0,Positif
2382,apk ngeselin semuanya ja bayar sana km capcut,5,-1,Positif
2383,seru tapi kebanyakan VIP,5,1,Positif
2384,bagus sih untuk ngedit tapii.... iklan nyaa banyak amat nengï¿½ï,3,0,Netral
2385,sumpah aku mau kasih ke status wa gak bisa kok gini yaï¿½ï,1,0,Negatif
2386,donload ny lama,3,0,Netral
2387,banyak error nya sekarang !,1,-1,Negatif
2388,"dri tdi gk bisa diinstal, pdhl memori ny udh ga terlalu bnyk",1,0,Negatif
2389,kurang bagus pas ngedit malah elor lagu sm teks nya udah di sejajarin eh malah elor lagu sm teks nya acak acakan sm bayar lagih udah capek capek bikin itu aku ngulang 7 kali loh,2,1,Positif
2390,cap cut babi sekarang kayaonyet banyak iklan semuanya kita uniinstal jangan ada yang pake cap cut,1,-1,Negatif
2391,karna sekarang kalo mau ngedit apa aja ada yang bagus harus bayarr,4,1,Positif
2392,"CapCut makin kesini makin ga banget!!! hampir semua pro, dan gampang banget ngeleg nya, suka tiba tiba kembali ga jelas lagi",1,1,Positif
2393,terlalu banyak pro ajg,1,0,Negatif
2394,agak ngelag ya,4,0,Positif
2395,lm trus bkn hp lag g jls,4,-1,Positif
2396,knapa banyak iklan sihh keselll trus knpa banyak banget yang harus berbayar perasaan dulu GK gitu,5,-2,Positif
2397,bagus sih tapi ko makin kesini makin banyak BKP di aplikasi ini tolong jangan di normalisasikan buat depelopor blokir aja akun ke gitu yang suka buat pidio porno,3,1,Positif
2398,bikin trend lebih bagus,5,1,Positif
2399,pro smua MLS,1,0,Negatif
2400,kenapa y kok kaya erro,5,0,Positif
2401,karna bisa mengedit dan menjadi DJ,5,0,Positif
2402,mantap,5,1,Positif
2403,apk ini sangat bagus jadi aku suka dengan apk ini,5,1,Positif
2404,suka aplikasi nya tapi tolong di kurangi iklan nya,5,-1,Positif
2405,"jujur saya suka aplikasi ini,tapi saya kurang suka sih soalnya banyak iklan nya.",4,-1,Positif
2406,"benci bngt capcut sekarang, lag parah pdhl hp ku bukan nya hp kentang",1,-2,Negatif
2407,kurang baik,5,0,Positif
2408,dengan aplikasi ini saya punya kenangan banyak,5,0,Positif
2409,aku udh download tapi harus download beberapa kali,2,0,Negatif
2410,aplikasi nya bagus tapi downlod nya lama sama edit nya agak susah :],4,1,Positif
2411,tolong capcut ini kenapa pas saya buka aplikasinya tiba-tiba loading terus tolong perbaiki aplikasi capcutnya,1,0,Negatif
2412,"banyak tamplet yang harus berbayar gak kayak dulu lagi, iklan ajh judol semua apk taik",1,-2,Negatif
2413,"tolong buat pihak cc lebih baik lagi dalam keamanan nya, saya sebagai kreator udah muak banget sama maling"" template, punya saya yang ori malah sepi tapi punya maling malah rame, tolong lebih ditingkatkan lagi dalam keamanannya, banyak banget kreator"" yang rugi karena para si maling b*jingan ini.",5,-1,Positif
2414,saya tidak terlalu suka ya sama capcut nya,4,0,Positif
2415,say kurang suka karena suka ngeleg,1,0,Negatif
2416,knpa ini jdi error pdahal baru download,1,-1,Negatif
2417,"Bro, ini tempat ngedit, ini tempat nyari template, ini tempat buat scrolling, pokoknya aplikasi ini tuh,,,,, ya, best bat lahï¿½ï¿½ï¿½ï¿½ï¿½",5,0,Positif
2418,agak gecang,1,0,Negatif
2419,harus premium semua nya,4,-1,Positif
2420,menurut saya ga enak dipake buat templat udah mah harus bayar,1,0,Negatif
2421,bagus banget,5,1,Positif
2422,"lumayan bagus, tapi kebanyakan pro",4,1,Positif
2423,selalu bagus andalan sih suka banget,4,1,Positif
2424,ýýýýýýgýýýs ýýýýýýýýýgýýýýýýýýýýýýýýý,5,0,Positif
2425,bagus tapi susah di Download,5,1,Positif
2426,"lumayan lah,kasi bintang 5 biar seneng apk nya",5,0,Positif
2427,gk tqu,5,0,Positif
2428,gak bisa geratisss !!,1,0,Negatif
2429,fitur lu ribet kudu berlangganan mulu,1,0,Negatif
2430,bagus sya suka..,5,1,Positif
2431,"APAANSIH LANGGANAN KEPOTONG TIBA"" UDAH 3X,KEMBALIIN WOI",1,0,Negatif
2432,"jujur menurut saya agak ribet, misal layar kekembali atau hp tidak sengaja mati nanti jadi muncul iklan, banyak juga yang berbayar",3,-2,Negatif
2433,baru jg coba masa harus berbayar mau export. ga work it,1,-1,Negatif
2434,"aku suka banget sama apk ini karena banyak yang JJ aku suka, dan hemat batrei",5,0,Positif
2435,lumayan lah ya.,5,0,Positif
2436,aplikasi ini sangat bagus untuk dipakai,4,1,Positif
2437,apl yg sangat berguna dan manfaat tingkatkan terus,3,1,Positif
2438,aplikasi ini sangat bagus ada masalah iklan tolong diperbaiki,5,0,Positif
2439,bagus banget aplikasinya ngedit jadi gampang,5,2,Positif
2440,pusing banget sama capcut gw gak perna aktifin pro/premium ternyata pas gw sercing di Gugel teryata dia bisa nyala sendiri loh setiap bulan lagi pembayarannya 83.000 gw gunain capcut pro aja kagak perna,1,-1,Negatif
2441,"tanpa apliaksi ini gak ada lagi yg bisa bikin jj bagus selain ""capcut"" terimakasih",5,1,Positif
2442,ngedit gfx okee sound okeee semuanya okeeee,5,0,Positif
2443,ya capcut setiap tahun berubah jadi ultramen ya mau bagaimana,3,0,Netral
2444,banyak bokepp nya sekarang capcut,1,0,Negatif
2445,"bagus, bisa buat Edit poto mantan",5,1,Positif
2446,bagus banget buat Poto menjadi estetik dan bisa juga di pakai mengedit,5,2,Positif
2447,apk kikir,1,-1,Negatif
2448,APLIKASI KIKIR,2,-1,Negatif
2449,jelek,1,-1,Negatif
2450,sangat bagus,5,1,Positif
2451,ga sekalian buka capcut bayar........ di bikin bayar aja semua ny ribet apaï¿½ï¿½ï¿,3,0,Netral
2452,kok fitur ambil foto frame gak bisa? knp Dengan CC?,2,0,Negatif
2453,bagus buat jj ff,5,1,Positif
2454,"udah bagus, tapi minusnya kalo dipake terus2 an bakalan kyk ngebut gitu kyk lemot atau yang lain padahal sinyal dah bagus. mohon diperbaiki ya min",5,1,Positif
2455,jujur endyul ini sku suka banget sama capcut ini,5,0,Positif
2456,bagus banget tapi pas ekspor lama banget tapi aku suka banget SIH sama capcut nya love poko nya mah hehehehheheg,5,1,Positif
2457,tidak direkomendasikan mendingan alight motion dripada ini apa apa harus bayar perasaan dulu g gini egois amat,1,0,Negatif
2458,sangat baik,5,0,Positif
2459,biasanya telat videy nya,3,0,Netral
2460,bagus buat jj sama ady in my life,5,1,Positif
2461,tiba tiba banget beli premium nya pake pulsa gua abis 94 ribu bangk3 padahal apk nya ga gua donwload bnsgt,1,-1,Negatif
2462,bagus bgt capcut,5,1,Positif
2463,saya kurang suka KEBANYAKKAN YANGG BAYARRR,3,0,Netral
2464,yaa Capcut ini bagus enak kalo ngedit apalah tapi akhir akhir ini saya mencoba pakai template ga bisa loading trus apa bug atau error saya ga tau saya hanya minta di perbaiki sajaa,4,-1,Positif
2465,"bagus, tapi sekarang capcut kemperlihatkan vidio yang tidak senonohnya",3,1,Positif
2466,bagus bet,4,1,Positif
2467,Aplikasi nya baguss bgt aku suka bgt karna di aplikasi ini banyak banget template nya dan bagus bagus bgt pokonya 1000% bagusssss puolllll yg baik bilang aplikasi nya kikir ya emang kikir sihh tpi buagusss banget dibandingkan harus ngedit di am ribet bgt,5,0,Positif
2468,ini kenapa template nya ga gerak padahal wifi bagus dan hpku ga ngelag,1,1,Positif
2469,jujur bagus banget,5,1,Positif
2470,apk ini susah untk di download,1,0,Negatif
2471,"tolong lh capcut, gua mau pake template masa fto gua ngga ada 1 pun",5,0,Positif
2472,bagus banget,5,1,Positif
2473,capcut ini sangat bagus dan cocok di edit,5,1,Positif
2474,kenapa ya kok nggak bisa di instal capcut nya padahal download udah selesai tapi malah tidak bisa menginstal capcut,3,0,Netral
2475,semua harus bayar padahal ga semua efek yang berbayar bagus,3,0,Netral
2476,saya suka sama apk ini tetapi saya sudah suka sama 1 templat malah bayar,4,0,Positif
2477,jelek pokoknya,1,-1,Negatif
2478,"capcut kikir bgt skrng, udh gtu aja",1,-1,Negatif
2479,menurut saya sih bagusï¿½ï¿½,5,1,Positif
2480,ga gratis semua,4,0,Positif
2481,terlalu iklan,1,-1,Negatif
2482,terlalu banyak iklan,3,-1,Negatif
2483,apk kikir ngedit ber jamï¿½ï¿½ï¿½ï¿½ï¿½ï¿½ï¿½ï¿½ï¿½ï¿½ï¿½ï¿½ï¿½ï¿½ï¿½ï¿½ï¿½ï¿½ï¿½ï¿½ï¿½,1,-1,Negatif
2484,terlalu banyak mb,1,0,Negatif
2485,bagus aja,5,1,Positif
2486,"Ada sedikit ke kurangan, Template huruf tidak aktif.",5,0,Positif
2487,tidak bisa di buka aying,1,0,Negatif
2488,terlalu banyak iklann,3,0,Netral
2489,"Apknya bagus tapi, bug kadang keluar dari apknya terus juga kadang-kadang gak ada foto nya di hp saya tolong di perbaiki apk ini ï¿½ï¿½ï¿½ï¿½ï¿½ï¿½ï¿½ï¿½ï¿½ï¿½ï¿½ï¿½ï¿½ï¿½ï¿½ï¿½ï¿½ï¿½ï¿½ï¿½ï¿½ï¿",4,0,Positif
2490,banyak template capcut tentang pornografi,1,0,Negatif
2491,"ngedit nya gampang, tapi semua nya bayar aku ngedit vidio ga pake fitur pro masih aja disuruh bayar,capcut kebelet haji",2,1,Positif
2492,sangat membantu,5,1,Positif
2493,"Aplikasinya bagus . Aku sangat suka dan juga bagus untuk ngedit foto"".",5,2,Positif
2494,aku suka tp isinya uda aneh aneh,5,0,Positif
2495,baguss jj nya juga mulus pokonya ini yg terbaik ï¿½ï,5,0,Positif
2496,jujur kata saya capcut itu sangat ber guna untuk mengedit pidio atau poto dan capcut bisa untuk men buat podio menarik lain nya.,5,0,Positif
2497,aplikasi ini bagus,5,1,Positif
2498,bagus buat ngerjain tugas sekolah atau kerja banggus banget,5,1,Positif
2499,banyak iklan judol,1,-1,Negatif
2500,aplikasi ini sangat membantu dalam mengedit foto atau video kita,5,1,Positif
2501,sangat bagus,4,1,Positif
2502,"halah apk kikir cumau ekspor aja harus langganan, apaan bangt kek gitu",1,-1,Negatif
2503,"terlalu banyak iklan dan banyak Future yg harus perbayar juga, beda dulu.",2,-1,Negatif
2504,"aplikasi ini semuanya bayar. gimana mau edit foto dan video klo bayar semuanya. aku kasih bintang satu aja poto "" cewek telanjang di perbolehkan edit sama poto brdua dgn orang lain. aplikasi ini gak beres lagi. yg geratis poto brdua dgn orang yg gak dikenali. itu nama nya gak waras lagi aplikasi ini",1,0,Negatif
2505,bagus,5,1,Positif
2506,bagus sih,3,1,Positif
2507,banyak iklan,3,-1,Negatif
2508,rada ngeleg,5,0,Positif
2509,sangat bagus aku sukak,5,1,Positif
2510,"Jujur saja Memang Aplikasi ini Bagus, cuma yg bikin menyebalkan udah sering ngedit ujung ujungnya Harus Premium alias Berbayar, lebih baik banyak iklannya dari pada harus berbayar... tapi iklan di layar di perkecil kalo bisa jadi gak ngeganggu lagi ngedit atau lagi eksport hasil editan. dan jangan memaksa untuk di Premiumkan oke Min...?",5,-2,Positif
2511,bagus dan agak pelit kok harus berbayar,3,0,Netral
2512,bagus banget videonya juga bagus bagus lagunya juga bagus,4,4,Positif
2513,aplikasi nya sangat membantu mengedit gambar atau video,4,1,Positif
2514,asikk sapi bikin memori gak cukup ï¿½ï¿½ï¿,3,0,Netral
2515,aplikasi taiii banyak iklan.,1,-1,Negatif
2516,kenapa ya setiap mau ngedownload capcut ini selalu gak bisa? katanya penyimpanan penuh padahal gak tolong lah pihak capcut nih saya udah 6 kali download ngulang ngulang tetep aja gak bisa,1,0,Negatif
2517,kalo buka aplikasi langsung tekembali itu gimana yah,1,0,Negatif
2518,menurutku bagusï¿½ï¿½ï¿½ï¿½ï¿½ï¿½ï¿½ï¿½ï¿½ï¿½ï¿½ï¿½ï¿½ï¿½ï¿½ï¿½ï¿½ï¿½ï¿½ï¿½ï¿½ï¿½ï¿½ï¿½ï,5,0,Positif
2519,kok tambah video g bisa2 ya...jadi ribet,1,0,Negatif
2520,"udah download terus login setelah login suruh login lagi, apasih ini capcut gj banget gua kasih rating 1 karna capcut semakin hari semakin jelek alias GK jelas",1,-1,Negatif
2521,keren,5,1,Positif
2522,capcutnya bagus tapi banyak iklan sm pro jadi harus tunggui iklannya dulu,5,0,Positif
2523,alasan bintang 1 iklannya slot semuaaa,1,0,Negatif
2524,sangat bagus karena ada semua editannya gratis terimakasih telah membuat aplikasi ini,5,1,Positif
2525,cobak,5,0,Positif
2526,"ini kenapa saya selalu di tagih pembayaran sedangkan di pakai sama aja engga,cuman pajangan doang",1,0,Negatif
2527,baguss,4,0,Positif
2528,sering sendattt dan aplikasi tidak merespon,3,0,Netral
2529,cukup membantu.,5,1,Positif
2530,gak tau kenapa capcut nya gak bisa di gunakan walaupun gak penuh penyimpananya,4,0,Positif
2531,bagus banget pengeditan nya,5,1,Positif
2532,aplikasinya bagus banget,5,1,Positif
2533,"ngekspor nya lama banget padahal sinyal nya bagus ,jaringan nya juga full",3,1,Positif
2534,kenapa tidak bisa di pakeï¿½ï,1,0,Negatif
2535,ýýýýýýýýýýýýýýýýýýýýýýýý ýýýýýýýýýýýýýýýýýýýýýýýý ýýýýýýýýýýýý ýýýýýýýýýýýýýýýýýýýýýýýýýýýýýýýý ýýýýýýýýýýýýýýýýýýýýýýýýýýýý ýýýýýýýýýýýý ýýýýýýýýýýýý ýýýýýýýýýýýýýýýýýýýý ýýýýýýýýýýýý ýýýýýýýýýýýýýýýý ýýýýýýýýýýýýýýýýýýýýýýýýýýýý,5,0,Positif
2536,aplikasi nya bagus tapi kebanyakan iklan nyaa,4,0,Positif
2537,bagus tapi ada sedikit error,5,0,Positif
2538,banyak banget iklanyaa,1,0,Negatif
2539,asik dan bagus,5,1,Positif
2540,bagus banget deh ada yang sama nggak suka banget sama capcut iniï¿½ï,5,1,Positif
2541,"banyak iklan,",1,-1,Negatif
2542,All pro wkwk,5,0,Positif
2543,good,5,0,Positif
2544,sangat baguss saya suka,5,0,Positif
2545,sangat baguss dan cocok buat yang lagi mls ngedit karena sudh tersedia template nyaa,5,0,Positif
2546,aplikasi ini sangat berguna sekali untuk mengedit video,5,0,Positif
2547,bagi capcut,5,0,Positif
2548,krng ska sma apk ini yg skrng,2,0,Negatif
2549,opsi ini sangat bagus,5,1,Positif
2550,bagus,5,1,Positif
2551,aplikasi ini sngt lah bagus bgt untuk ngedit vidio atau foto,5,1,Positif
2552,ga bisa di instal karna muncul kasih sarat,1,0,Negatif
2553,sukaa abangett kataa seru gituuu,2,1,Positif
2554,"udah mah banyak iklan nya , ditambah mau ganti akun gabisa",1,-1,Negatif
2555,bagus banget saya suka aplikasi ini sangat membantu saya,5,2,Positif
2556,jelek ngebug gak bagus tolong perbaiki bintanganya satuan aja,1,0,Negatif
2557,masa sih harus bayarï¿½ï¿½ï¿½ï¿½ï¿½ï,1,0,Negatif
2558,"saya risih saat scroll pasti ketemu dengan video 18+ yang harus di geser geser itu. bukan saya saja,tapi banyak juga yang tidak suka.. tolong, blokir saja akunnya",2,0,Negatif
2559,berbayar jadi GK rekomendasi,1,0,Negatif
2560,baguss bangettï¿½ï¿½,5,0,Positif
2561,garaï¿½ï¿½ï¿½ï¿½ï¿½ï,1,0,Negatif
2562,"gajelas, ga make fitur standart pun tiba-tiba pas mau export ketedect make fitur standart.",1,0,Negatif
2563,bisa menjadi cereator,5,0,Positif
2564,"capcut sekarang aplikasinya nggk kaya dulu, banyak yang ngelag juga, terus banyak yang bayar, gimana orang cerdas mau berkreasi kalo berbayar dan suka bug terus mah",1,-2,Negatif
2565,APK sangat bagus,5,1,Positif
2566,memudahkan mengedit 100,5,0,Positif
2567,capcut apa ini mau geser tulisan malah hilang dasar gaguna kontil,1,0,Negatif
2568,bagus bgttt,5,1,Positif
2569,parah apk ini sekarang gw mau update ke pro di bilangin gratis untuk pelanggan pertama untuk 7 hari terus saya pencet tidak bisa terus lalu di suruh isi saldo untuk 1 bulan promo 7.500 sekali di bayar saldo saya di ambil 83.000 tolong lah saldo saya jadi banyak di ambil gimana ini tolong di tindak lanjut kan min klo udh nanti saya kasih reting 5,1,-1,Negatif
2570,aku kasih bintang 5 Karna aku ska sama template ini,5,0,Positif
2571,bgus,5,0,Positif
2572,asik kalau buat konten dicapcut,5,0,Positif
2573,-- i love it (( ! )) . naon sih,5,0,Positif
2574,bagus,5,1,Positif
2575,"apasihh makin maju makin nambah GB gw ga bisa ngedit ga bisa download, capcut bisa ngehargain yang hp nya android ga?",1,0,Negatif
2576,"bagus,hilang kan pembayaran",5,1,Positif
2577,sekarang capcut jadu banyak iklan gasuka,3,-1,Negatif
2578,bagus ajaaa buat ngedit konten ku,5,1,Positif
2579,"Enakan Capcut Yg dulu Daripada Yg sekarang,, anjir Berbayar Sekarang",1,-1,Negatif
2580,capcup ini sangat bagus ï¿½ï¿½ï¿½ï¿½ï¿½ï¿½ï¿½ï¿½ï¿½ï¿½ï¿½ï¿½,1,1,Positif
2581,ni apk gede banget sampe 181 mb gil,1,0,Negatif
2582,sukaa aja sih bagus,5,1,Positif
2583,ok,5,1,Positif
2584,banyak berbayar,3,-1,Negatif
2585,"jujur,capcut sangat bagus untuk mengedit sesuatu maupun foto atau video dia juga gampang di gunakan untuk anak anak yang baru belajar mengedit",5,2,Positif
2586,sekarang dikit dikit harus bayar belom lagi banyak iklan nya,1,-1,Negatif
2587,pleaseï¿½ï¿½ï¿½ï¿½ï¿½ï¿½ï¿½ï¿½ï¿½ï¿½ï¿½ï¿½ï¿½ï¿½ï¿½ï¿½ï¿½ï¿½ï¿½ï¿½ï¿½ï¿½ï¿½ï¿½ï¿½ï¿½ï¿½ï¿½ï¿½ï¿½ï¿½ï¿½ï¿½ï¿½ï¿½ï¿½ï¿½ï¿½ï¿½ï¿½ï¿½ï¿½ï¿½ï¿½ï,5,1,Positif
2588,ini kenapa capcut jadi gini setiap buka aplikasinya selalu muncul peringatan disuruh unduh versi terbaru katanya aplikasi yg ada dihpku tidak aman setelah diunduh tetep aja ngga bisa tetep muncul lagi peringatanya sampe aku hapus trs download lagi tetep muncul lagi plisss ini kenapa?tolong diperbaiki lagi!,1,0,Negatif
2589,wow bgs,5,0,Positif
2590,"knp gbs impor gambar, ada tulisan tidk dpt mengimpor elemen ini, tdk suka versi yg skrg",1,0,Negatif
2591,dikarenakan tidak bisa login dan ngeleg,1,0,Negatif
2592,menurut ku aplikasi ini sangat bagus untuk saya yang suka berpose dan mengedit dengan sangat gampang,5,2,Positif
2593,sangat bagus sekali,5,1,Positif
2594,cap,1,0,Negatif
2595,paling suka capcut gampang di pake soalnya ï¿½ï,5,1,Positif
2596,good tapi gamau ada iklannya tolong di hapus iklannya yaaï¿½ï,5,0,Positif
2597,banyak iklan,1,-1,Negatif
2598,bagus bnget untuk mengedit video saya menyukai aplikasi iniï¿½ï¿½ï¿½ï¿½ï¿½ï,5,1,Positif
2599,bagus buat edit video/foto. cuma hampir semua berbayar. dan banyak iklan jud*l nya. memnybalkan saat berkreativitas,5,-1,Positif
2600,apalah sekarang ada yg bayar kadang ni aplikasi pas liat vidio tapi kek diam aja vidionya itu padahal ada paket,3,0,Netral
2601,kalau bikin status pake JJ di capcut sukaa,5,0,Positif
2602,Mantap,5,1,Positif
2603,bagussss,5,0,Positif
2604,"karena cap cut mempunyai banyak templat,jadi mudah dicari dan hasilnya bagusï¿½ï¿½ï¿½ï¿½ï¿½ï¿½ï¿½ï¿½ï¿½ï¿½",5,2,Positif
2605,menurut saya capcut itu bagus bisa buat mengedit foto sangat bagus,5,2,Positif
2606,ini bagus banget aku suka aku kasih bintang 4,4,1,Positif
2607,"sumpah capek banget ngedit yang bagus pokok banyak video copy lalu belakang orang nya ada teks, eh malah pass download kok malah keluar jadi tampilan masuk cocotï¿½ï¿½ï¿½ï¿½ï¿½ï¿½ï¿½ï¿½ï¿½ï¿½ï¿½ï¿½ï¿½ï¿½ï¿½ï¿½ï¿½ï¿½ï¿½ï¿½ï¿½ï¿½ï¿½ï¿½",2,1,Positif
2608,sangat membanti,5,0,Positif
2609,"tolong di perbaiki ya Saya sudah berapa kali mendownload ini tapi tidak bisa trus hrus hpus Aplikasi yang saya punya Padahal Aplikasi saya Sering di pakai Dan tolong di perbaiki Contoh nya Saya ingin membuat JJ sendiri tpi hrus bayar gimana ya?saya sebagai pelajar bingung jdi hrus apa supaya dapat uang tanpa meminta ke ortu,Mohon kerja samanya..terimakasih ï¿½ï¿½ï¿",1,0,Negatif
2610,"bisa gak apa"" tuh jangan pro mulu",3,0,Netral
2611,"tolong dong update terbaru ada bug layout dari sisi untuk tambah video bergabung dengan tanda back, sehingga ketika ingin tambah video malah ke back",3,-1,Negatif
2612,bagus,5,1,Positif
2613,4 dululah nnti kalo lebih bagus dr kemarin aku tambah lagi oke??,4,2,Positif
2614,"download puluhan kali ditolak melulu, diarahin ke berbayar jd males.udah di ikutin semua instruksi tetep gabisa.cape!",1,-1,Negatif
2615,aku suka loh,5,0,Positif
2616,"pas ekspor masa di suruh bayar padahal ak ngambil efek, stiker, dll serba gratis kok, mau ekspor malah di lama lama in gara gara disuruh bayar walaupun tetep bisa ekspor tapi kan ngabis ngabisin waktu, tolong dong di PERBAIKI ak jd susah kalau mau ngedit",1,0,Negatif
2617,:ka knp bintang 5? apk ini bagus banget biat ngeditï¿½ï¿½ï¿½ï¿½ï¿½ï¿½ï¿½ï¿½ï¿½ï¿½ï¿½ï¿½ï¿½ï¿½ï¿½ï¿½ï¿½ï¿½ï¿½ï¿½ï¿½ï¿½ï¿½ï¿½ï¿½ï¿½ï¿½ï¿½ï¿½ï¿½ï¿½ï¿½ï¿½ï¿½ï¿½ï¿½ï¿½ï¿½ï¿½ï¿½ï¿½ï¿½ï¿½ï¿½ï¿½ï¿½ï¿½ï¿½ï¿½ï¿½,5,3,Positif
2618,banyak tontonan bokep nya,2,0,Negatif
2619,capcut nya sungguh tidak baguss saya Sarani cap cut nya di perbaiki,1,0,Negatif
2620,capcut memang membanggakan org seduniya 100 mantap,5,1,Positif
2621,soalnya nelag banget min ï¿½ï¿½ï¿½ï¿½ï¿½,2,0,Negatif
2622,udah ribet sekarang yaaa...,1,0,Negatif
2623,bagus,5,1,Positif
2624,sangat mendukung,5,0,Positif
2625,"kacauu parah, saya tidak dapat posting template, saya tidak dapat posting template alasan aplikasi tidak resmi, padahal saya unduh di sini",1,-1,Negatif
2626,"This app is very usefull, but you know there so many locked feature because CapCut is kikirï¿½ï¿½ï¿",3,-1,Negatif
2627,"kebanyakan iklan skrg, mana iklannya gak bermanfaat.",1,-1,Negatif
2628,kikir knltl dikit dikit pro ngtt ngelujak anj,1,-1,Negatif
2629,"jujur awal pakai suka walaupun bisa kepakai fitur gratisnya , sampai berlangganan selama setahun . habis langganan , pakai fitur gratis kok jadi ngeleg videonya , kirain gara2 belum di upgrade , setelah di upgrade semakin menjadi2 ...parah , kayak ga ada fungsinya lagi untuk dipakai seterusnya ...ï¿½ï¿½ï¿½ï¿½ï¿½ï¿½ï¿½ï¿½ï¿½ï¿½ï¿½ï¿½ï¿½ï¿½ï¿½ï¿½ï¿½ï¿½ï¿½ï¿½ï¿½ï¿½ï¿½ï¿½ï¿½ï¿½ï¿½ï¿½ï¿½ï¿½ï¿½ï¿½ï¿½ï¿½ï¿½ï¿½ï¿",2,-2,Negatif
2630,bagus,5,1,Positif
2631,ok,5,1,Positif
2632,saya sangat suka aplikasi ini. terus berkarya,5,0,Positif
2633,Agak Kurang sih setelah Update jadi Makin Lag kalo habis mengekspor DAN KETIKA DI LIAT VIDIO NYA MALAH HITAM SEMUA HADEH!,1,-1,Negatif
2634,bagus tapi banyak iklan,4,0,Positif
2635,ok,4,1,Positif
2636,pliss ini gimana cara atasi foto tidak mau muncul saat memakai template jj ya? asal ke capcut pasti cuman bisa edit foto doang,2,0,Negatif
2637,bisa nyedot saldo karna pernah berlangganan,1,0,Negatif
2638,editanya sgt muluss loffyuuu capcut,5,0,Positif
2639,kok muncul suruh update dari yoko resmi padahal ini pasang darinplaystore,1,0,Negatif
2640,Saya tidak bisa membuka aplikasi nya muncul trus pemberitahuan keamanan,1,0,Negatif
2641,no 1 buat ngedit paling woow,5,0,Positif
2642,makin lama makin kikir,1,-1,Negatif
2643,baguss tpi ada pengeditan yang berbayar jdi agak susah buat ngedit yang populer dan baguss karna kbnykn pro,3,-1,Negatif
2644,bagus cocok buat nge jj,5,1,Positif
2645,"Full iklan, kikir, berbayar semua",1,-3,Negatif
2646,cocok neh buat bikin statusssï¿½ï¿½ï¿½ï¿½ï¿½ï¿½ï¿½ï¿½ï¿½ï¿½ï¿½ï¿½ï¿½ï¿½ï¿½ï¿½ï¿½ï¿½ï¿½ï¿½ï¿½ï¿½ï¿½ï¿½ï¿½ï¿½ï¿½ï¿½ï¿½ï¿½ï¿½ï,5,0,Positif
2647,aplikasi bagus dan gak berbayar tapi ada juga yang berbayar ï¿½ï,4,-1,Positif
2648,aplikasi yg keren,4,1,Positif
2649,dikit dikit pro anjr,2,0,Negatif
2650,turunin lah MB capcut jadi 37 MB baru kami senang,3,0,Netral
2651,ekstrak audio aja bayarï¿½ï,1,0,Negatif
2652,gw udah donlod hp abis 100mb ko malah jadi patah patah,1,0,Negatif
2653,terlalu banyak iklan dan semua berbayar,1,-2,Negatif
2654,kerja bagus,5,1,Positif
2655,"bagus, tapi kalo bikin foto itu keblur, dan banyak iklan berjud*l",3,0,Netral
2656,cocok untuk mengedit foto/video dan cocok untuk ngejeje,5,0,Positif
2657,"apk kikir, smuanya aja di buat pro -_-",1,-1,Negatif
2658,bagus sekali ini aku suka . 67 six seven,5,1,Positif
2659,dasar kikir,1,-1,Negatif
2660,mines nay aku ga bisa,5,0,Positif
2661,bagus,5,1,Positif
2662,"sudah berbayar, gak seperti dulu+banyak iklan judol",1,-2,Negatif
2663,apk kikir jirï¿½ï¿½ï¿,1,-1,Negatif
2664,bagus,5,1,Positif
2665,gratis buat pengguna baru ? aplikasi secam kata nya gratis eh pas di coba berbayar capek deh capek bobrok aplikasinya,1,-1,Negatif
2666,kikir tapi ok,5,0,Positif
2667,bagud,5,0,Positif
2668,bagus dehhh pokok nya,5,1,Positif
2669,"aku dah ekspor lama bgt karena aku mau hd, malah hasilnya hitam semua",5,0,Positif
2670,"woy capcut lu mau naik haji yaa semua premium, mau ngasih sound aja premium",1,-2,Negatif
2671,BEST TERIMAKASIH,5,0,Positif
2672,Soalnya aku butuh banget sama capcutï¿½ï,5,0,Positif
2673,keren,5,1,Positif
2674,"perbaiki bug sound template nya, mengapa jika di dengar kan dengan teliti sound nya seperti cepat tiba tiba di bagian tengah video,saya tidak bisa mengatasi bug ini!",2,-2,Negatif
2675,Sangat bagus untuk editan foto,4,1,Positif
2676,"aku mau komplen,aku beli langganan satu bulan,capcutunya udah pro,tapi creditnya masih 0",1,0,Negatif
2677,sekarang banyak STANDAR bayar!,1,0,Negatif
2678,capcut jos jis,5,0,Positif
2679,bagus,5,1,Positif
2680,saya suka karena bisa ngejj ayden Jeffry,4,0,Positif
2681,bagus banget,1,1,Positif
2682,"singkat padat ""kikirï¿½ï¿½ï¿""",1,-1,Negatif
2683,download aplikasi nya lama banget jadi saya beri satu bintang tolong saat download di percepat,1,0,Negatif
2684,kurang suka karna ada iklan nya,4,-1,Positif
2685,berat beratin aja tapi seru,4,1,Positif
2686,aku lumayan suka tapi kadang ada iklan jadi aga suka,3,-1,Negatif
2687,aplikasi nya bener bener membantu saya banget bagus banget jujur,5,2,Positif
2688,"kebanyakan loading gila, sinyal bagus data juga bagus.",1,2,Positif
2689,bagus banget aku suka banget,5,1,Positif
2690,catcut sekarang dah banyak iklan,1,-1,Negatif
2691,ýýýýýýýýýýýýýýýý,5,0,Positif
2692,kece buat ke tiktokin,5,0,Positif
2693,sekarang banyak bgt iklan nya jujur klo iklan nya kyk iklan apk msih mending lh ini iklan jud*l,1,-4,Negatif
2694,ok,5,1,Positif
2695,saya tidak ingin berlanganan kenapa saldo dana saya bisa di ambil,1,0,Negatif
2696,ini bagus dan cocok buat edit dan upload di youtubeï¿½ï,5,1,Positif
2697,bagus bgtt,5,1,Positif
2698,"Ok, edit AI mengakomodir mantap lah",5,2,Positif
2699,"semenjak ugrade terbaru sangat susah di edit tidak bisa lagi di edit, karna waktu tambah video tombol tambah itu berdekatan dengan tombol menu kembali handphone. enak y kemaren",1,0,Negatif
2700,"masuk, keluar mlu padahal kg ngeleg EHH APA PERLU DITEGASIN, DIPERBAIKI LAGI LAH,MKIN KESINI MAKIN NGELEG, SETIAP MAU LIAT VIDEO YG MAU DIPOST SELALU NGELEGGGG PADAHAL HP AING GA NGAPAï¿½ï¿½ï¿½ï¿½ï¿½ï¿½ï¿½ï¿½ï¿½ï¿½ï¿½ï¿½ï¿½ï¿½ï¿½ï¿½ï¿½ï¿½ï¿½ï¿½ï¿½ï¿½ï¿½ï¿½ï¿½ï¿½ï¿½ï¿½ï¿½ï¿½ï¿½ï¿½ï¿½ï¿½ï¿½ï¿½ï¿½ï¿½ï¿½ï¿½ï¿½ï¿½ï¿½ï¿½ï¿½ï¿½ï¿½ï¿½ï¿½ï¿½ï¿½ï¿½ï¿½ï¿½, PERBAIKI DEHH YG NGELEGG,SETIAP MAU DIPOST. SEHARUSNYA CAPCUT KLO UDH BERKEMBANG HARUS BAGUS BUKA",1,0,Negatif
2701,seru karana bagus di edit aku kasi bintang lima izin,5,2,Positif
2702,terlalu sering update tapi fiturnya tetap sama dan sangat besar di memori internal.,2,0,Negatif
2703,"jujur udah muak sama apk ini, sering kali buat aku naik darah terus, padahal aku butuh aplikasi ini buat ngedit project ujikom sekolah tapi ada aja gebrakan nya, penyimpanan ku udah ku kurangin sama beberapa aplikasi aku hapus sementara tetap aja ngelag pas ngedit video nya",1,0,Negatif
2704,bgs bngt buat ngedit.jd aku download capcut,5,0,Positif
2705,sangat kere,3,0,Netral
2706,suka suka tapi kurang suka editan nyaa,4,0,Positif
2707,best aplikasi nyah tapi tolong di percepat kalo lagi edit tuh yah,5,0,Positif
2708,bagussss sss,5,0,Positif
2709,Sip lah,5,0,Positif
2710,capcut tolol,1,0,Negatif
2711,seruu asik bagus juga template nyaa,5,1,Positif
2712,berguna banget bagi saya karena bisa mengedit sepuasnya,5,0,Positif
2713,bagus banget tapi kurangin pro nya,5,1,Positif
2714,Apk ya bagu lancar kok ï¿½ï¿½,5,1,Positif
2715,ok,5,1,Positif
2716,ni cangcut lamaï¿½ï¿½ï¿½ï¿½ï¿½ï¿½ï¿½ï¿½ï¿½ï¿½ï¿½ï¿½ï¿½ï¿½ï¿½ï¿½ï¿½ï¿½ï¿½ï¿½ï¿½ï¿½ï¿½ï¿½ï¿½ï¿½ï¿½ï¿½ï¿½ï¿½ï¿½ï¿½ï¿½ï¿½ï¿½ï¿½ï¿½ï¿½ï¿½ï¿½ï¿½ï¿½ï¿½ï¿½ï¿½ï¿½ï¿½ï¿½ï¿½ï¿½ï¿½ï¿½,3,0,Netral
2717,bagus bangettt,5,1,Positif
2718,bagus tapi jangan kikir yaï¿½ï,4,0,Positif
2719,bgs si tapi kebelet hajiï¿½ï,5,0,Positif
2720,tolong gimana buka aplikasi ini,5,0,Positif
2721,asal masuk iklan mana iklannya lama banget,1,-1,Negatif
2722,"saya tak perna berlangganan eeh malah pulsaku terkuras, harus di perbaiki",4,0,Positif
2723,ketinggalan zaman,1,0,Negatif
2724,Capcut bego saldo terakhir gua buat makan malah di potong pdhal ga di apa apain download aja kga capcut miskin,1,0,Negatif
2725,berbayar smua,1,-1,Negatif
2726,tuhan tolong aku katakan padanya aku cinta dia bukan soal jodoh,5,0,Positif
2727,semenjak berbayar jadi gaenak dipakai,1,-1,Negatif
2728,"jujur saya pengguna lama, tapi aplikasi ini bagus banget buat ngedit kayak gimana gituhhï¿½ï¿½ï¿",5,1,Positif
2729,pengguna template hehe,5,0,Positif
2730,aku suka meng ngedit vidio di sini dan aku suka melihat video yang bagus aku suka mengedit vidio.,5,1,Positif
2731,saya ngasih bintang 5 ya karena saya baik ï¿½ï¿½ï¿,5,0,Positif
2732,Selalu muncul iklan and Banyak template yang berbayar,3,-2,Negatif
2733,aplikasi nya bagus banget buat edit foto dan video,5,1,Positif
2734,GK jelas fitur standar malah di anggap fitur pro,1,0,Negatif
2735,DEYY HAMPIR SEMUA FITUR SEKARANG BAYAR WOK.,3,0,Netral
2736,eh gw tukang ngonten kenapa ekstak lu biayain aku doakan kamu GK bakal ramai di 2026 September jelek GK kayak dulu lu itu kikir rakus memori jugak apalagi dikit dikit pro dikit dikit biyaya sekarang iklan tuh kan kelihatan rakus nya perasaan aplikasi selain ini ada loh yang bagus dan gratis ini udah updheat dikira bagus ternyata malah nambah sombong besok nya dan seteurs nya GK usah up dheadï¿½ï,1,-1,Negatif
2737,bagus banget,5,1,Positif
2738,Iklan lu asli ganggu banget,1,-1,Negatif
2739,bagus,5,1,Positif
2740,"berbayar aja sekalian semua, kalo 123 boleh lah ini semua bayar mending pake yg lain dah",1,-1,Negatif
2741,"bagusss, tapi kadangg berbayarr tapii di aku sekarang jadii jarang ada iklan, klo dulu kan iklann trs setiap mau ekspor,kalo sekarang nggaa, semogaa gini terussï¿½ï",4,-1,Positif
2742,"APK edit KIKIR, gak guna banget",1,-1,Negatif
2743,"aku kasi bintang 1 , apaan banget sih.. udah lama lama edit smpe 4 jam an, pas mau ekspor malah berbayar, pas udah mau dihapus yang berbayar nya tetep ada tulisannya.. tolong y capcut. saya lebih suka yang dulu, kebanyakan gratis dan lebih enak ngeditnya, masa cuma suara diekstrak aja pake bayar? kebelet kaya kah? cuma gt doang loh. saya bakal up lagi kalo udah di update pembaruan",1,-2,Negatif
2744,"jujur gasuka pas nge export msih sering ngebug, mana parah bgt ï¿½ï",4,-1,Positif
2745,aplikasi kikir banget jirrr,1,-1,Negatif
2746,dasar kikir,1,-1,Negatif
2747,jujur sekarang capcut legg kalau mau pencet template suka gak ada sama kalau mau ekspor lama 1 jam lebih hanï¿½ï¿½ï¿½ï¿½ï¿½ï,4,0,Positif
2748,saya penguna lama capcut tapi napa sekarang ada iklannya judi lagi,1,0,Negatif
2749,bagus bgt,5,1,Positif
2750,makin kalitalis saudara2 uninstall bai,1,0,Negatif
2751,Bagus,5,1,Positif
2752,sangat bagus tapi ada iklan nya,4,0,Positif
2753,ke cangcut,1,0,Negatif
2754,suka banget sama capcut,5,0,Positif
2755,apk ga jadi di gunakan,1,0,Negatif
2756,baguss banget seruuu Dll,5,0,Positif
2757,saya kurang suka tamplet nya Karana berbayar semua udah gitu banyak iklan nta,1,-2,Negatif
2758,sangat buruk bisa bisanya banyak gambar template nya yang tidak pantas!!!! seharusnya pihak capcut lebih waspada,1,-1,Negatif
2759,mantap,5,1,Positif
2760,"bagus si, ga prnh ktngalan trnd' lainnya juga, tapi ada 1 yg gua benci, memo gua slalu hbis",3,1,Positif
2761,trimakasih tuk aplikasi yang menyajikan untuk orang sepertiku!.,5,0,Positif
2762,bagus cuma kadang ngelagg,4,1,Positif
2763,aplikasi mata duitan mending pake am gak sih,1,0,Negatif
2764,aplikasi ini dapat membuat video yg bagus,5,1,Positif
2765,JELEK JANGAN DI COBA,1,-1,Negatif
2766,wahhh aku terkesan ï¿½ï¿½ï¿,5,0,Positif
2767,good,5,0,Positif
2768,Apkasi yang sangat job,5,0,Positif
2769,terlalu banyak iklan,1,-1,Negatif
2770,setiap saya mengedit selaluu PATAh patah tolong ya. di perbaiki dah jelas gw dh makek hp Oppo 13 a pro,1,0,Negatif
2771,loading nya lama sekali,1,0,Negatif
2772,apk nya bagus sih tapi banyak bug tolong di perbaiki ï¿½ï¿½ï¿,3,0,Netral
2773,bagus dan mantap dan udh ga ada iklan,5,1,Positif
2774,ýýýý,5,0,Positif
2775,bagus aplikasinya tapi templat nya ada yang suruh bayar,5,1,Positif
2776,ckp mebantu,4,0,Positif
2777,saya sangat suka dengan aplikasi yang satu ini karna bisa membuat poto saya jadi baguss gituh pokonya debes bangetï¿½ï¿½ï¿,5,0,Positif
2778,"sangat buruk,engga bisa beli yang standarï¿½ï",1,-1,Negatif
2779,"aplikasi nya bagus,grafik nya pun bagus,tapi...,pas saya istal kayak lama banget ke dowlot nya,padahal udah 100%,tolong di perbaiki",3,2,Positif
2780,membantu,5,1,Positif
2781,aku tidak terlalu suka kerena aku ngedit agak susah,3,0,Netral
2782,cavcut sekarang gak kaya dlu sekarang mah kebanyakannya harus bayar,1,0,Negatif
2783,"ini sangat bagus banget, tapi kalo aku bikin kayak vidio vidio itu suka ngeleg dan langsung kembali, tolong ya di perbaiki",4,1,Positif
2784,bagus aja sya jadi bisa nih ngedit,5,1,Positif
2785,sangat bagus,5,1,Positif
2786,najis berbayar njir,1,-1,Negatif
2787,"mantap, bagusï¿½ï",5,2,Positif
2788,aplikasi kikir suka iklan tapi fitur kecil doang di suruh bayar lolot bet mending apk sebelah ga kikir banyak bugnya lagi mau eskspor malah disuruh bayar kon,1,-3,Negatif
2789,gk bisa ekspor jir gak maju maju,3,0,Netral
2790,bagus bgt untuk edit video foto. template nya bnyk dan bagus semua. mudah juga,5,3,Positif
2791,"jujur aja saya pakai capcut untuk template vidio trend aj, karna cuma capcut yg banyak template nya.. saya GK bisa pake capcut buat animasi syaa pake alight motion, walaupun GK ngerti cara pake capcut yg penting ada template jj nya :D",4,0,Positif
2792,aplikasi apaa inii ga pantas,1,0,Negatif
2793,bgus JJ nya,4,0,Positif
2794,bagus banget buat JJ pokoknya kayak berasa nonton di tiktok sumpah ï¿½ï¿½ï¿½ï¿½ï¿½ï¿½ï¿,4,1,Positif
2795,bagus sih,5,1,Positif
2796,"capcut taiii,dana gw habis tibaï¿½ï¿½ï¿½ï¿½ï¿½ï¿½ï¿½ï¿½ï¿½ï¿½ï¿½ï¿½ï¿½ï",1,-1,Negatif
2797,aplikasi nya bagus gak lemot jadi bisa ngedit vidio buat konten,5,0,Positif
2798,banyak sekali template jorok tolong di perbaiki dan di banned saya yang merasa di bawa umur tidak pantas melihat template yang seperti itu,2,0,Negatif
2799,berguna untuk mengedit,5,0,Positif
2800,ni Capcut emang udah kikir banget ya masa keluar terus lalu mau bikin jj iklannya bangnyak banget mending pindah aja ke alight motion,1,-1,Negatif
2801,kikir bngt najis,1,-1,Negatif
2802,"tolong biar kayak dulu, jangan premium, kalo bisa fitur premium di hapus aja!, gw capek, walaupun masih bisa ngedit, tapi, tetep jangan premium, tolong lah gw gak suka yang berbayar kalo soal ngeditï¿½ï¿½ï¿",2,-4,Negatif
2803,ada nya aplikasi CapCut saya bisa edit gambar video macem macem bagus sekali,5,1,Positif
2804,"jujur nih ya,karena setiap edit dicapcup kayak hasilnya tuh lebih bagus",5,1,Positif
2805,efeknya buram kalok di sw kan ke wa,5,0,Positif
2806,"pokoknya ini aplikasi wor it banget sih buat para kalian yang suka ngedit gitu terutama bagi pelajar, cocok banget buat ngedit ,, tapi ada juga fitur yang prem nya , tolong ya di kurangi fitur premnya ï¿½ï",5,0,Positif
2807,tolong benarï¿½ï¿½ï¿½ï¿½ï¿½ï¿½ï¿½ï¿½ï¿½ï¿½ï¿½ï¿½ï¿½ï¿½ï¿½ï¿½ï¿½ï¿½ï¿½ï,1,0,Negatif
2808,"notifikasi terlalu menganggu, iklan terlalu banyak bagi pengguna biasa",2,-1,Negatif
2809,bagusss bangettttt ï¿½ï¿½ï¿½ï¿½,5,0,Positif
2810,bagus untuk jj,5,1,Positif
2811,"aplikasi kikir, template aja make duit .. bagusin capcut dulu tolong",1,-1,Negatif
2812,sangattt banguss,5,0,Positif
2813,bagus sih tapi aku gak sukanya mesti suruh bayar kalo di capcut,4,1,Positif
2814,cantik bangetttt aku suka CapCut cantik cantik editan nyaï¿½ï¿½ï¿½ï¿½ï¿½ï,5,0,Positif
2815,pindah ke sini(capcut) alight motion susah bingung dan berbayar njirr dah :3,5,-1,Positif
2816,bagus cocok,5,1,Positif
2817,sangat membantu,5,1,Positif
2818,berguna banget si menurut aku aplikasi ny,5,0,Positif
2819,tolong iklan judol nyaa di hapuss,5,-1,Positif
2820,jgn banyakin apa apa di bayar dongï¿½ï,5,0,Positif
2821,proyek gw dicorrupt pdhl tinggal ekspor BADJINGANNN,1,0,Negatif
2822,bagus baanget nih aplikasi tapi nginstalnya lamaï¿½ï¿½ï¿,5,1,Positif
2823,efek viral dikit2 pro njir,3,0,Netral
2824,sangat bagus dan canggih,5,1,Positif
2825,bagus sih tapi suka ngeleg kalau bikin jj,5,1,Positif
2826,bagus banget,5,1,Positif
2827,"pas proses editing sering crash, parah ni aplikasi, mana udah langganan yang pro, kalian kalau mau langganan dipikirkan lagi daripada nyesel",1,-2,Negatif
2828,dasar aplikasi kikir semua aja harus pro,1,-1,Negatif
2829,Maksih ya untuk aplikasinya bagus banget buat orang-orang yg gak bisa ngedit di am,5,1,Positif
2830,apk kikir anj,2,-1,Negatif
2831,seru bgt kalau ngedit tapi ngelek apa karna wifi ya,5,0,Positif
2832,"sudah berkali' dwonload sama saja tidak bisa dan harus menghapus beberapa memori padahal memori Saia udh Saia hapus hingga kosong tetapi capcut sama saja tidak bisa yakali Saia harus hapus wa sama Ig,and shope? Saia juga ada barang yang lagi di antar",1,0,Negatif
2833,"mau pencet lirik otomatis malah capcutnya keluar terus, pas mau dibuka ga bisa, ini bug atau apa ya!",1,-1,Negatif
2834,aplikasi yang bagus,5,1,Positif
2835,"aplikasi ini sudah bagus. namun sering ada bug, dan semua hampir vitur pro. jadi harus bayar. kalo menurut aku sih, lebih bagus yang dulu",4,1,Positif
2836,g terinstal,2,0,Negatif
2837,ini bagus bangett,5,1,Positif
2838,bagus,5,1,Positif
2839,keren,5,1,Positif
2840,bngst gw hpus 3 apk TPI ga ke download gw hps lgi ini aplikasi anj ga guna mending am saran gw ga usah di downloadï¿½ï,1,0,Negatif
2841,kenapa saya gabisa mendowlond kalao udah selasi itu ngedowlond lagi dan gabia di donwlond hasilnya,5,0,Positif
2842,"tolong jangan ada pro, bayar, gratis i aja semua kalau tidak punya uang mending kerja jangan manfaatin kita , coba mikir sebelum berbuat , hilangin iklan nya tolongg jawab pertanyaan ini semua , masih mending Lo ya aku kasih rating 5 , kalauu nggak punya uang tuu bilanggg aja , aku jugaa nggak suka ya ada iklan judi"" , kuu tunggu balas an mu",5,-2,Positif
2843,fitur nya jangan pro nanti soalnya saya miskin,5,0,Positif
2844,mantappp,5,0,Positif
2845,harus bayar kalo mau edit,1,0,Negatif
2846,maaf ya kenapa saya kasih 2 karana banyak sekali iklan dan juga ada iklan yang isi nya virus gitu coba bisa gak hapus iklan nya saya trauma sma iklan virus ya jadi sekali lagi mohan maaf,2,-4,Negatif
2847,sangat berguna untuk mengedit video atau foto,5,0,Positif
2848,"apk nob, gass sparingga lwan alucard gweh",5,0,Positif
2849,ýýýýýýýýýýýýdong aku mau ngedonglod capcut,5,0,Positif
2850,"bagus bgt, menurut saya ini meskipun beberapa ada yang bayar tapi not bad lah",4,1,Positif
2851,woy capcut tolol saldo gw berkurang garaï¿½ï¿½ï¿½ï¿½ï¿½ï¿½ï¿½ï¿½ï¿½ï¿½ï¿½ï¿½ï¿½ï¿,1,0,Negatif
2852,seru banget bisa membuat vidio cuma kalo masuk plis jangan pake email atau nomor wa saya soalnya suka lupa,5,1,Positif
2853,bagus tapi kurang karena ada iklannya,4,1,Positif
2854,sangat bagus,5,1,Positif
2855,"kenapa saya bilang mau membatalkan uji coba tidak bisa, aplikasi jelekkk",1,0,Negatif
2856,Mayan bagus,4,1,Positif
2857,"saya ingin mendownload apk ini tetapi tidak bisa ""belum cukup ruang"" padahal apk sya sudah sangat dikit.. tolong dipertimbangkan lagi untuk mb nya",1,0,Negatif
2858,kecewa,1,-1,Negatif
2859,mantap,4,1,Positif
2860,"sip, kalau ada kasih free pro",5,0,Positif
2861,baguss,5,0,Positif
2862,karena bagus aja,5,1,Positif
2863,bagus banget,5,1,Positif
2864,"banyak iklan jud00l,itu aja cukup",2,-1,Negatif
2865,saya sangat suka dengan capcut sekarang karena kalau kita maungedit simpel aja gag perlu ribet jadinya,5,1,Positif
2866,bagus2 template nya kane bgt,5,0,Positif
2867,the best pokomya buat admin tiktok klas mh.,5,0,Positif
2868,ýýýý,5,0,Positif
2869,capcut nya sangat lah bagus,5,1,Positif
2870,woi kalo bikin apilikasi ja gan sus apa lagi banyak anak anak apa lagi bayak cewek sus tolong blokkir akun cewek sus,1,0,Negatif
2871,SUMPAH.. NGEDIT JADI MAKIN SUSAH.... gegara fiturnya pro semua.. kalo kyk gini tarus capcut sepi.. dev nya bangkrut.. ini aplikasi paling kikir yg pernah gw download.... sumpah tolong kurangi fitur berbayar nya.. aswï¿½ï¿½ï¿½ï¿½,1,-2,Negatif
2872,KENAPA pas aku donwold ulang ga bisaa,3,0,Netral
2873,bagus sekali dan mau ngedit apapun bisa,5,1,Positif
2874,Kenapa tidak bisa di download ï¿½ï¿½ï¿½ï¿½,2,0,Negatif
2875,malas aplikasi suka keluar masukk ngelek jg,1,-1,Negatif
2876,top,5,0,Positif
2877,ini banyak template yang bagus bafus sih,4,1,Positif
2878,bagus walaupun ada iklan nya,5,0,Positif
2879,banyak iklan. semuanya berbayarï¿½ï,1,-2,Negatif
2880,bnyk iklan,1,-1,Negatif
2881,saya sebenarnya sangat suka aplikasi ini. tapi sangat banyak iklan dan sulit dibuka. saya harus hapus download lagi berulang2. karena tidak mau dibuka. kalau bisa tolong dong jangan susah dibuka aplikasinya.,1,-2,Negatif
2882,keren dan mermanfaat,4,1,Positif
2883,sangat bagus,5,1,Positif
2884,aplikasi ini bagus untuk mengedit,3,1,Positif
2885,mantap,2,1,Positif
2886,aplikasi terbukti Dan baik' di gunakan,5,0,Positif
2887,apknya bagus sih tapi sekarang kebanyakan yang pro,4,1,Positif
2888,pengguna baru jadi tak kasih ratting 4 aja duluï¿½ï¿½ï¿½ï¿½,4,0,Positif
2889,bagus,5,1,Positif
2890,"sering ngelag tapi bgs sih, walaupun ada sedikit kendala tpi bgs bgs ajaï¿½ï¿½ï¿½ï¿½",4,0,Positif
2891,lagi di pakai besok besok nya enga bisa mohon di perbaiki kalau sudah di perbaiki saya akan kasih bintang ï¿½ï¿½ï¿½ï¿½ï¿½ï¿½ï¿,2,0,Negatif
2892,sangat membantu mengedit video dan kaya akan fitur2 menarik,5,1,Positif
2893,jujur bagus sih bisa buat JJ yng Kaye gitu bagus pokonya dan gak banyak iklan ya ï¿½ï¿½ï¿½ï¿½ï¿½ï¿½ï¿,5,1,Positif
2894,"Can CapCut be used offline, such as using effects, animations, etc. Some of us have difficulty using it because of a bad internet connection :(",3,0,Netral
2895,aplikasi sangat bagus ï¿½ï,1,1,Positif
2896,lebih di jaga jaga y jelek banyak pembokep ï¿½ï¿½ï¿,1,-1,Negatif
2897,jlek jlek jelek simpen ini simpen itu smua harus bayar bnyak iklan lagi pdahal saya dari awal udah pkek apk ini udah lama tapi skarang males liat aja males busuk,1,-2,Negatif
2898,bagus,5,1,Positif
2899,enak banget,4,0,Positif
2900,menurut saya baguss,5,0,Positif
2901,mantap apk capcut tapi banyak yang premium,5,0,Positif
2902,jadi kalo mau ngedit gampang aja sih yaudah tapi banyak iklannya,3,1,Positif
2903,"sumpah bagus banget wajib di download ini buat kalian sangat membantu, terimah kasih atas aplikasi capcut, dan jangan lupa kalian kalo udah download wajib kasih bitang 5 wajib itu, karna aplikasi ini sangat bagus dan membantu",5,4,Positif
2904,bagus,5,1,Positif
2905,Apknya bagus cuma setiap mau edit ada fitur PROnya terus sering ngeleng tapi ya kalau buat edit kerja kelompok masih bisa terus setiap kali mau masuk ke capcutnya harus nungu lama gitu dan ada bugnya jadi tolong di perbaiki ya ï¿½ï,5,1,Positif
2906,nyedot gopay dan ada tagihan nya waktu itu cobain di premium in sekali malah keterusan dan tiba tiba nyedot gopay,1,-2,Negatif
2907,"bnaya berbayar,hasil tidak memuaskan!!!!",2,-1,Negatif
2908,nyata beneran,5,0,Positif
2909,the best deh capcut mah buat ngedit ngedit baik aku kasih bintang 5,5,0,Positif
2910,Udah app ini boros kuota apalagi gampang leg untuk hp kentang buat template malah bug udah kikir pula iklannya gak ngotak bgt udahlah capcut jangan kasih fitur banyak tapi gak guna malah Menuhin memori yg ada udah berat lagi,1,-1,Negatif
2911,"Tolong ya capcut kalo mao narik uang langganan dikasih informasi terlebih dahulu, agar kita bisa tau kebutuhan nya, jangan main potong saldo orang aja, dan tolong kembaliin uang langganan saya, yang tidak sengaja ditarik karna ga ada informasi terkait penarikan, terima kasih!",1,0,Negatif
2912,bagus banget kalau mau bikin jj cepet tinggal nyari jj nya yg saya suka walaupun kadang ada iklan tapi tetep bagus dan cepat,1,1,Positif
2913,aplikasi BERBAYAR !!!!!,1,-1,Negatif
2914,aplikasi ajing gak ada yang garatis,1,0,Negatif
2915,"Beberapa tombol, tidak berfungsi. banyak bugnya",1,0,Negatif
2916,Kwalitas tolong ditingkatkan agar kedepannya cap cut lebih maju dan berkwalitas,5,0,Positif
2917,uang saya dipotong langsung sedangkan sya tidak menggunakan,1,0,Negatif
2918,"entah kenapa tapi sekarang capcut itu kalo mau pake template susah banget, template nya diem nggak gerak, padahal dulu nggak ï¿½ï¿½ï¿½ï¿½ï¿½ï¿½ï¿",2,0,Negatif
2919,bisa edit terus jadi enak,5,0,Positif
2920,sangat bagus,5,1,Positif
2921,"ayolah kenapa ini capcut makin kikir sama makin nge lag,bayangin apa apa semua berbayar",4,-3,Positif
2922,fam nya tinggi sekali trus banyak JJ atau yang lainnya harus di bayar,1,0,Negatif
2923,"ini bagus sekali bunda babak Adel Adel kakak Abang Abang,ï¿½ï¿½ï¿½ï¿½",5,1,Positif
2924,bagus,5,1,Positif
2925,jelek,1,-1,Negatif
2926,bagus,5,1,Positif
2927,yeayy,5,0,Positif
2928,jelek.,1,-1,Negatif
2929,g suka aja karna banyak iklannya dan juga harus hapus aplikasi nya,3,0,Netral
2930,bagusï¿½ï,5,1,Positif
2931,Ok juga,2,1,Positif
2932,udah banyak yg berbayar.ngebaknya parah banget pula.goodbay dah capcut,1,-1,Negatif
2933,Udah nggak kayak dulu lagi,1,0,Negatif
2934,"Why does CapCut have so many pros now, even though this application is really good if there are no videos and ads, even if you make a 3-second video, the video gallery turns black, why not just like before? because CapCut was better before than now jika sudah diperbaiki saya kasih bintang 5ï¿½ï¿½ï¿½ï¿½ï¿½ï¿½ï¿½ï¿½ï¿½ï¿½ï¿½ï¿",4,0,Positif
2935,"bagus bgt, saya suka pakai saat ngedit dance, jj, dll. Keren bgt pokok nyaaa!! ï¿½ï¿½ï¿½ï¿½ï¿½ï¿½ï¿½ï¿½ï¿½ï¿½ï¿½ï¿½ï¿½ï¿½ï¿½ï¿½ï¿½ï¿½ï¿½ï¿½ï¿½ï¿½ï¿½ï",5,1,Positif
2936,bagus,5,1,Positif
2937,menggunakan apk ini sangat bagus untuk membantu mengedit secara detail dan menarik,5,2,Positif
2938,bagus banget buat ngedit videy,5,1,Positif
2939,apk yg merugikan hati hati soalnya saldo dana atau metode pembayaran akan tiba tiba kepotong sendiri tanpa sepengetahuan anda jangan di download,1,0,Negatif
2940,DEVELOPER TOLONG DEVELOPER KERJA SAMANYA TOLOOONG BANGET REFUND LANGGANAN SAYA TOLONG BANGET ITU DUIT TERAKHIR SAYA MOHON BANGET DEVELOPER,1,0,Negatif
2941,"capcut sekarang banyk vidio 18+ ny mohon di hapus y, soal nya banyk banget vidio bokep di capcut",2,0,Negatif
2942,jujur saya pengguna lama lebih bagus capcut yang dulu dibanding yang sekarang banyak iklan,2,0,Negatif
2943,kenpaaa sudah menghapus semua data tetep susah di download kenpaa ribet gini sihhh,1,0,Negatif
2944,banyak vidio yang tidak pantas dilihat oleh anak berusia 18 ke bawah,1,0,Negatif
2945,"ikan udah sampai 3x aja 30detik lagi, jaman udah beda ya agak kntl tapi okeï¿½ï",1,1,Positif
2946,"hang mulu,",1,0,Negatif
2947,bagus,5,1,Positif
2948,"jangan download aplikasi ini karna terlalu banyak iklan jika iklan nya di ilangin baru enak di gunakan,mohon di hilangkan iklan nya",1,-3,Negatif
2949,baguslah,5,0,Positif
2950,mantepp,5,0,Positif
2951,bagus,5,1,Positif
2952,"bagus,udah kirimin uang 1jt ,udh aku kasih bintang 5",5,1,Positif
2953,kenapa g bisa di buka? selalu muncul notif PEMBERITAHUAN KEAMANAN VERSI SAAT INI TIDAK AMAN,1,0,Negatif
2954,dalam percobaan,4,0,Positif
2955,kembalikan capcut yang dulu min soalnya yang sekarang kebanyakan iklan yang gak jelas dan gak berfaedah,1,-1,Negatif
2956,parah ngelag abis ini tadinya lancar banget kirain dari tab saya pas buka ulasan banyak yang ngeluh ngelag edit videonya dan suka tiba-tiba keluar dari proses editing bikin kesel banget,1,0,Negatif
2957,Sukaaaa Bangetttt,5,0,Positif
2958,Tidak bisa di Download,1,0,Negatif
2959,sangat senang,5,0,Positif
2960,lebih simpel menurut gue,5,1,Positif
2961,lama kelamaan apk ini MB nya makin besar dan hampir semua fitur nya berbayar,1,-1,Negatif
2962,"lumayan bagus ,cuma kebelet naik haji ya cangcut?ï¿½ï",3,1,Positif
2963,bagus,5,1,Positif
2964,capcut sekarang eror ya?? aku pengguna lama skrng klo baru masuk liat 1 templat aja terus aku kembali ke beranda malahan ilang semuaa kaya hrus ngulang gitu baru masuk smpe lama' aku banting hp nya hiii kesel bgt jujur yaa ini tiap aku masuk apknya,1,0,Negatif
2965,aplikasi kikir cuma dowload vidio aja suruh bayar 7k dih paan coba mana cuma 7hari lagi,1,-1,Negatif
2966,kikir bgt wokï¿½ï,1,-1,Negatif
2967,KIKIR TINGKAT DEWA,5,-1,Positif
2968,ada kesalahan,1,0,Negatif
2969,sekarang tidak bisa di download lagi entah kenapa?ï¿½ï,1,0,Negatif
2970,jngn ngeleg trus hrs gratis,1,0,Negatif
2971,"jujur, menurut saya capcut itu bagus untuk edit dibandingkan alight motion (menurut saya)dan juga dulu saya pernah tiba tiba dapet fitur standar atau pro selama 1 bulan secara tiba tiba dan saya tidak kekurangan sedikitpun uang saya yang direkening jadi lumayan lah.",5,1,Positif
2972,lawak di pake kaga saldo di sedot tanpa sepengtahuan,1,0,Negatif
2973,semoga menyenangkan dan tidak prabayar,5,0,Positif
2974,agak tolol tapi gpp,1,0,Negatif
2975,ok mantap,5,2,Positif
2976,"Aku seneng bgt ngedit pake capcut karena nyaman. Tapi 1 masalahnya itu pas lg ngedit tiba tiba aja iklan, jadinya pas proses editnya terganggu. Sama kalo bikin durasi video yg panjang, malah kyk lemotï¿½ï¿½ï¿½ï¿½ï¿½ï¿½ï¿½ï¿½ï¿½ï¿½ï¿½ï¿½ï¿½ï¿½ï¿½ï¿½ï¿½ï¿½ï¿½ï¿½ï¿½ï¿½ï¿½ï¿½ï¿½ï¿½ï¿½ï",3,-2,Negatif
2977,"Ni knp lh capcut? soal kikir skip dulu lh, masalah nya memuat efek cuma 30% doang behh 7 menit baru selesai, ekspor juga, ni capcut buat kaum apalh? ï¿½ï¿½ï¿",4,-1,Positif
2978,menurut saya capcut yg sekarang kurang menarik soalnya berbayar dan menggunakan iklan saya harap ada perbedaan dilain hari itu saja,1,-2,Negatif
2979,"makin lama makin jijik, fitur dikit iklan g ngotak",1,-1,Negatif
2980,bagus,5,1,Positif
2981,ini bagus banget,5,1,Positif
2982,Apli Kasi Ini Bisa Ngedit Dan Kren,5,0,Positif
2983,"Hasil export video tidak bisa ke memori penyimpanan lain, hanya bisa tersimpan ke memori penyimpanan internal",1,0,Negatif
2984,"ini saya mau download capcut kok gabisa Mulu ya, padahal memori saya belum penuh, plisss diperbaiki. tolong sama seperti biasanya tidak bisa di download pdhl memo saya gapenuh!!!",1,0,Negatif
2985,makin banyak pengguna makin kikirï¿½ï,4,-1,Positif
2986,"memiliki editan yang Sangat keren sampai bisa mencari lirik,dan request di pencarian",5,1,Positif
2987,"saya pengguna lama capcut, sekarang saya makin gak suka karena banyak iklannya, tolong lah capcut iklannya di kurangin..",5,0,Positif
2988,"sialan banget katanya uji coba gratis selama seminggu,gw baru make sehari mau di batalin malah gak bisa di sistem play store nya udah batal cuma saldo gw udah kepotong gimana nih kelanjutannya??",1,0,Negatif
2989,sangat berguna untuk tugas sekolah,5,0,Positif
2990,kenapa gak bisa pasang edit pake gif?,4,0,Positif
2991,"Kebanyakan upgrade, bentarï¿½ï¿½ï¿½ï¿½ï¿½ï¿½ï¿½ï¿½ï¿½ï¿½ï¿½ï¿½ï¿½ï¿½ï¿½ï¿½ï",4,0,Positif
2992,gede bngt penyimpanan nya,3,0,Netral
2993,sangat bagus,5,1,Positif
2994,mantap lah pokoknya,5,1,Positif
2995,saya sangat suka,5,0,Positif
2996,ok,5,1,Positif
2997,"kurang kurangin iklan judol sama iklan yang ga bener. mau itu berbayar atau ga itu ga penting, tapi iklan nya udah bener bener ganggu!",1,-4,Negatif
2998,bikin lag,1,-1,Negatif
2999,"banyak video 18+nya, tolong hilangkan video porno di capcut",1,0,Negatif
3000,waahh keren banget aplikasi ini,5,1,Positif
3001,Suka banget lagu dan jj nya candu udah gk usah edit tinggal ekspor terus jadi deh enakkk banget app ini kalian wajib donwlod app capcut ini sihhhhï¿½ï¿½ï¿½ï¿½ï¿½ï,5,0,Positif
3002,"fitur sedikit, dikit dikit bayar, payah ï¿½ï",1,0,Negatif
3003,mengekspor nya lama banget,2,0,Negatif
3004,menurut saya aplikasi capcut ini sangat keren dan bagus jadi kasih bintang ï¿½ï¿½ï¿½ï¿½ï¿½ï¿½ï¿½ï¿½ï,5,2,Positif
3005,bagus untuk ngedit dan gampang digunakan,5,2,Positif
3006,ngabisin penyimpanan,1,0,Negatif
3007,sangat baguss pokoknya,5,0,Positif
3008,aplikasi cangcut editor,5,0,Positif
3009,"Haii capcut ini sudah bagus kok menurut saya dan baik tapi memang sekarang itu tidak seperti yang dulu,effect dan slowmo dan resolusi 1080p aja berbayar kalo bisa sebagian aja dari effect yang berbayar saran saya jangan semua nya pro, mungkin kalo bisa kedepan nya semoga udah gratisan ya amin",5,-1,Positif
3010,"bagus sangat membantu tugas sklh dalam mengedit,dan menyelesaikan pekerjaan dengan cepat",5,2,Positif
3011,sangat baik,5,0,Positif
3012,tolong kembalikan dana saya sebesar 83.250 karna ada kesalahan pencet saya sudah pengajuan refund tapi ga balik juga,1,0,Negatif
3013,sagat jelek,1,-1,Negatif
3014,seru dan bermanfaat,5,1,Positif
3015,"bagus sih bahkan lebih bagus dari am(menurut ku)tapi knp sekarang semuanya pro? dulu sebelum banyak yg unduh app ini semua gratis,tapi sekarang semua pro dikit dikit pro ï¿½ï",3,2,Positif
3016,sangat bagus cuma klo mau di expor aga ngeleg,5,1,Positif
3017,ap nya sering rewel,3,0,Netral
3018,sangat bagus,5,1,Positif
3019,aku bakal kasih kamu 5 bitang karena kamu kalo ngedit keren bangett tauuukkï¿½ï¿½ï¿,5,1,Positif
3020,bisa edit video,5,0,Positif
3021,selalu ngfreme knp ya,3,0,Netral
3022,vitur pro nya kebanyakan cik mending apk sebelah dari pada iniï¿½ï,1,0,Negatif
3023,adain capcut lite pls..,4,0,Positif
3024,sangat bagus,5,1,Positif
3025,bagus tapi ngelew,3,1,Positif
3026,tiktok ku jadi rame karna capcut,5,0,Positif
3027,di capcut enak ngedit nya cepet ga pake lamaaa,4,0,Positif
3028,"berbayar banget wok,kikir abis dah ini",2,-2,Negatif
3029,banyak banget yang ga bener co,1,0,Negatif
3030,APLIKASINYA BAGUS DAN SEMUA CINEMATIC ADA SEMUA DI CAP CUT,5,1,Positif
3031,cuh aplikasi berbayar semua,1,-1,Negatif
3032,bagus bgt pokoknya,5,1,Positif
3033,lama menginstal nya,1,0,Negatif
3034,bagus banger template nya,5,1,Positif
3035,Bagus,5,1,Positif
3036,bagus buat edit foto atau video jadi jjï¿½ï,4,1,Positif
3037,bagus,5,1,Positif
3038,oke.,5,1,Positif
3039,good,5,0,Positif
3040,jujur capcut lebih rekomended di banding aplikasi edit vidio lain lebih maju,5,0,Positif
3041,menurut saya bagus banyak pilihan buat ngontenï¿½ï¿½ï¿½ï¿½ï¿½ï¿½ï¿½ï¿½ï¿½ï¿½,5,1,Positif
3042,bagus aja suma kadang kadang suka lag,4,0,Positif
3043,biasa aja,1,0,Negatif
3044,bagus tapi agak jelek tapi kadang rusak juga,5,0,Positif
3045,Sekarang sering banyak iklan nya males,1,-1,Negatif
3046,bagus bagus banget mantap untuk ngedit dan lain lain,5,3,Positif
3047,ga bisa di instal tolol banget,1,0,Negatif
3048,kebanyakan iklan dan dikit dikit bayar wkwk,1,-1,Negatif
3049,vidio n foto yg baru digaleri ad TPI mau edit TDK kebaca dicapcut,3,0,Netral
3050,apk kikir,1,-1,Negatif
3051,aplikasinya sangat bagus saya pakai tiap hari untuk mengedit foto dan saya upload pokoknya aplikasi ini the best untuk dipakai mengedit saya sarankan tolong iklannya jangan terlalu banyak,5,1,Positif
3052,sangat bagus,5,1,Positif
3053,bagus aplikasi nya,5,1,Positif
3054,seru,5,1,Positif
3055,woi capcut lu bisa ga sih gw mau edit momen kocak bedwars malah di suruh bayar kintil kauï¿½ï¿½ï¿½ï¿½ï¿½ï¿½ï¿½ï¿½,1,0,Negatif
3056,"Aku gak tau kenapa ya, soalnya dulu download aplikasi ini gak ada masalah, tapi dari Minggu kemarin aku nyoba download lagi gagal terus, padahal spesifikasi, dan storage masih bisa nampung",1,0,Negatif
3057,bagus sekali ï¿½ï¿½,5,1,Positif
3058,akuu udahh jagoo edittï¿½ï,5,0,Positif
3059,saya menggunakan capcut sngat lam tpi gak enak ny bnyak sekali iiklan jud*l saya reting 2 bintang,2,0,Negatif
3060,"tolonglah jangan ada iklan apalagi iklan jud#l dan jangan kikir,mb nya banyak banget dan perasaan dulu itu semua gratis",5,-3,Positif
3061,bagus. tapi kok aku ga bisa perbesar gambar yg udah ku add ke video ya? mohon perbaikannya,4,1,Positif
3062,"skrng makin bagus TPI di beberapa hp slowmo nya ngeleg"" knp yah?",5,1,Positif
3063,bagus cuma kebanyakan pro,5,1,Positif
3064,jelek dan tidak berfungsi,1,-1,Negatif
3065,ýýýýýýýýýýýýýýýýýýýýýýýýýýýý,1,0,Negatif
3066,tidak fantazh,3,0,Netral
3067,capcut makin banyak iklan nya Sampek kesel mau ngedit aja ngelek parah banget padahal sinyal bagus,1,-2,Negatif
3068,Karena seru,5,1,Positif
3069,seru bisa ngedit,5,1,Positif
3070,mudah di gunakan untuk pemula,5,1,Positif
3071,"kak. tolong perbaiki untuk kecepatan suara. sekarang aku kalau bikin kecepatan suara dari duplicat video pasti suaranya pecah. sampai stress gmn caranya suara gak pecah. gak bisa diulang jg sama aja. mau edit video bukannya jd vagus, malah jelek jd bikin stress. toloooooong kak. kalau sudah bisa aku ganti bintangnya... ini capcutku yy tipe standar. sebelumnya gak masalah lho padahal. haloooo kak, knp blm diperbaikiiiii",1,-1,Negatif
3072,ýýýýýýýýýýýýýýýýýýýýýýýý ýýýýýýýý ýýýýýýýýýýýýýýýýýýýýýýýý,1,0,Negatif
3073,Bagus banget buat ngedit gfx jadi ketagihan karena udah tau semua fitur nya mantap,5,2,Positif
3074,adalah pokoknya,1,0,Negatif
3075,capcut good job,5,0,Positif
3076,kenapa sihh pas mau nyimpen layarnya jadi gelapp?!!,3,0,Netral
3077,update terus yaa sampe leg kalo mau masuk belum di update hadeh,3,0,Netral
3078,bagus untuk ngedit tapi lama,5,1,Positif
3079,sangat membantu,5,1,Positif
3080,mantap bingit pokonyaa kalo udh ku Puni gini brarti jangan makan puji yaï¿½ï¿½ï¿,4,1,Positif
3081,"aplikasi nya sudah bagus,banyak editan yg keren. tapi kenapa banyak video yg tidak pantas untuk ditonton bahkan sampe direkomendasikan. jujur saya kecewa dengan rekomendasi nya yg tak pantas",5,2,Positif
3082,"Bagus, aku suka aplikasi nya karena memudahkan ku untuk mengedit. sudah 3 tahun menggunakan apk ini dan gak ada masalah... namun, banyak fitur' nya yang pro meski tetap ada yang gratis tapi setidaknya jangan HAMPIR SEMUANYA! pro, tapi aku tetap suka dan masih gak terlalu mempermasalahkan fitur' pro itu karena aku tetap bisa ngedit (tapi setidaknya di KURANGIN LAAH KADANG ADA YANG AKU PERLUKAH VITUR NYA!!) ï¿½ï¿½ï¿½ï¿½ï¿½ï¿½ï¿½ï¿½",4,1,Positif
3083,ntah lah .. banyakan yang bayar,1,0,Negatif
3084,kenapa sya kasih bintang 4 karna banyak iklan ya mohon di perbaiki ya itu saja yg lainya bagus ko,4,0,Positif
3085,saya tidak bisa mendownload apk ini padahal Masi ada penyimpanan nya,1,0,Negatif
3086,"hampir semua pake bayar,makan banyak ruang,apknya suka lag parah",2,-2,Negatif
3087,bagus bgt aplikasi nya mendukung banget bagi yg suka ngonten nih,5,1,Positif
3088,banyak yang berbayar,2,-1,Negatif
3089,"bagus sih, tpi klo lgi serius ngedit tiba' iklan jadi mlss",3,0,Netral
3090,bagus,5,1,Positif
3091,tapi kurang kan standar ya terima kasih,5,0,Positif
3092,wah makin lama makin bagus dehh,5,1,Positif
3093,bagus aplikasi ya,5,1,Positif
3094,ini bantu saya buat bikin animasi,5,0,Positif
3095,bagus,5,1,Positif
3096,bagus,5,1,Positif
3097,aplikasi nya bagus cuman minus nya gampang bikin naik darah banyak drama banyk iklan,5,1,Positif
3098,aplikasi ini sangat berguna untuk saya,5,0,Positif
3099,bajus makasih Uda bantu bikin JJ,5,0,Positif
3100,"sukaaaa bngettt sama ini, tapi banyak fitur bayarnya... tpi kemaren itu aku mencoba fitur pro/bayar tpi masih uji coba jadi gratis.. tpi ternyata aku ga kepake lgi jdi ga aku perpanjang ehh ternyata dia perpanjang sendiri tanpa bayarï¿½ï¿½ï¿½ï¿½ï¿½ï¿½ï¿½ï¿½ï",5,0,Positif
3101,mau pro mau biasa sama aja suka keluar2 sendiri,1,0,Negatif
3102,"udah bayar mahal,aplikasi ngelag not respond. LAPTOP GW LEGION 5 35JUTA GAMUNGKIN DONG KARNA DEVICE",1,-1,Negatif
3103,kenapa capcutnya tidak bisa buat edit,3,0,Netral
3104,ýýýý,5,0,Positif
3105,um okelah,3,0,Netral
3106,rese,1,0,Negatif
3107,"bagus sih tapi terlalu banyak pro ny, jadi agak mls ama capcut",4,1,Positif
3108,"bagus,sih tapi kuraangin iklan jud'l ya!!",5,0,Positif
3109,"bagus,aesthetic bangett",5,1,Positif
3110,"Satu kata buat capcut ""DONGO"". Optimalin lah aplikasi ini buat hp yg device-nya rendah. Ini capcut dibuat edit aja ngeleg parah. Kalo kagak diperbaiki secepat mungkin, pengguna capcut bakal berkurang.",1,-1,Negatif
3111,Bagus tapi kebanyakan iklan dan template banyak yg tdk senonoh,2,0,Negatif
3112,"bgus bgtt aku sukaa,jujur banyak iklany tpi bagussss,ilove capcut,BTW MNURUT AKH,BAGUSS BGTT5",5,0,Positif
3113,Tolong balas pesan ini.... banyak sekali orang lain membuat template berbahaya berisi tak senonoh dengan cara menutupi background agar tidak ketahuan ... video tidak ke detec (banned) .... Tolong banned semua orang yang menggunakan konten yang tak senonoh seharusnya template digunakan untuk editing video ( mempermudah) bukan untuk hal yg tidak pantas.... jika terus terusan seperti ini pengguna lain akan risih dan tidak nyaman menggunakan template,3,0,Netral
3114,saya sudah hapus semua hampir semua gameï¿½ï¿½ï¿½ï¿½ï¿½ï¿½ï¿½ï¿½ï¿½ï¿½ï¿½ï¿½ï¿½ï¿½ï¿½ï¿½ï¿½ï¿½ï¿½ï¿½ï¿½ï¿½ï¿,1,0,Negatif
3115,ga bisa diaplod ga ebanï¿½ï,5,0,Positif
3116,ngerugiin org mending gausah download ini apk...,1,0,Negatif
3117,"bagus sekali aplikasi nya mantappp,tapi usaha kan JJ nya yang keren keren yaï¿½ï¿½ï¿",5,3,Positif
3118,"saya sangat suka!,tapi biasanya kalo instal gandtï¿",5,0,Positif
3119,keren banget,5,1,Positif
3120,SAYA INGIN MENDOWLOAD APLIASI INI,5,0,Positif
3121,suka banget sama aplikasi nya,5,0,Positif
3122,c c apaaaaa capcut sungguh mempeeeee sonaaaaaaaaaa,5,0,Positif
3123,"gabisa di buka sama sekali, padahal memo belum penuh, jelek",1,-1,Negatif
3124,jujur bagus sih tapi sayang nyah banyak iklan jadi gak mod kalo ada iklan apa lagih iklan ju* tapi bagus kok aku kasih bintang duaa yaaa,2,-1,Negatif
3125,mantap kalii,5,1,Positif
3126,bagus,1,1,Positif
3127,"sangat bagus, sya kash 3 bintang dulu ya",3,1,Positif
3128,bagus ajaa,5,1,Positif
3129,eh bagus aja sih,4,1,Positif
3130,topppï¿½ï,5,0,Positif
3131,aku suka tapi banyak iklan nya,5,-1,Positif
3132,kenapa sekarang capcut jadi bayarr saya kasi bintang satu karena lebih bagus alight motion dari pada ini ... sedangkan kalo capcut sekarang mah bayarrr iya ga guysss ..kasi bintang 1 guyss,1,1,Positif
3133,"keterlaluan,hampir semua fitur premium/pro",1,-1,Negatif
3134,salah nyaaa sering buatt hp ak panas,5,0,Positif
3135,karna seru,5,1,Positif
3136,Capcut anda iklan terus kalau capcut saya tidak memiliki iklan lainnya,5,-2,Positif
3137,apk kikir,1,-1,Negatif
3138,saya kurang menyukai capcut tapi sebenarnya capcut itu emang bgus buat bikin JJ Roblox apa ngk JJ ff tapi masalnya kalau kamu ingin meng download atau update pasti lama ï¿½ï¿½,1,0,Negatif
3139,sangat bagus,5,1,Positif
3140,capcut nya bagus Dan menarik,3,1,Positif
3141,BANYAK BUG NYA,2,-1,Negatif
3142,apk kikirrrr,5,0,Positif
3143,kita bisa mambuat jj tiktok buat velocity an yang seru banget,5,1,Positif
3144,"min, tolonglah segera acc pengembalian dana, masa tiba tiba berlangganan sendiri, padahal engga pernah sebelumnya tolonglah duit pas pasnya buat bayar spp pas mau di tarik malah kesedot",1,-1,Negatif
3145,bagus cuman kurangi iklanya aja makasih,5,1,Positif
3146,"bagaimana cara membatalkan langganan yang gak sengaja ke pencet berlangganan?, udah buka di play store to dijagain langganan gak ada aplikasi yg berlangganan",1,0,Negatif
3147,"pakai capcut sekarang banyak banget bayar ini itu, mau edit vidio untuk tugas sekolah aja harus premium",1,-1,Negatif
3148,aku suka banget capcut,5,0,Positif
3149,aplikasi nya bagus,5,1,Positif
3150,aplikasi ini sangat bisa membantu untuk mengedit foto/video,5,1,Positif
3151,"singkat aj si, banyakin evaluasi buat aplikasi nya, bukan mlh tmbh parah kek iklan jud*l, keabnyakan BAYAR and harus STANDARï¿½ï",1,-2,Negatif
3152,"bagus banget buat bikin meme kucing,JJ nya juga keren keren",5,3,Positif
3153,enak untuk ngedit video terus ringan di hp kentang dan gak gampang eglak,5,1,Positif
3154,"Bnyak video porno berkedok template tolong lah pihak capcut atasi atau banned akunya permanen,yg pake capcut bukan dewasa doang,anak kecil juga ada",1,0,Negatif
3155,sekarang capcut sudah di salah gunakan dengan video yang tak senonoh jdi bntang 1,1,0,Negatif
3156,apk nya bagus suka dehh sma template nya,5,1,Positif
3157,bagus bikin jj,5,1,Positif
3158,apk sangat menyenangkan,1,0,Negatif
3159,aplikasi ini sangat berguna untuk nengungah video,5,0,Positif
3160,bagus sekali,5,1,Positif
3161,bagus ya bagus tapi banyak bgt iklan nya jadi aku kesel dari tadi,4,1,Positif
3162,ngeleg banget cok,2,0,Negatif
3163,baguss ngedit nya lancar,5,1,Positif
3164,bagus dan juga bisa membantu saya buat video,5,2,Positif
3165,banyak bet iklan nya njir,1,-1,Negatif
3166,"semakin lama efek semakin dijadikan pro. juga klo ga login trus bikin video, cc kehapus, pas di dwnld lgi video ny ilang. ga asik.",2,0,Negatif
3167,Assalamualaikum nama saya Alia saya suka banget aplikasih capcut ini karna bisa bikin aku bahagia,5,0,Positif
3168,sangat menarik,5,0,Positif
3169,baik tapi ada iklan ju*i nyaaa,3,-1,Negatif
3170,lumayan buat bikin video,4,0,Positif
3171,aku suka hasil editanya ï¿½ï,4,0,Positif
3172,aplikasi nya bagus,5,1,Positif
3173,saya sangat suka sekali,5,0,Positif
3174,b aja,2,0,Negatif
3175,bagus bangetï¿½ï¿½ï¿½ï¿½ï¿½ï¿½ï¿½ï¿½ï¿½ï¿½ï¿½ï¿½ï¿½ï¿½ï¿½ï¿½ï¿½ï¿½ï¿½ï¿½ï¿½ï¿½ï¿½ï¿½ï¿½ï¿½ï¿½ï¿½ï¿½ï¿½ï¿½ï¿½ï¿½ï¿½ï¿½ï¿½ï¿½ï¿½ï¿½ï¿½ï¿½ï¿½ï¿½ï¿½ï¿½ï,5,1,Positif
3176,caccut itu bagus buat saya Edit foto dan video,4,1,Positif
3177,bagus d,5,1,Positif
3178,CAPCUT SANGAT SEMPURNA,5,0,Positif
3179,maaf ya kk sya kurang suka banyak iklan jud*l nya :(,2,-1,Negatif
3180,aku suka sama pidoya,5,0,Positif
3181,paling ga suka karena iklan nya segudanggg,1,-1,Negatif
3182,sangat memuaskan,5,0,Positif
3183,lumayannn cumaa banyakk bgtt iklan nyaaa dann iklann nyaa ituuu kdngg agkk sesat gituuu tolongg lebihh bijaksana dalam membuat iklanï¿½,5,-2,Positif
3184,aku suka,1,0,Negatif
3185,capcut sebenernya bagus tapi tolong lah iklannya jangan ada iklan judol,1,0,Negatif
3186,banyak iklannya,1,0,Negatif
3187,saya sebenarnya tidak langganan tapi cap cut miskin tibaï¿½ï¿½ï¿½ï¿½ï¿½ï,1,0,Negatif
3188,mantap karana ada nya capcut ngedit Poto vidio jadi mudah,5,2,Positif
3189,karna gak bisa di download ih sebel,1,0,Negatif
3190,No koment,4,0,Positif
3191,bagusss bgttt!!!!!,5,0,Positif
3192,menyebalkan,1,0,Negatif
3193,banyak iklanya buruk sekali buat update tan sekarang,1,-1,Negatif
3194,bagus bgt bisa ngedit vidio,5,1,Positif
3195,"I had a very positive experience with CapCut Customer Support. The team was kind, patient, and very understanding throughout the process. They handled my concern professionally and resolved it in the best way possible. I truly appreciate the care and effort they gave to my case. This experience left a strong and positive impression on me. Thank you so much for your excellent supportï¿½ï¿½ï¿½ï¿½ï¿½ï¿½ï¿½ï¿½ï¿½ï¿½ï¿½ï¿½ï¿½ï¿½ï¿½ï¿½ï¿½ï¿½ï¿½ï¿½ï¿½ï¿½ï¿½ï¿½ï¿½ï¿½ï",5,0,Positif
3196,"Rendnering Lambat, Cepat ya bayar.",1,0,Negatif
3197,"cupcut ini jahat bgt awalnya ada bayar promo lalu otomatis perpanjang mana 2x lipat harganya setiap bulan kepotong saldo di dana,untung saya gak pakai banking",1,0,Negatif
3198,"makin kesini malah makin absurd , kebanyakan iklan makin burukï¿½ï",1,-2,Negatif
3199,jujur menurut saya ini aplikasinya bagus banget,5,1,Positif
3200,WAh aplikasi bagus bgt,5,1,Positif
3201,aplikasi terlalu banyak iklan jelek banget,4,-2,Positif
3202,saya sudah berhenti langanan tapi tetap masih ada penagihannya apk gak jelas,1,0,Negatif
3203,bagus,5,1,Positif
3204,"Makin update makin jelek, banyak iklan, awal mau masuk selalu layar putih terus jadi harus buka ulang, makin banyak template yang pro nggak kayak dulu",1,-2,Negatif
3205,Apk nya makin kikir atau pelit,1,-1,Negatif
3206,untuk kreatorr lumayann lah yaaa cuannnï¿½ï¿½ï¿,5,0,Positif
3207,"tidak bisa dipakai, disuruh unduh versi terbaru terus, padahal udah update yg terbaru",2,0,Negatif
3208,apk pelit masa semua harus berlangganan bangkrut baru nyaho,1,0,Negatif
3209,Ok yes,5,1,Positif
3210,Loading terus,1,0,Negatif
3211,tolong iklannya jangan iklan judol,1,-1,Negatif
3212,video cacat tidak dapat diperbaiki atau tidak tampil sama.sekali tapi kredit tetap berkurang dan tidak ada solusi,1,0,Negatif
3213,udah ga bisa gratis,1,0,Negatif
3214,menurut ku bagus tapi cuma al edit foto yang tidak sesuai ekspektasi aja,5,1,Positif
3215,aplikasi macam apa ini seenak jidat aja motong duit orang tanpa persetujuan.. yang gak enak ny lagi dia motong saldo kita tengah malam ï¿½ï,1,0,Negatif
3216,aplikasi TDK bisa di dowlond,5,0,Positif
3217,"aku baru bersihkan sampah,tiba"" gabisa padahal memo banyak bngt ini dri pl nya ap gmn ya aku mau kasih bintang 3 dlu ini menurut aku",3,0,Netral
3218,baguuuus aplikasinya saya suka...tanpa iklan d mengedukasi,5,-1,Positif
3219,menurut saya si ok la dn bagus untuk yang hp nya ga bisa main ff kroco bebas,5,2,Positif
3220,aplikasi keren banget,5,1,Positif
3221,bayarr truss,1,0,Negatif
3222,tidak bisa berhenti berlangganan,1,0,Negatif
3223,Tidak bisa di buka,1,0,Negatif
3224,"aplikasi membagongkan saya berlangganan tiap bulan, tapi setiap mau ambil audio selalu gagal haram jadah",1,0,Negatif
3225,bagus dan simple,5,1,Positif
3226,"lama lama apk ini bayar semua, walaupun emang bagus tapi ya.., pas saya mau ngedit video yang bagus cuma yang pro, kalau gak yg pro b aja editannya",3,2,Positif
3227,sangat menarik,5,0,Positif
3228,sangat pantastis,5,0,Positif
3229,makin lama makin kikir siapa pagi klo bukan capcut,1,-1,Negatif
3230,tidak bisa di donglott,1,0,Negatif
3231,sangat bagus dan cocok untuk edit JJ dan edit foto kita berdua perbaiki apa kurang di capcut,5,1,Positif
3232,jangan donglod GK bisa di buka,1,0,Negatif
3233,Aplikasi ini sangat bagus sekali untuk kita.,5,1,Positif
3234,bagus editan nyah,5,1,Positif
3235,CAPCUT BIKIN GW NGURAS DUIT DASAR CAPCUT GA BERGUNA,1,0,Negatif
3236,sekarang selalu nge-leg pdhl sinyal Wifi bagus bagus aja!!,1,2,Positif
3237,banyak iklan/jadi banyak yang berbayarr sedikit ngedit juga jadi susah apa apa harus VIP hergh mending pindah ke sebelah aja serba ada VIP cuman 1k cuman di ALIGHT MOTION,1,-1,Negatif
3238,"aplikasi kikir tidak tahu malu, yang dulu nya serba free sekarang harus bayar Semoga ada balasan yang setimpal padamu",1,-1,Negatif
3239,"tolong pihak Capcup,Kembalikan Dana saya, Saya tidak menyetujui Pembelian,sya",1,0,Negatif
3240,aplikasi nya berguna banget untuk konten kreator yang mau buat vidio nya menjadi lebih bagus dan menarik,5,1,Positif
3241,banyak iklan,1,-1,Negatif
3242,"jangan bug terus ya, udh bgus cuma klo lgi butuh tba tba lag",5,-2,Positif
3243,apl sangat memuaskan,5,0,Positif
3244,kerennn,5,0,Positif
3245,mantap,5,1,Positif
3246,"bagus"" aja cuma kebanyakan pro",3,1,Positif
3247,bagus,5,1,Positif
3248,"mengedit jd lebih gampang, thanks capcut",5,1,Positif
3249,bagus,5,1,Positif
3250,Capcut ï¿½ï,5,0,Positif
3251,saya sangat kecewa pas Saya buka capcut ada aja lewat yang ga harus di liat 18+ tolong di perbaiki soalnya tiba tiba ada video gitu,3,-1,Negatif
3252,"ini aplikasi apaan, udah berlangganan pro 1 tahun, mode pelacakan tidak fokus saat di expo? yang benerlah bikin aplikasi? udah sering update, malah gak becus ï¿½ï",1,0,Negatif
3253,capcut ini sangat baguss sekali,5,0,Positif
3254,"udh rame trs viral jd kikir, anj bgt",1,-1,Negatif
3255,"udah kikir, banyak yg upload konten porno lagi sekarang di apk ini, minimal hapus atau banned permanen perangkat yang upload konten tidak senonoh di apk ini, bukan nya jadi apk ngedit+template astetik, malah jadi apk porno, udah gua riport template begituan tapi masih ada yang begitu, ayo lah bro, ini apk buat bikin template sama makai template, bukan buat upload video bokep untuk di tonton orang orang, untuk developer yg tegas dong jangan sampai nanti nih apk jadi sarang porno",1,-1,Negatif
3256,mantap,5,1,Positif
3257,bagus banget,5,1,Positif
3258,alasannya namanya mirip cangcut akuhhh ï¿½ï¿½ï¿½ï¿½ï¿½ï,1,0,Negatif
3259,aplikasinya sangat bagus,5,1,Positif
3260,kerrrennn,5,0,Positif
3261,baik,5,0,Positif
3262,mantap,5,1,Positif
3263,"mines gvlog, pulsa gw di ambil cuman buat uji coba, perampokan, gw download capcut cuman buat pajangan doang, eh malah apknya maling pulsa gw, balikin, udh gw hapus apk capcut, apk g guna.",1,0,Negatif
3264,karena bisa mengedit video bagus,2,1,Positif
3265,capcut kebelet naik haji y?smuanya prasaan pro,1,0,Negatif
3266,aku suka capcut ini tapi tolongdong iklan nya kebanyakan,5,-1,Positif
3267,capcut sekarang beda gak asik yang dulu,1,0,Negatif
3268,sekarang capcut banyak standar dan harus bayar padahal dulu capcut gratis semua,4,0,Positif
3269,kecilin lagi dong gb nyah,1,0,Negatif
3270,gak bagus karena memori ya besar,1,1,Positif
3271,"cari sholawat yang kita suka ,selalu ngga ada ya, ngga lengkap gitu ya udahlah ngga apa""",4,0,Positif
3272,saya kasih bintang 5 karena saya kasihan ke editornya takutï¿½ï¿½ï¿½ï¿½ï¿½ï¿½ï¿½ï¿½ï¿½ï¿½ï¿½ï¿½ï¿½ï¿½ï¿½ï¿½ï¿½ï¿½ï¿½ï¿½ï¿½ï¿½ï¿½ï¿½ï¿½ï¿½ï¿½ï¿½ï¿½ï¿½ï¿½ï¿½ï¿½ï¿½ï¿,5,1,Positif
3273,aku kasih bintang lima template2 ny baguss baguss semua,5,0,Positif
3274,CapCut babi emang,1,0,Negatif
3275,baguss bgttt,5,0,Positif
3276,asikk,5,0,Positif
3277,bagus,5,1,Positif
3278,ga mau ke download apk nya,1,0,Negatif
3279,bagus,5,1,Positif
3280,bagus buat ngedit vd,5,1,Positif
3281,APASII?! KENAPA PAS MASUKIN VIDEO YG MAU DI EDIT MALAH JADI KEPOTONG DAN TIDAK FULL VIDEO NYA?! INI BUG ATAU APAAN? DI PERBAIKI KEK MINIMAL,2,-1,Negatif
3282,Bagus banget sampai mamaku suka,5,1,Positif
3283,"burikkk, masa dikit"" bayar si ï¿½ï¿½ï¿",1,0,Negatif
3284,top,5,0,Positif
3285,"y,lah bgs",5,0,Positif
3286,bagus bgttt,5,1,Positif
3287,bagus,5,1,Positif
3288,karna bisa bikin edit,5,0,Positif
3289,bilang berlanganan 17rebu pas di bayar tbtb 80k sampah bat apk nya,1,0,Negatif
3290,bagusss bggtttttt sumpah trs klo kita LG galau atau LG jatuh cinta bisa ke capcut suka bgttt sama capcut satu ini trs aku paling suka bgt klo aku LG liat teman ku munafik klo di ketik langsung ada sukaaaaaa bgttttttttttttt,2,0,Negatif
3291,ok,4,1,Positif
3292,banyak iklan nya gska,2,-1,Negatif
3293,keren,5,1,Positif
3294,"katanya uji coba 7 hari gratis, tp knp kok saldonya tetep kepotong diawalï¿½ï¿½",3,0,Netral
3295,kurang bgs eee,1,0,Negatif
3296,saya sangat suka,5,0,Positif
3297,kenapa saldo saya terpotong sendiri saya ingin refund transaksi kemarin yang di 9 April dg nominal 16 ribu tolong kembalikan saya butuh duit itu capcut,1,0,Negatif
3298,seru,5,1,Positif
3299,tidak bisa diinstal,1,0,Negatif
3300,keren bgt,5,1,Positif
3301,gk tau pngen aja ksih bintng 5,5,0,Positif
3302,seru,5,1,Positif
3303,ýýýýbaguss,4,0,Positif
3304,lumayan,4,0,Positif
3305,wajib,3,0,Netral
3306,Terlalu banyak iklan,5,-1,Positif
3307,sangat bagus untuk mengedit foto atau video,5,1,Positif
3308,apk ini sangat mantappï¿½ï¿½ï¿½ï¿½ï¿½ï¿½ï¿½ï¿½ï¿½ï¿½ï¿,5,0,Positif
3309,"aplikasi saya kenapa , di suruah download di toko resmi, padahal aplikasi sudah yang terbaru..sudah berkali kali hapus , di download ..masih tidah mau",1,0,Negatif
3310,THE BEST,5,0,Positif
3311,tiba tibaaa bangett kayak yg tadinya itu pro bisa di akses trs ini gmna ini jadinya apa saya bayar atau gimana saya daftar aja kagak,3,0,Netral
3312,coba dulu,5,0,Positif
3313,aplikasi kkontollll,1,0,Negatif
3314,aplikasi ini sangat bagus ï¿½ï,5,1,Positif
3315,bagus bangt jadiya,5,1,Positif
3316,bgus cuma emosi aj pas mengekspor ada iklan nya jdi kurang suka sma yy ituu tapi yglain ny bgus kok,4,-1,Positif
3317,bagussss,5,0,Positif
3318,aplikasi nya bagus sangat membantu,5,2,Positif
3319,capcut ini bagus banget lhooo,5,1,Positif
3320,bagus tapi di hp ku aga nge-lag,5,0,Positif
3321,apk yang menurun dulu sesuatu yang berbayar cuma dikit sekarang mau edit dikit bayar mau lalu iklannya kebanyakan yaudah itu aja aku harap apk capcut ini tidak terlalu kikirï¿½ï,2,-2,Negatif
3322,mengurass memorii! mb nyaa dii kuranginn dikittt minimm,1,0,Negatif
3323,TEMPATNYA GAK BISA GERAK!!!!,1,0,Negatif
3324,kebanyakan iklann,1,0,Negatif
3325,apk kikir,1,-1,Negatif
3326,plkkasi nya bagus buwan yang komen nya jelek tolong buwan yang komen kalo ga suka aplikasi Jagan di unduh aja,5,0,Positif
3327,mantap apeli kasinya,5,1,Positif
3328,cp sekarang kenapa berbayar coba kan gratis bisa apalagi sekarang suka ada iklan lah sedetik keluar masuk lagi iklan udah gitu berbayar lagi cp sekarang mending cp dulu apï¿½ï¿½ï¿½ï¿½ï¿½ï¿½ï¿½ï¿½ï¿½ï¿½ï¿½ï¿½ï¿½ï¿½ï¿½ï¿½ï¿½ï¿½ï¿½ï¿½ï¿½ï,2,-4,Negatif
3329,ini aplikasi kasi bagus,5,1,Positif
3330,"udahlah banyak bug nya, banyak pro nya lagi hadeh",1,-1,Negatif
3331,aplikasi ini sangat bagus cuma iklan nya yang terlalu banyak maaf kalau terlalu lancang ï¿½ï,5,0,Positif
3332,ok,5,1,Positif
3333,sangat bermanfaat baguss,5,0,Positif
3334,sangat cocok,5,0,Positif
3335,bagus dan enakk di pakaii,5,1,Positif
3336,sangat lah bagus,5,1,Positif
3337,aplikasi ini seru baget ï¿½ï¿½ï¿½ï¿½ï¿½ï¿½ï¿½ï¿½,5,1,Positif
3338,bagus banget minn,5,1,Positif
3339,"kebanyakan iklan, iklan gabisa di skip, durasi iklan juga lama, cuma mau ngunduh 1 vidio pendek saja harus nunggu iklan yang durasinya juga lumayan.",1,-4,Negatif
3340,"please, perbaiki apk nya setiap aku ngedit di capcut selalu saja patah patah belum lagi banyak iklan, banyak bug juga. Coba bayangin lagi ngedit terus ekspor lama banget sampai beberapa menit, padahal memori ku gak penuh terus gak makan ruang juga. apa lagi kalo iklan saya mohon kedepannya jangan terlalu kikir aku tidak puas sama sekaliï¿½ï¿½ï¿",1,-3,Negatif
3341,tapi ribet buat instal nya louding nya lama tapi bagus banget ko,5,1,Positif
3342,Karna tiktok aku sudah kehapus e malah gak bisa,5,0,Positif
3343,gabisa di buka monyet,1,0,Negatif
3344,"(:/ bagus,",5,1,Positif
3345,ga bisa donglod,1,0,Negatif
3346,"ih, semua fitur bayar, kikir bgt ih, capcut mau naik haji kah? jj aja sekarang banyak yang pro, iklan nya juga lama bgt",3,-2,Negatif
3347,"bagus tapi,bnyk ke pro besok kurangi deh",4,1,Positif
3348,capcut sangat seru karena saya bisa mendengar lagu lagu yang sangat seru maka saya mendownload capcut ini terimakasih ï¿½ï,5,2,Positif
3349,saya lepas mau bikin video kok kayak gk bisa ya soalnya lepas saya pencet tombol yang buat mau bikin video terus gk bisa lepas saya pencet gambar kan ada tombol tulisannya itu tambahkan lepas saya pencet kok gk bisa terus kayak ada tulisannya gitu saya lupa tulisan apa tapi gk bisaï¿½ï,4,0,Positif
3350,Photonya Indah mempesona,5,0,Positif
3351,seru bisa bikin jj,5,1,Positif
3352,Gamenya Bagus bgt Tapi dari Tiktok,5,1,Positif
3353,saya kasih B3 karena banyak iklan sama bnyak yang premium,3,-2,Negatif
3354,baik,5,0,Positif
3355,mudah dan praktis,5,1,Positif
3356,"capcut skrang super lemot,bnyak tombol yg dijadikan premium,tidak sesimple dlu lg",1,-2,Negatif
3357,jujur banyak ngeleg,1,0,Negatif
3358,mantap,5,1,Positif
3359,sebenarnya udah. bagus tapi kelur masuk ngelag tauu gak,5,1,Positif
3360,ini di edit dan banyak yang kita buat meskipun sudah tidak dapat wifi/data,5,0,Positif
3361,"anj banget ni app,gw udh berlangganan sebulan,pas gw ngedit gak sengaja mencet fitur langganan yang warna ungu,gak dikasih peringatan,gak bisa dibalikin,dan sekarang gw harus ngulang dari awal",1,0,Negatif
3362,kok CAPCUT makin lama banyak yang harus BAYAR SIH? Ngambil suara dari galeri aja BAYAR GIMANA SIH?,2,0,Negatif
3363,Capcut itu bagus banget dan gk bikin ngelu,5,1,Positif
3364,hai capcut saya udah update terbaru tolong munculkan fitur kolase yg ada diapk ini terima kasih,5,0,Positif
3365,bagusss,5,0,Positif
3366,ok ok,5,2,Positif
3367,terima kasih bintang lima,5,0,Positif
3368,kerja bagus,5,1,Positif
3369,APLIKASI KIKIR ENAK DULU DARI OADA CAPCUT SEKARANG KALAU PENGIN INSTAL PIKIR PIKIR DAHULU,1,-1,Negatif
3370,bagus banget deh,5,1,Positif
3371,kenapa saya kasih bintang karena untuk edit nya bagus dan sesuai yang aku ingin kan,5,1,Positif
3372,"apa apaan sih capcut ini,bagus sih tapi iklannya gak ngotak,harap di perbaiki",1,1,Positif
3373,serba diuangkan sekarang mah,1,0,Negatif
3374,masa skrng suruh byr cuh,2,0,Negatif
3375,"Jujur download nya susah,aku udah lama nunggu trs di proses download 82% malah ngulang lagi dan waktu udah 100% malah gk ke download",4,0,Positif
3376,bagus dan bisa edit semau saya jadi sya ksih bintang 5 ya,5,1,Positif
3377,mengambil dana tanpa konfirmasi senilai Rp.299.000,1,0,Negatif
3378,LUMAYAN BAGUS,4,1,Positif
3379,apk ini sangat bagus dan kadang kalau lagi tidak ada data atau habis data pun tetap bisa mengedit secara offline dan semua jj nya sangat bagus dan saya minta untuk di pertahankan ya sekian terima kasih,5,2,Positif
3380,SUKAKK BGT ï¿½ï¿½ï¿,5,0,Positif
3381,aku suka banget bisa ngedit buat apapun,5,0,Positif
3382,"masih satu star, gua lagi bikin video, pas mau ekspor, dibilang gua pake extract, padahal gua gak sama sekali pake extract. gila atau gimana tuh?",1,0,Negatif
3383,aku lumayan suka,4,0,Positif
3384,apk penguras saldo,1,0,Negatif
3385,kontolll saldo saya kesedot,1,-1,Negatif
3386,kalo edit ya enak 1v1 edit,5,0,Positif
3387,bagus editan e,5,1,Positif
3388,aplikasi ini bagus tapi tolong ya soalnya iklan nya lama banget assalamualaikum,5,0,Positif
3389,suda di tugu in tapi malah ulang lagi suda 6 kali intalï¿½ï,5,0,Positif
3390,baguss bgtttï¿½ï,5,0,Positif
3391,membantu banget apalagi buat konten kreator ï¿½ï¿½ï¿,5,1,Positif
3392,menurut aku sih ya eum...capcut tuh bagus banget dan lebih bagus dari alright motionï¿½ï¿½ï¿½ï¿½ï¿½ï¿½ï¿½ï¿½ï¿½ï¿½ï¿½ï¿½ï¿½ï¿½ï¿½ï¿½ï¿½ï¿½ï¿½ï¿½ï¿½ï¿½ï¿½ï¿½ï¿½ï¿½ï¿½ï¿½ï¿½ï¿½ï¿½ï¿½ï¿½ï¿½ï¿½ï¿½ï¿½ï¿½ï¿½ï,5,2,Positif
3393,bagus banget bias wat ngedit tapi ada iklan nya,4,0,Positif
3394,saya suka banget sama ini capcut,5,0,Positif
3395,bagus,5,1,Positif
3396,saya suka ini tapik kalo nggak sengaja keharusan susah banget,3,0,Netral
3397,"baguss bgt apk ya ada pilihan banyak bgt tapi satu yg salah unduhan ya lama bgt ,tapi ini udh bagus bgt koo apk yaa",5,1,Positif
3398,bagus banget,5,1,Positif
3399,aplikasi capcut sekarang cara ngeditnya susah gak kayak dulu gampang ï¿½ï,5,1,Positif
3400,bagus sih tapi menjengkelkan,2,1,Positif
3401,bagus,5,1,Positif
3402,Kerenn,4,0,Positif
3403,bagus banget,5,1,Positif
3404,bagussss,5,0,Positif
3405,bagusss untuk di gunakan,5,0,Positif
3406,ini kalau isi penyimpanan nya penuh tolong benerin,1,0,Negatif
3407,"macam paok, cpt biarkan aku instal ini bodoh aku mau ngedit anjg",1,0,Negatif
3408,menurut saya capcut ini bguss bngtt,3,0,Netral
3409,"gua udah beli pro tapi banyak bug nya, yang ga bisa login lah,yg ga bisa expor lah,banyak drama di aplikasi",1,-1,Negatif
3410,kenapa saya tidak bisa donglot ini,5,0,Positif
3411,"tidak bisa di download, padahal memori saya banyak, anehh",1,0,Negatif
3412,bayar trs akhirnya aku uninstal,2,0,Negatif
3413,apk nya di update terus mana iklan nya banyak banget bayar,1,-1,Negatif
3414,saya suka pada vidio ini,5,0,Positif
3415,Bagus aplikasi nya tapi sering banyak iklan lagih tolong dong hilangin iklanya supaya biar bisa cepat tanpa iklan!,3,-1,Negatif
3416,video ai di 1080 sudah tidak tersedia buruk,5,-1,Positif
3417,mantapp,5,0,Positif
3418,"kebanyakan iklan, mana panjang lagi. kek gak iklas aja ngasih gratis org make app ini. makin rame makin ngelunjak!",1,-1,Negatif
3419,wah capcut ini sangat berguna untuk saya bikin konten di YouTube tapi hilang kan iklannya biar capcut makin rame orang nya,5,0,Positif
3420,bagus sekali,5,1,Positif
3421,makin lama makin pelit padahal apk bagus,1,1,Positif
3422,saya kasih bintang 4 dulu karna setiap mau ngedit ngelag padahal hp ku ram 4 permainan ga ada,4,0,Positif
3423,trima kasih,5,0,Positif
3424,apk kikir jelek,1,-2,Negatif
3425,ok,5,1,Positif
3426,"banyak banget efek yang harus pro, kebelet haji kah",1,0,Negatif
3427,jangan mau jadi creator capcut,1,0,Negatif
3428,apalah sekarang jadi aplikasi berbayar tololl,1,-1,Negatif
3429,Bagus,5,1,Positif
3430,saya ingin mengedit kira nya kalian mengerti dan bisa membuka capcut untuk saya agar bisa mengedit terimakasih,5,0,Positif
3431,sangat bagus,5,1,Positif
3432,"mantep lah,lumayan",3,0,Netral
3433,udah bayar mahal....buat ngedit eror mulu...kadang2 di exspor berkali kali gak bisa juga...kesel banget sama ni aplikasi. saya kasih bintang 5 biar yg lain baca,5,-1,Positif
3434,sekarang capcut sering eror gasuka bgt apalagi bnyk iklan nya slh satu iklannya yaitu jud0l.,3,-1,Negatif
3435,bagus banget bisa edit foto juga bisa video,5,1,Positif
3436,aku suka bangetï¿½ï,5,0,Positif
3437,IKLANNYA KEBANYAKAN. APLIKASI MODELAN BEGINI JANGAN KEBANYAKAN GAYA,1,0,Negatif
3438,tidak bisa baca file saya ketika mau menbahkan lagu....lagunya kumpul semua di perangkat...pusing milihnya,2,0,Negatif
3439,pls jangan apa apa pro gua ga cukup uangnya,3,0,Netral
3440,gambar bagus,5,1,Positif
3441,bagus sih kalau edit mah memang bagus JJ nya tapi saat aku ngedit harus ada iklan nyaa capek anjirrï¿½ï,3,1,Positif
3442,"aplikasi koruptor, udah beli basic. pas mau ngedit video mau ngilangin suara bising aja harus bayar lagi pake pro. HARUSNYA BUAT PERINGATAN KALO NGURANGIN BISING ITU HARUS PRO, BUKAN KITA NGEDIT DULU EH PAS UDAH SELESAI NGEDIT MALAH SURUH BAYAR LAGI. KOCAK BANGET EMANG",1,0,Negatif
3443,bgus,5,0,Positif
3444,"Why has CapCut been paid for in recent years? I just dared to ask, apparently until 2026, if paid editing is okay, this will reach the videos. This CapCut video, why are you so money-minded, what are you doing? Thank God, many people have downloaded this CapCut application.",1,0,Negatif
3445,kikir semua efek bayar semua,1,-1,Negatif
3446,tiba tiba langganan sendiri jadi saldo dana keluar tanpa persetujuan saya,1,0,Negatif
3447,Bagus banget,5,1,Positif
3448,ngk ada yang gratis,1,0,Negatif
3449,sangat bagus tapi sayangnya banyak pro nya,5,1,Positif
3450,bagus sii tapi terlalu besar mb nya klo bisa bikin satu lagi buat yg capcut lite,4,1,Positif
3451,"makin update malah makin ampass dikit dikit pro dikit dikit iklan, kadang ngebug videonya ilang",1,-1,Negatif
3452,"jadi begini, saya sudah tidak memakai capcut dan sudah berhenti berlangganan sejak lama tetapi mengapa saya disuruh harus bayar langganan yg seharusnya sudah saya batalkan? ini sudah kedua kalinya saya uang saya berkurang di e-wallet saya garaï¿½ï¿½ï¿½ï¿½ï¿½ï¿½ï¿½ï¿½ï¿½ï¿½ï¿½ï¿½ï¿½ï¿½ï¿½ï¿½ï¿½ï¿½ï¿½ï¿½ï¿½ï¿½ï¿½ï¿½ï¿½ï¿½ï¿½ï¿½ï¿½ï¿½ï¿½ï¿½ï¿½ï¿½ï¿½ï¿½ï¿½ï¿½ï¿½ï¿½ï¿½ï¿½ï¿",1,-1,Negatif
3453,"Aplikasi ini cocok banget buat yg mau ngedit simple tinggal pake template yg sudah tersedia, baguss.",5,0,Positif
3454,"saya hanya ingin agar developer membuat aplikasi capcut tidak panas ke handphone ketika di gunakan, padahal ram udah 8gb, sedangkan menggunakan aplikasi yang lebih berat dari capcut saja tidak panas, tapi ketika menggunakan capcut handphone saya jadi panas dan boros baterai, tolonglah di perbaiki",5,0,Positif
3455,good luck,5,0,Positif
3456,kebanyakan iklan dikit dikit bayar dikit dikit iklan gjls,1,-2,Negatif
3457,habis uninstall lalu install lgi ngga' mau di buka ntah knpa,1,0,Negatif
3458,"sangat sampah Udha edit capek capek pas mau export malah di suruh uji coba premium gratis, tapi pas pencet ujicoba malah di suruh bayar 7k. sudah edit hampir 5 jam malah sia dia",5,-1,Positif
3459,nguras uang!! jangan langganan,1,0,Negatif
3460,sangat buruk sekarang,1,-1,Negatif
3461,"tolong lah admin capcut jadi kan seperti dulu lagi jangan serba apa apa harus ber bayar, bagai mana jika yang tidak punya uang tapi dia membutuh kan alat edit, tolong lah admin capcut jadikan capcut sebagagai capcut yang seperti dulu tidak ada iklan dan berbayar",5,-2,Positif
3462,hay... aplikasi mu asik lho,5,0,Positif
3463,coba dulu mas admin..,5,0,Positif
3464,minus kali skrng apaï¿½ï¿½ï¿½ï¿½ï¿½ï¿½ï¿½ï¿½ï¿½ï¿½ï¿½ï¿½,1,0,Negatif
3465,bagus,5,1,Positif
3466,"aplikasi nya bagus,,cuma saran jangan tautin akun nya ke google mau akun apapun itu,saya pernah tautin ke google tiba"" saldo dana kepotong,,padahal berlangganan juga engga udh 2x kaya gitu,,mana 250rb ludes",4,1,Positif
3467,seru banget,5,1,Positif
3468,keren banget. paket komplit.,5,1,Positif
3469,"sering crash tidak menanggapi.. apalagi saat mengedit diatas 10 menit.. sangat lambat saat menggunakan beberapa fitur.. padahal saya menggunakan Xiaomi Pad 8, dan menggunakan Capcut pro setahun.. saya sungguh kecewa.. tolong diperbaiki..",1,-2,Negatif
3470,suka,5,0,Positif
3471,menurut saya capcut ini bagus tapi saya kurang suka Dengan tidak premiumnya,2,1,Positif
3472,kikir bgt oi mau naik haji tuh?ï¿½ï¿½ï¿½ï¿½ï¿½ï¿½ï¿½ï¿½ï¿½ï¿½ï¿½ï¿½ï¿½ï¿½ï¿,1,-1,Negatif
3473,jjh GK nggunakake,1,0,Negatif
3474,bagus dan mantap,5,2,Positif
3475,"capcut ini apk nya baguss,tapi coba dong di perketat lagi keamanan nyaa, soalnya kok banyak banget template"" yang kayak ga senonoh/ga layak di tampilkan,kayak cwe nungging/tobrut joget""/payudara besar di pamerin/foto cuma pake Daleman,pliss lah di ilangin atau di tindak lanjuti,saya risih kalo mau ngedit dari template banyak vid"" yang seperti ituu ""semoga ini di baca dan perilaku tersebut bisa di tindak lanjuti"" terimakasih ï¿½ï¿½ï¿",5,0,Positif
3476,gue download malah gak bisa ke buka,1,0,Negatif
3477,gak usah banyak kata kata yg penting capcut,5,0,Positif
3478,kikirnyoooï¿½ï,5,0,Positif
3479,"bagus bgt, tapi gska bgt klo pro ï¿½ï¿½ï¿",3,1,Positif
3480,sangat bagus,5,1,Positif
3481,"Sudah bayar untuk 1 tahun tapi hanya bisa di pakai 1 bulan, sudah complain via email tapi gak ada balasan",1,0,Negatif
3482,aplikasi ini sangat bagus dan Tolong iklan nya di hilangkan,5,0,Positif
3483,tiba tiba ga bisa masuk lagi ke aplikasi nya,2,0,Negatif
3484,aneh ko gak bisa di download,1,0,Negatif
3485,capcut tolol,3,0,Netral
3486,"aplikasi yang menurut saya tuh bagus dri segi apapun, cumaa sebagai minusnya di fitur fitur yang dulunya gratis sekarang berbayar cuma ituuï¿½ï",5,0,Positif
3487,"jujur ya bagus lah cuman, aku kesel banget padahal lagi coba template jj padahal di template nya mah, lancar lancar aja lah pas di export foto nya ngebugï¿½ï¿½ï¿½ï¿½ï¿½ï¿½ï¿½ï¿½ï¿½ï¿½ï¿½ï¿½ï¿½ï¿½ï¿½ï¿½ï¿½ï¿½ï¿½ï¿½ï¿½ï¿½ï¿½ï¿½ï¿½ï¿½ï¿½ï¿½ï¿½ï¿½ï¿½ï¿½ï¿½ï¿½ï¿½",3,3,Positif
3488,bagus bgd aplikasi nyh,5,1,Positif
3489,mantap,5,1,Positif
3490,bagus aja sih,5,1,Positif
3491,"TOLONG PIHAK CAPCUT, SISTEM PEMBAYARAN GOOGLE PLAY NYA DI BATALKAN !!! SAYA SUDAH 4 BULAN HARUS MEMBAYAR Rp 75.000 + PAJAK. PADAHAL SUDAH SAYA BATALKAN LANGGANAN, NAMUN TIDAK BISA JUGA. TOLONG INI DI PERHATIKAN LAGI !!!",1,0,Negatif
3492,ok,5,1,Positif
3493,kek jembut,1,0,Negatif
3494,"kocak, udah cape cape ngedit hampir 10 jam, malah ke reset, jadi harus ngedit ulang. udah mana semua nya bayar, udah bener gua di alight montion, kalau bikin apk yang niat, pentingin kenyamanan pengguna, jangan duit terus, mau umroh lu? gua ngetik ini sambil nangis gara gara editan ke reset",1,0,Negatif
3495,"sangat burukkkkkk!!!! awal awal donlod capcut bagus bagus aja gak ada kendala dan banyak fitur gratisss, tapi lama lama kok jadi makin banyak fitur pro ya dan harus bayar",1,2,Positif
3496,bagus untuk video,5,1,Positif
3497,kan udah dapat duit dari iklan jangan apa apa bayar lagi ribet,3,-1,Negatif
3498,baguss,4,0,Positif
3499,asik qj,5,0,Positif
3500,jelek,1,-1,Negatif
3501,bagus tapi banyak iklan nya jadi hp ku ngelag,2,0,Negatif
3502,"kok aku ga bisa ekpor Vidio hasil editan sendiri di capcut min, mentok 94 terus loading lama banget",4,0,Positif
3503,"tidak rekomen, apa apa harus pro",1,0,Negatif
3504,bagus banget membantu bangett buat konten kalian gesss,5,2,Positif
3505,bagus aku suka tapi lag nya itu lohh padahal aku dh ngecek WiFi nya dan ga ada gangguan smsek satu lagi harus upload video harus bgt lebih dari 19 Menit ï¿½ï¿½ï¿,4,0,Positif
3506,kikirï¿½ï¿½ï¿½ï¿½ï¿½ï¿½ï¿½ï¿½ï¿½ï¿½ï¿½ï¿½ï¿½ï¿½ï¿½ï¿½ï¿½ï¿½ï¿½ï¿½ï,1,-1,Negatif
3507,bagusss keren,5,1,Positif
3508,bgus sieh tpi ada iklannya ak g ska jyujur,4,0,Positif
3509,bagus buat ngedit,5,1,Positif
3510,bagussss,5,0,Positif
3511,sangat bagus,5,1,Positif
3512,mending hapus dari play store aja bikin setres. gak guna,1,0,Negatif
3513,pencet layar dikit iklan+KIKIR.,1,-2,Negatif
3514,"bguss bgtt,,the best deh pkony mhh,,tpi mnusny brbyar skrg prblanny tpi GPP,,ini udh bgs,,byrny murhh,bisa pke dana",4,0,Positif
3515,suka bgt SM capcut lopee,5,0,Positif
3516,gak jelas ini applikasi saya sudah buat vidionya tapi kredit sudab terpakai,1,0,Negatif
3517,bagus banget inimah sing aslina euyy te ngawadul.,5,1,Positif
3518,bagus,5,1,Positif
3519,"aplikasi edit video bagus aku suka, terimakasih sudah bikin capcut",1,1,Positif
3520,mb nya banyak banget masa aku udah rela ngehapus semua tapi ttp GK jadiï¿½ï,1,0,Negatif
3521,bisa mengedit dengan cepat dan bagus,5,1,Positif
3522,"gsuka bngt, udh bnyk iklan yg unfaedah trus prem lagiii mana gila-gilaan itu capcut mau naik haji kahhh????",1,-1,Negatif
3523,templat tidak bisa dibuka tolong di perbaiki,3,0,Netral
3524,"gak iklas banget jadi aplikasi, emang harus banget berbayar atau gak nonton iklan kenapa kayak capcut dulu lagi gak heh kok ada iklannya lagi padahal udah enak apasih ni apkï¿½ï¿½ï¿",1,-2,Negatif
3525,ýýýýýýýýýýýýýýýýýýýýýýýý ýýýýýýýýýýýýýýýý,5,0,Positif
3526,"bagus untuk mengedit vidio atau foto, tapi kebanyakan iklan.",4,0,Positif
3527,bagus tapi agak kurang menarik,3,1,Positif
3528,baguss sihh bagus aja menurutku itu aja,5,1,Positif
3529,sangat bagus sekali,5,1,Positif
3530,"saya minta nanti diupdatetan selanjutnya ada fitur login perangkat device siapa saja yang ada di akun kita,dan bisa melogoutkan perangkat yang kita tidak kenali",4,0,Positif
3531,aku kurang suka karena lama tapi agak berguna buat ngedit foto fedio dan foto pun jadi lebih bagus juga,4,1,Positif
3532,"capcut biasa aja waktu itu,tapi waktu saya pakai asik jga trnyta,setelah itu capcut GK sengaja kehapus,lalu tidak bisa di download",2,0,Negatif
3533,apik AKEH pilihane+bagus banget,5,1,Positif
3534,aplikasi nya sangat bagus,5,1,Positif
3535,keren,5,1,Positif
3536,karna bagus terus kalau ada trending baru pasti langsung ada trend nya ï¿½ï¿½ï¿½ï¿½ï¿½ï¿½ï¿½ï¿½ï¿½ï¿½ï¿½ï¿½ï¿½ï¿½ï¿½ï¿½ï¿½ï¿½ï¿½ï¿,5,1,Positif
3537,panen iklan,1,-1,Negatif
3538,aplikasi bagus sangat membantu untuk membuat konten,5,2,Positif
3539,jelekkk amt,1,0,Negatif
3540,enak,5,0,Positif
3541,banyak fitur proo,2,0,Negatif
3542,tolong untuk capcut tolong kuragi. MB nya menjadi 100,1,0,Negatif
3543,di suruh bayar,5,0,Positif
3544,wwihhh sungguh baguss aplikasi ini saya sangat suka ketika mengedit vidio dri aplikasi in,5,0,Positif
3545,tolong penyimpanannya di kecilkan ya di bawah 150mb saja,3,0,Netral
3546,serba harus bayar cuhhh,1,0,Negatif
3547,makin kikir,2,-1,Negatif
3548,"dulu ga terlalu harus banget premium,sekarang hampir semua fitur premium",3,-2,Negatif
3549,keren,5,1,Positif
3550,bagus tapi terlalu banyak memakan ruang penyimpanan,4,1,Positif
3551,bintang 4 aja karnah masih ada iklan nya,4,-1,Positif
3552,sangat suka karena bisa membantu dalam mengedit video tugas,4,1,Positif
3553,keren dan bagus ï¿½ï¿½ï¿½ï¿,5,2,Positif
3554,"ngedit poto kok nga ada suara musik nya sih, tolong di perhatikan dongï¿½ï",2,0,Negatif
3555,bagus aplikasinya bisa ngedit bagusla kalo aku aku kasi bintang ï¿½ï¿½ï¿½ï¿½ï¿½,5,1,Positif
3556,lumayan bagus sih buat ngedit foto atau video buat para editor editor conten creator juga bagus ayo coba capcut nyesel lho kalo GK download buruan download hihihihi,5,2,Positif
3557,capcup bagus banget buat ngedit,5,1,Positif
3558,Harus banget kali Pro yak padahal mau edit yang bagus aja harus ada aja pro nya udah banyak yang pro lagi!.,1,1,Positif
3559,bekerha,5,0,Positif
3560,bagussss,5,0,Positif
3561,aku sangat senang karena video yg aku edit jadi bagus bangat,5,1,Positif
3562,aku kasih bintang satu karna lambat,1,0,Negatif
3563,bagus cuma MB nya besar,3,1,Positif
3564,aku seneng banget punya aplikasi ini soal nya aku suka banget sama aplikasi ini karna bagus dengan estetik dan cantik cantik sama ganteng ganteng ï¿½ï¿½ï¿½ï¿½ï¿½ï¿½ï¿½ï¿½ï¿½ï¿½ï¿,5,2,Positif
3565,jelek,1,-1,Negatif
3566,aku sayang capcut,5,0,Positif
3567,minimal capcut pro selamanya,5,0,Positif
3568,ini bagi ku bagus,5,1,Positif
3569,ini sangat seru sekali karna banyak efek keren yang kita suka,5,2,Positif
3570,di capcut saya tidak ada fitur foto live,1,0,Negatif
3571,karna klo buat tlplet itu ke ad cahyanha,3,0,Netral
3572,ngebag cuy,1,0,Negatif
3573,baguss baguss aja lah opini aku sih yahh,5,0,Positif
3574,sangat bagus saya sangat suka,5,1,Positif
3575,aneh banget capcut mau edit photo jadi video kok gak bisa ekspor,1,0,Negatif
3576,"jelek, harus berbayar",1,-2,Negatif
3577,udah gw load berkali kali malah gabisa kocakkkk,1,0,Negatif
3578,sukaa bangatt,5,0,Positif
3579,kaku bagussan am,1,0,Negatif
3580,bagusss,5,0,Positif
3581,GILAKKK!!! capcut sekarang udah banyak iklan nya apalagi iklan (JUDOL),1,-2,Negatif
3582,mantapFF.,5,0,Positif
3583,Tolong diperkecil ukuran nya karena disebagian hp sudah tidak support dan untuk @capcutindonesia semoga makin maju kedepan nyaï¿½ï,5,0,Positif
3584,intinya bagus dehhh bintang 5 dehh,5,1,Positif
3585,aplikasi nya bagus banget cocok buat para editor' yang suka ngedit gua rekomendasikan donwlod aja aplikasi capcut di jamin nga bakal nyesal,5,1,Positif
3586,ini kok aplikasi nya sering bug dan kadang gak bisa masuk ke aplikasi nya.. aplikasi nya bagus bagus sii tapi cuma sering bugg dan bug parah banget tolong di perbaiki ya ï¿½ï,2,-1,Negatif
3587,bagus bgt,5,1,Positif
3588,sangat bagus dan senang untuk bikin JJ di YouTube,5,1,Positif
3589,CANGCUT YANG BENER AJA BERBAYAR??SORRY YEE YANG GRATIS LEBIHH MANTEPPP ï¿½ï¿½ï¿½ï¿½ï¿½ï¿½ï¿½ï¿½ï¿½ï¿½ï¿½ï¿½ï¿½ï¿½ï¿½ï¿½ï¿½ï¿½ï¿½ï¿½ï¿½ï¿½ï¿½ï¿½ï¿½ï¿½ï¿½ï¿½ï¿½ï,4,-1,Positif
3590,aku suka aplikasi ini tapi aku di suruh perbarui Mulu padahal udah ku perbarui,5,0,Positif
3591,bagus bgttt,5,1,Positif
3592,aplikasi nya bagus dan seruï¿½ï¿½ï¿½ï¿½,5,2,Positif
3593,bagus banget,5,1,Positif
3594,"eh capcut kok hapir semua nya pro suara yang gw suka jadi pro pro mana semua yang lu pro in bagus bagus tapi yang geratis jelek jelek semua bahkan stiker aja lu pro in masa gw harus beli capcut pro gw aja beli robux gak mampu apalagi capcut pro yallah lu mau naik haji apa, duh mana apk kurang bagus lagi dan aku gak suka karena banyak yang berbayar dan harga nya mahal bet jir plis gw orang yang gak sekayak lo hargain Napa.duh tau ah capek ï¿½ï¿½ï¿½ï¿½ï¿½ï¿½ï¿½ï¿½ï¿½ï¿½ï¿½ï¿½ï¿½ï¿½ï¿½ï¿½ï¿½ï¿½ï¿½ï¿½ï",2,-1,Negatif
3595,"aplikasinya geratis, isinya full berbayar, jadinya aku rating bintang satu",1,-1,Negatif
3596,Menu batalkan langganan dimana???!,1,0,Negatif
3597,gak bisa di download,1,0,Negatif
3598,gk bisa di download ajng,1,0,Negatif
3599,saya gak bisa dowload,2,0,Negatif
3600,bagus sih untuk mengedit cuma ada beberapa video bayar dan agak sering iklan,4,0,Positif
3601,"kurang menarik , dan ada vt yang sekxx tidak bagus tapi buat ngedit"" lumayan bagus saya saranin mb nya di kurangin",3,2,Positif
3602,bagusss Bangettt,5,0,Positif
3603,sippp,5,0,Positif
3604,Sangat Bermanfaat Buat JJ Tiktokï¿½ï¿½ï¿,3,0,Netral
3605,bagus banget,5,1,Positif
3606,Habis diupdate malah makin lemot ï¿½ï¿½ï¿½ï¿½ï¿½ï¿½ï¿½ï¿½ï¿½ï¿½ï¿½ï¿½ï¿½ï¿,3,-1,Negatif
3607,inimah yang Ter Bai Bagus lagih,5,1,Positif
3608,bagus tapi suka ngeleg pas akhir nya padahal sinyalnya kuat tapi ngeleg aja padahal hp aku baru di servis buka aplikasi yang lain aja gak kenapa-napa,4,1,Positif
3609,anjeng,5,0,Positif
3610,bagus banget,5,1,Positif
3611,Emm lumayan bagus tapi agak ngelag sih bagus bagus,4,3,Positif
3612,bagusss dan bergunaaa sekli bangett bagi aku yg konten kreator,5,0,Positif
3613,sangat bagus untuk mengedit,5,1,Positif
3614,aplikasi ini membantu untuk mengedit foto dan saya kasih ini 5 bintang,5,1,Positif
3615,Aku suka banget sama aplikasi ini soalnya bisa bikin video menjadi jj dan juga bisa edit vido dan juga bisa ngikutin template.,5,0,Positif
3616,mantap,5,1,Positif
3617,Tolong untuk ditingkatkan lagi penggunaan aplikasi capcut yg lebih lancar lagi dengan versi update terbaru nya,2,1,Positif
3618,"sangat bagus, sangat membantu",5,2,Positif
3619,terlalu banyak iklan,1,-1,Negatif
3620,karna mebuat fitur yang sangat bagus,1,1,Positif
3621,apk ngajak kere,1,0,Negatif
3622,bagus,5,1,Positif
3623,bagus,5,1,Positif
3624,bisa bikin jadi fypp,5,0,Positif
3625,Bagus sekali,5,1,Positif
3626,ini aplikasi jelek banget jujur.... tapi kalo ngedit di am susah... aplikasi nya banyak yang bayar bagusan capcut yang dulu menurut aku yaa ijinnnï¿½ï¿½ï¿½ï¿½ï¿½ï¿½ï¿½ï¿½ï¿½ï¿½ï¿½ï¿½ï¿½ï¿½ï¿½ï¿½ï¿½ï¿½ï¿½ï¿½ï¿½ï¿½ï¿½ï¿½ï¿½ï¿½ï¿½ï¿½ï¿½ï¿½ï¿½ï¿½ï¿½ï¿½ï¿½ï¿½ï¿½ï¿½ï¿½ï¿½ï¿½ï¿½ï¿½ï¿½ï¿½ï¿½ï¿½ï¿½ï¿½ï¿½ï¿½ï¿½ï¿½ï¿½ï¿½ï¿½ï¿½ï¿½ï¿½ï¿½ï¿½ï¿½ï¿,1,-1,Negatif
3627,Mantab,5,0,Positif
3628,ada banyak beredar gambar dan video porno grafi yg ditutup grenscren,1,0,Negatif
3629,anj. sekali berlangganan harus terus dituntut berlangganan. buat kalian yg belom berlangganan mending jangan. ntr abis waktunya nggk bisa ekspor video karna dituntut harus berlangganan lagi. apk busuk.,1,0,Negatif
3630,jelek gak jelas bngt malah ngeleg,1,-1,Negatif
3631,Bagus sekalii,5,1,Positif
3632,developer rakus terhadap uang setiap filter bagus banyak pengguna dia menjadikannya premium padahal awalnya gratis dan sistem aplikasi sering eror macet tidak ada perbaikan hanya mementingkan uang saat orang butuh daripada kepuasan penguna,1,0,Negatif
3633,bagus tapi kurangi iklannya ya,4,1,Positif
3634,keren dah ini capcut ebujuk,5,1,Positif
3635,bagus banget,5,1,Positif
3636,bagus baget plssssssï¿½ï¿½ï¿,5,1,Positif
3637,iklan iklan iklan,1,-3,Negatif
3638,saveg,5,0,Positif
3639,sangat bagus,5,1,Positif
3640,"Bagus, jujur aku pake ini dari lama",5,1,Positif
3641,"suka sama aplikasi gk ribet + mudah di pahami, kadang suka ngebug tapi oke lah",5,2,Positif
3642,iklannya ga biasa di skip dan tiba2 download aplikasi ga jelas ga bisa dipakai template nya,1,0,Negatif
3643,kenapa si setiap hpus bg selalu ga pas padhal uda pro tolongg yaa perbaiki lagi,2,0,Negatif
3644,jujur capcut lbih bgus dari pada am tapi bnyk fitur pro,3,0,Netral
3645,Jujur banget sekarang capcut malahan ke banyakan yang pro plis buat admin nya jangan jadi aplikasi ini pro ya,1,0,Negatif
3646,Ndak perlu bayar? nga pe!! trs bagimana lagi mo save di galeriï¿½ï¿½ï¿,1,0,Negatif
3647,ok,5,1,Positif
3648,saya jadi bisa bikin tren yang lagi viral dan mendapatkan subscriber yang banyak,5,0,Positif
3649,bagusss,5,0,Positif
3650,"ga suka bgt sama capcut yg skrg, template nya bnyk banget video tidak senonoh di dalam, pdhl yg make capcut bukan org dewasa aja tp bnyk anakï¿½ï¿½ï¿½ï¿½ï¿½ï¿½ï¿½ï¿½ï¿½ï¿½ï¿½ï¿½ï¿½ï¿½ï¿½ï¿½ï¿½ï¿½ï¿½ï¿½ï¿½ï¿½ï¿½ï¿½ï¿½ï¿½ï¿½ï¿½ï¿½ï¿½ï¿½ï¿½ï¿½ï¿½ï¿½ï¿½ï¿½ï¿½ï¿½ï¿½ï¿½ï¿½ï¿½ï¿½ï¿½ï¿½ï¿½ï¿½ï¿½ï¿½ï¿½ï¿½ï¿½ï¿½ yg pakai template di capcut, yg paling herannya gada di cari sama sekali tapi malaha",1,0,Negatif
3651,bagus aku suka,5,1,Positif
3652,saat saya memakai aplikasi ini saya jadi lebih mudah untuk mengedit foto atau video,5,1,Positif
3653,untuk edit lucu,5,0,Positif
3654,apa apa premium ih,2,-1,Negatif
3655,"kebanyakan iklan, trus klo mau pencet (ï¿½ï¿½ï¿½ï¿½ï¿½ï¿½ï¿½ï¿½ï¿½ï¿½ï¿½ï¿½ï¿½ï¿½ï¿½ï¿½ï¿½ï¿½ï¿½ï¿½ï¿½ï¿½ï¿½ï¿½ï¿½ï¿½ï¿½ï¿½ï¿½ï¿½ï¿½ï¿½ï¿½ï¿",1,-1,Negatif
3656,keren,5,1,Positif
3657,"sekarang kalau mau edit video harus bayar alias VVIP, dulu enak banget edit video gratis sekarang harus bayar",4,0,Positif
3658,"apa coba !! saya berulang kali ekspor video tapi tetap 1%, ini bagaimana padahal jaringan saya sudah bagus? terkadang lemot klo mengedit",2,0,Negatif
3659,bagus bgttï¿½ï¿½ï¿,5,1,Positif
3660,pembuat untuk anda buat penyimpanan memori tidak penuh,3,0,Netral
3661,ka aku malah dapet capcut setandar ï¿½ï¿½ï¿½ï¿½ï¿½ï¿½ï¿½ï¿½ï¿½ï¿½ï¿½ï¿½ï¿½ï¿½ï¿½ï¿½ï¿½ï¿½ï¿½ï¿,4,0,Positif
3662,ýýýýýýýýýýýýýýýýýýýýýýýýýýýýýýýýýýýýýýýýýýýýýýýý,5,0,Positif
3663,sangat bagus,5,1,Positif
3664,keren aplikasi kasi ini bisa menghibur kita,5,1,Positif
3665,"jujur apk ini bagus tapii kadang eror Ama kadang ngedadak banyak iklan, tapii saya akui apk ini tetep bagus,",5,1,Positif
3666,sangat bagus untuk mengedit foto atau vidio gitu,4,1,Positif
3667,ýýýý,5,0,Positif
3668,"ini buat pencipta aplikasi cc tolong buatin yang versi litenya kaya tiktok lite ig lite gitu, cocok buat ram yang gk cukup tp pngn pake template ccnya, moga dibaca ye minï¿½ï",5,0,Positif
3669,"jyujyur apk ini sruw yap,cuma ya gitu deh,iklan Mulu ampyunn,semua nya aja dh sklian di bikin pro,mau ngedit pro mlu edann",4,-1,Positif
3670,aku jadi pro karna gem ini,5,0,Positif
3671,saya menyukai aplikasinya tapi kurang kan liklanya,5,0,Positif
3672,anjay mabar,4,0,Positif
3673,bagus buat ngedit ngedit foto vidio,5,1,Positif
3674,plisss bagus banget apk capcut buat ngedit ngedit ngaa ngecewainn,5,1,Positif
3675,"jelek,harus bayar",1,-1,Negatif
3676,"bagus, dapat mengsensor muka saat dance,",5,1,Positif
3677,bagus buat edit,5,1,Positif
3678,"usaha dongwload selalu gabisa karna faktor ""penyimpanan"" pdhl ga penuh banget anying",2,0,Negatif
3679,jujur aku suka banget karna ada banyak template terus ada fitur cuman ada iklan jadi agak ga suka,5,-1,Positif
3680,"baik, tapi ada banyak iklan",3,-1,Negatif
3681,"Di aku gak bisa download, solusinya gimana",1,0,Negatif
3682,bagus untuk ngetit vidio motorï¿½ï,5,1,Positif
3683,sangat bagus,5,1,Positif
3684,ok jos,5,1,Positif
3685,"aplikasi kikir, iklannya kurangin (banyak iklan) banyak fitur prooo banyak bugggg DLL udh muak bengek",1,-2,Negatif
3686,sangat bagus dan aku suka,5,1,Positif
3687,oke pokonya bagus,4,2,Positif
3688,aplikasi gajelas pemberitahuan keamanan terus padahal udahh download di play stor,1,0,Negatif
3689,"sudah beli prem nya malah ga bisa login, gjls",1,0,Negatif
3690,"saya sebagai pengguna capcut merasa bahwa aplikasi ini sudah tidak aman, dan sistem keamanan aplikasi ini sangat rendah, bagaimana bisa aplikasi ini yang untuk mencari template malah jadi tempat oknum share video 18+ , bagaimana jika anak dbwah umur pakai aplikasi ini lalu melihat seperti itu, kami minta dev tolong lbih tegas",1,0,Negatif
3691,capcut sangat membantu saya bisa mengedit apapun dan jadi sangat kreatif,1,2,Positif
3692,capcut akuu knp yaa suka nge lag ga bisa nhedit jadinyaa,3,-1,Negatif
3693,sangattt bagusss kalokk lagi ngedit,5,0,Positif
3694,"tolong optimalkan lagi aplikasinya pas saya ngedit suka ngelag ngelag padahal chipset saya kuat dan saya menghapus semua aplikasi di recent apps kecuali capcut serta saya sudah membebaskan ram juga, tolong dioptimalkan capcut",3,0,Netral
3695,terlalu banyak dan sering iklan,1,-1,Negatif
3696,mantaaaab pokoknya,5,0,Positif
3697,mantap dan bagus banget ya,5,2,Positif
3698,"Berkat apk ini gue bisa lebih mudah buat video, tapi kalo boleh JANGAN SEMAU PREMIUM DONGï¿½ï¿½ï¿½ï¿½ï¿½ï¿½ï¿½ï¿½ï¿½ï¿½ï¿½ï¿½ï¿½ï¿½ï¿½ï¿½ï¿½ï¿½ï¿½ï¿½ï¿½ï¿½ï¿½ï¿½ï¿½ï¿½ï¿½ï¿½ï¿½ï¿½ï",5,0,Positif
3699,"ini capcut kenapa ya?kok sering kembali sndri,Bru msuk udah kluar,trs pas mau eksplor Mlah kluar lagi.ini capcut yang bermasalah apa hp aku?",2,0,Negatif
3700,ok,5,1,Positif
3701,"aplikasi yang baru banyak pembaharuan namun semakin berat dipakai, sering tersendat huruf dan suara tidak sinkron, pokoknya kecewa....masih bagusan yang versi lama",1,-1,Negatif
3702,tidak ada notifikasi tagihan langganan tiba-tiba saldo saya kurang,1,-1,Negatif
3703,"Aplikasi yg mudah, so far still good",5,1,Positif
3704,"pengguna lama, mau edit di CC jdi kaya gmn gtu krn skrng jd banyak iklan jud*l, di template pun bnyk vid jor*k"" pdhl ga pernah search yg aneh""",3,-1,Negatif
3705,Penggunaan apl. berbasis IA. yang sangat simpel dan sangat mudah digunakan bagi saya sebagai pemula,5,2,Positif
3706,aplikasi nya bagus terus kualitas nya bisa di tambah kan tapi sayang nya aplikasi ini pro,2,1,Positif
3707,buruk,1,-1,Negatif
3708,bgus bingit,5,0,Positif
3709,aplikasi ini sangat bagus,5,1,Positif
3710,aplikasi nya bagus,5,1,Positif
3711,"knapa harus bayar, pdhal mau edit sendiri jhga harus bayar, hadeh.. jdi malas buka capcut",1,0,Negatif
3712,sangat berguna,4,0,Positif
3713,"aplikasi nya sudah bagus, tapi kebanyakan yang proï¿½ï¿½ï¿½ï¿½ï¿½ï¿½ï¿½ï¿½ï¿½ï¿½ï¿½ï¿½ï¿½ï¿½ï¿½ï¿½ï¿½ï¿½ï¿½ï¿½ï¿½ï¿½ï¿½ï¿½ï¿½ï¿½ï¿½ï¿½ï¿½ï¿½ï¿½ï¿½ï¿½ï¿½ï¿½ï¿½ï¿½ï¿½ï¿½ï¿½ï¿½ï¿½ï¿½ï¿½ï¿½ï¿½ï¿½ï¿½ï¿½ï¿½ï¿½ï¿½ï¿½ï¿½ï¿½ï¿½ï¿½ï¿½ï¿½ï¿½ï¿",5,2,Positif
3714,"kenapa fitur fitur sekarang kebanyakan harus berbayar? Beda dengan yang dulu, ini menyusahkan pelajar",1,-1,Negatif
3715,aplikasi ini sangat baguss,5,0,Positif
3716,lumayan bagus setiap ngedit hasil ny bagus,4,2,Positif
3717,nuggu nuggu lama lama donglot aplikasi inih malah ulang lagih ulang lagih capa Kota guweh abis inimah,1,0,Negatif
3718,mantap,5,1,Positif
3719,jjr aku suka,5,0,Positif
3720,cukup bagus aplikasi nya,4,1,Positif
3721,kebanyakan iklan anying!!,1,-1,Negatif
3722,mental mulu HP geming mental,1,0,Negatif
3723,terkadang lamban dan tiba tiba keluar dari aplikasinya.Malah juga keseringan update.,3,0,Netral
3724,menurut saya aplikasi ini bagus sekali,5,1,Positif
3725,mantab n sempurnaï¿½ï¿½ï¿½ï¿½ï¿½ï¿½ï¿½ï¿½,5,0,Positif
3726,"apa ini, aku mau ngedit malah nge bug tanpa alasan. tolong cepat perbaiki aku perlu untuk upload",3,-1,Negatif
3727,apk ini cocok buat yang mau ngedit dan belajar,5,0,Positif
3728,mantap,5,1,Positif
3729,mantap apk inii luar biasa,5,1,Positif
3730,lag terus ekspor nya lama,1,-1,Negatif
3731,ýýýý,5,0,Positif
3732,sangat mantap...JJ nya juga jos,4,1,Positif
3733,lama sekali load trs,1,0,Negatif
3734,"apk ini bikin saya kaget, hasil editing malah kayak hp screen error memalukan",1,-1,Negatif
3735,edit ta capcut sangat bagus ï¿½ï¿½ï¿½ï¿½,5,1,Positif
3736,baguss tapi Abang saya suka apus capcut saya,5,0,Positif
3737,"loo kalo naruh iklan mikir jangan yang ngebosenin, kalok ngk pinjol ya judol",2,-1,Negatif
3738,"ok sih,,tp lama lama suruh bayar,,ogah lah..kita udh download masih harus bayar lagi KL mau ekspor,, dan g pake lama uninstall,,bye bye",1,1,Positif
3739,"apaan bgt udh capeï¿½ï¿½ï¿½ï¿½ï¿½ï¿½ï¿½ï¿½ï¿½ï¿½ï¿½ï¿½ï¿½ï¿½ï¿½ï¿½ï¿½ï¿½ï¿½ï¿½ï¿½ï¿½ï¿½ï¿½ï¿½ï¿½ï¿½ï¿½ï¿½ï¿½ï¿½ï¿½ï¿½ï¿½ï¿½ï¿½ï¿½ï¿½ï¿½ï¿½ï¿½ï¿½ï¿",1,1,Positif
3740,kebanyakan iklan,2,-1,Negatif
3741,"Semua efek free jadi pro,loh ya sekarangï¿½ï",2,0,Negatif
3742,ya bagus,5,1,Positif
3743,"jujur bagus,tapi kenapa harus bayar ya,padahal aku masih kecil loh,belum ngerti kayak gituan,plisss kayak dulu lagi yang gratis tanpa bayar",4,1,Positif
3744,gua paling benci sama capcut tuh bnyk vid ga senonoh pake green screen dn itu kalo di hapus ada vid bogokegep pls deh capcut jgn buta,2,0,Negatif
3745,tolong la blok yang buat vidio 18 dengan dalih geser potongan layar,4,0,Positif
3746,TIBA TIBA SALDO KE SEDOT GARQï¿½ï¿½ï¿½ï¿½ï¿½ï¿½ï¿½ï¿½ï¿½ï,1,0,Negatif
3747,"najis bnget jir masa mau login aja sekarang harus pro, mana iklannya banyak banget lagi. aplikasi najis bintang 1.",1,0,Negatif
3748,"tolong kalo bisa kasih pelanggaran untuk yg sering nyebarin Poto"" telanjang atau vidio yg tidak senonoh karna apak ini bukan di sini untuk orang dewasa aja tapi banyak aaj kecil nya jga",1,0,Negatif
3749,menurut saya di sini tuh udah bagus tapi dikit fitur nya gak kayak alight motion yang banyak fitur tapi masih tetep baguslah its oke saya kasih 2bintang dulu,2,2,Positif
3750,"aplikasi biadab, ekspor aja harus premium, bener"" ngebet kaya.",1,-1,Negatif
3751,aku mau download tpi ngk bisa padahal udah aku hapusin semua,2,0,Negatif
3752,b aja,5,0,Positif
3753,apk nya bagus saya sangat sukaï¿½ï,1,1,Positif
3754,"kata saya aplikasi ini sangat berguna dan, jangan ada yang standar usahin semuanya gratis itu saja dari saya terimakasih, tolong file nya kecilin aj",5,0,Positif
3755,ini sangat bagus bagi ku buat konten dan buat edit,5,1,Positif
3756,IKLAN MULU,1,-1,Negatif
3757,aplikasi ini sangat membantu untuk mengedit,3,1,Positif
3758,bisa untuk pemula yg baru belajar editing,5,0,Positif
3759,bagus banget,5,1,Positif
3760,aplikasi bobrokk,1,0,Negatif
3761,bagus sekali,5,1,Positif
3762,bagus sih apk nya cuman banyak iklan. setiap keluar bentar dari apk selalu iklan mulu,4,-1,Positif
3763,Sentuh lama klip untuk menyematkannya. Klip yang dilepas sematannya akan dihapus setelah 1 jam.,1,0,Negatif
3764,"bagus aj gitu , TPI yg paling nyebelin itu iklan nya teh , jadi ya suka ï¿½ï¿",5,0,Positif
3765,bagus,5,1,Positif
3766,"kikir, semua nya dijadiin premium, kebelet naik haji kah",1,-2,Negatif
3767,dikit dikit update,1,0,Negatif
3768,dulu ngak semuanya bayar. tapi sekarang fitur - fitur udh pada bayar,1,0,Negatif
3769,banyak bug setelah di-update woy benerin lahhhh ga enak banget pakenya,1,-1,Negatif
3770,bagus cuma bnyak iklan,3,0,Netral
3771,"jujur aku baru juga apdetan capcut kan eeh pas aku balik ke aplikasinya malah aneh gk ada tmpt pencarian nya dan gk ada kek templet yg lainï¿½ï¿½ï¿½ï¿½ï¿½ï¿½ï¿½ï¿½ï¿½ï¿½ï¿½ï¿½ï¿½ï¿½ï¿½ï¿½ï¿½ï¿½ï¿½ï¿½ï¿½ï¿½ï¿½ï¿½ï¿½ï¿½ï¿½ï¿½",2,0,Negatif
3772,fitur ini sangat membantu kita dalam mengedit foto atau video,5,1,Positif
3773,"lumayan lah buat jj simple yang ga butuh ribet,aku mah netral kalo lagi semangat ngedit di am tapi kalau lagi males ya pake capcut tergantung mood,ITU BUAT ORANG YANG BANDING"" MANA YANG LEBIH BAGUS MENURUT AKU LEBIH KE AM KOK,tapi yaa seusia mood sih kalo aku,itu aja wkw",5,1,Positif
3774,capcut adalah favorit saya but ngedit video dan foto,5,0,Positif
3775,keren,5,1,Positif
3776,aplikasi ini bagus banget aku jadi bisa ngedit tugas tugas sekolah dan bisa ngedit ndedit yang lainya tapi nggak sukanya kadang ada yang harus berbayar dan itu ngga ngotak bangetï¿½ï¿½ï¿½ï¿½ï¿½ï,4,0,Positif
3777,seru banget ï¿½ï¿½ï¿,5,1,Positif
3778,"karena bisa bikin editan nya bagus, keren pokoknya ï¿½ï¿½ï¿½ï¿½ï¿½ï¿½ï¿½ï¿½ï¿½ï¿½ï¿½ï¿½ï¿½ï¿½ï¿½ï¿½ï¿½ï¿½ï¿½ï¿½ï¿½ï¿½ï¿½ï¿½ï¿½ï¿½ï¿½ï¿½ï¿½ï¿½ï¿½ï¿½ï¿½ï¿½ï¿½ï¿½ï¿½ï¿½ï¿½ï¿½ï¿½ï¿½ï¿½ï¿½ï¿½ï¿½ï¿½ï¿½ï¿½ï¿½ï¿½ï¿½ï",5,2,Positif
3779,kegiatan sehari hari,5,0,Positif
3780,"dasar kikir, banyak iklan, apalagi iklannya eror, habis itu pas pake templeate tiba2 tulisannya jadi kecil.",1,-2,Negatif
3781,capcut bagus aku juga suka emang the best,5,1,Positif
3782,sangat bagus,5,1,Positif
3783,Bagong harus bayar ajg,1,0,Negatif
3784,karena aku harus edit foto orang lain karena edit capcut paling cakep,5,0,Positif
3785,sy senang menggunakan aplikasi ini sangat mudah dan bisa berkreasi menciptakan suasana/momen spesial,5,1,Positif
3786,jujur agak lemot ya di hp aku mh,5,-1,Positif
3787,pro semua cuman beberapa yg gratis,4,0,Positif
3788,oke,5,1,Positif
3789,bagus sih ada teks dan ada kaya bisa tambahin lagu lagi trend tapi yang paling aku keselin itu karena pas katanyaa uji coba gratis tapi berbayar tu plis kalo uji coba gratis ya gratis lahhï¿½ï,5,0,Positif
3790,"apk alay, apa"" prem, prem buat apa sih, tinggal kasih sebagian aja kek yang prem, jan semua, sekalian aja noh apk nya berbayar 100jt aja kalau ngebet bgt kaya",1,-1,Negatif
3791,video ku ditiktok dll menjadi rame dan viral dan ini sangat berfungsi untuk hp kita semua,5,0,Positif
3792,"ada yang kendala,aku pake video 15 detik gak bisa di aplod, bagus semua di edit",4,1,Positif
3793,sangat bagus dan keren,4,2,Positif
3794,aku suka banget sama capcut dikarenakan banyak lagu dan tarian ada di dia pokoknya cinta ï¿½ï,4,0,Positif
3795,bagus banget pokoknya,5,1,Positif
3796,kemabilkan dana saya kenapa kau ambil trusssss udh 4x 83ribu emang capcut lagi bangkrut kahhhhh mohon refund semua uang saya pihak capcut tolonggggggg balasss,1,0,Negatif
3797,bagus,5,1,Positif
3798,aplikasi nyaa lemot banget sering lelet sya kbratan,1,-1,Negatif
3799,per bokeppan,5,0,Positif
3800,"apalah capcut aku sering pake template itu malah lu premium in,lu kebelet haji ape,capcut keseringan ngeleg kadang kesel juga Ama capcut banyk iklan juga",3,-2,Negatif
3801,Aplikasi makin berat loading lemot semakin gaya menurutq sombong banyakan update semakin besar meledek lama2 hp nya ga kuat,1,-1,Negatif
3802,bagus tapi kalok bikin jj yang bagus harus bayar itu aja protes saya okey,5,2,Positif
3803,"suka muncul notif dengan gambar ga pantas, capcut tolonglah yg kek gt di perbaiki soalnya yg pake apk capcut bukan cmn orng dewasa aja,, banyak anak anak jg yg pake",1,0,Negatif
3804,seru parah si ini apk nya bisa edit editï¿½ï,5,0,Positif
3805,berfungsi banget untuk ngedittt,5,0,Positif
3806,Saya sangat suka dengan aplikasi ini,5,0,Positif
3807,"sengaja kasih bintang full biar teratas,ini tolong dong knp banyak yg menyebar video po**o berkedok template,ini penanggung jawabannya tolong ya jgn kasih wadah sama kreator2 gitu kasihan sama anak2 yang masih di bawah umur",5,0,Positif
3808,bagus banget,5,1,Positif
3809,"kenapa semuanya di buat pro min? dari dlu aku liat gaada yang pro loh min, skrng ko pro smwa? aku harap semuanya ga pro lgi.",3,0,Netral
3810,aplikasi ini bagus bangett,5,1,Positif
3811,"ini capcut lgi knp? saya pakai capcut pro tapi tambahin overlay kok keluar-keluar mulu kn jdi ny kesal. tlong di perbaiki, udh bgs bgt apks ini tuhh",4,0,Positif
3812,"aku udah bayar berlangganan loh ini, ini kenapa kok macet macet ga jelas,",2,0,Negatif
3813,Capcut Bedul Update mulu,3,0,Netral
3814,bagus,5,1,Positif
3815,sangat bangus apk ini,5,0,Positif
3816,"aplikasi ini bagus sekali kalo ingin mengedit atau bikin video, jedag jedug dan kata - kata",5,1,Positif
3817,kebesaran bnget gb nya hp gua susah ndowlad + susah klo di bukak...,1,0,Negatif
3818,Bagus sih cm mehong banget 1 jt 200 rb 1 thn jdnya cari yg lain yg lbh terjangkau.,1,1,Positif
3819,banyak bgt iklannya ï¿½ï,1,0,Negatif
3820,bagusï¿½ï,5,1,Positif
3821,bagusssssï¿½ï¿½ï¿½ï¿½ï¿½ï¿½ï¿½ï¿½ï¿½ï¿½ï¿½ï¿½ï¿½ï,5,0,Positif
3822,kenapa aku kasih 2 bintang ï¿½ï¿½ï¿½ï¿½ï¿½ï¿½ï¿½ï¿½ï¿½ï¿½ï¿½ï¿½ï¿½ï¿½ï¿½ï¿½ï¿½ï¿½ï¿½ï¿½ï¿½ï¿½ï¿½ï¿½ï¿½ï¿½ï¿½ï¿½ï¿½ï¿½ï¿½ï¿½ï¿½ï¿½ï¿½,2,0,Negatif
3823,"huhu tolong dong, apk nya bug bangett:((, gabisaa masuk masuk sebentar keluar terus huhu, tolong d perbaiki lagi",3,-1,Negatif
3824,apaan baget anjir mau nge expor vd ga bisaharus berlangganan dlu yg bener dong gue pengguna lama kok bisa si capcut,1,0,Negatif
3825,sangat menarik dan seru,5,1,Positif
3826,suka,5,0,Positif
3827,"minimal kalo ada tagihan langganan itu ada notif nya dong jangan maen asal nyedot saldo orang tiba2, ket coba gratis langganan sudah dibatalkan tpi masih aja nyedot saldo tanpa info dulu itu sama aja penipuan min .",1,-1,Negatif
3828,sangatz jdlekk,5,0,Positif
3829,mau download tapi memirunya penuh,1,0,Negatif
3830,"kenapa ya capcut sekarang suka ada bug ""tidak ada jaringan"", padahal jaringan saya bagus ï¿½ï¿½ï¿½ï¿½ï¿½ï¿½ï¿½ï¿½ï¿½ï¿½ï¿",3,0,Netral
3831,Sangat bagus dan mudah digunakan gk kaya aplikasi sebelah(alight motion),5,2,Positif
3832,karna lama untuk di pake nya tapi boong bagus ko,5,1,Positif
3833,sangat membantu untuk membuat konten video ga perlu banyak edit edit,5,1,Positif
3834,good,5,0,Positif
3835,menurut saya sudah bagus apk nya tapi kenapa semuanya hampir harus dibayar?,4,1,Positif
3836,aplikasi bujang bisa saldo terpotong otomatis gak guna apk nya bujang,5,0,Positif
3837,"capcut pelit, kasih pro aja semua nya, lebih enak caocut yang dulu, lebih banyak yang free, skarang smua efek harus langganan",1,0,Negatif
3838,pengeditan sangat lancar dan sesuai ekspektasi bagus dan dll bisa menghasilkan vido yng bagus dan dll,5,3,Positif
3839,oke,5,1,Positif
3840,holy trash,1,0,Negatif
3841,Segala Standar berbayar cok,1,-1,Negatif
3842,menurut ku sudah semakin bagus tapi aku ngedit perlu template tolong opsi untuk memeperubah template itu di gratis kan soalnya aku butuh untuk ganti sound nya.aku kasih bintang 5 untuk ini,5,1,Positif
3843,banyak iklan,3,-1,Negatif
3844,"apk wanjeng, dikit dikit iklan apk kikir perek pdahal w dh memakai lu dr jaman lu cmn ada efek geser kiri geser kanan jj pota pota jaman korona, emg kacang lupa kulit lu kikir",1,-3,Negatif
3845,"kebanyakan iklan , padahal dulu engga.",2,-1,Negatif
3846,bagus banget ï¿½ï¿½ï¿½ï¿½ï¿½,5,1,Positif
3847,masa ga bisa di download,1,0,Negatif
3848,Saya sssssuuuuuuukkkkkaaaaaaa baaangetï¿½ï¿½ï¿½ï¿½ï¿½ï¿½ï¿½ï¿½ï¿½ï¿½ï¿½ï¿½ï¿½ï¿½ï¿½ï¿½ï¿½ï¿½ï¿,5,0,Positif
3849,"bagus, aku bisa ngeditï¿½ï¿½ï¿½ï¿½ï¿½ï¿½ï¿½ï¿½ï¿½ï¿½ï¿½ï¿½ï¿½ï¿½ï¿½ï¿½ï¿½ï¿½ï¿½ï¿½ï¿½ï¿½ï¿½ï¿½ï¿½ï¿½ï¿½ï¿½ï¿½ï¿½ï¿½ï¿½ï¿½ï¿½ï¿½ï¿½ï¿½ï¿½ï¿½ï¿½ï¿½ï¿½ï¿½ï",4,1,Positif
3850,ini aplikasi nya bagus benget,5,1,Positif
3851,"so far oke si cuma minesnya banyak iklan trs poto juga sering delay atau gamuncul gitu, juga kenapa hampir semua fitur harus prem oiii",3,0,Netral
3852,bagus tapi ngelag,4,1,Positif
3853,"tidak bisa mengekspor, di tungguin hampir 1jam ga selsai",1,0,Negatif
3854,"maaf banget,tapi templatnya gabisa dibuka,putih semua apalagi sekarang banyak fitur yang harus pro padahal dulu bagusss bngt lohhh",5,0,Positif
3855,bagus sih cuman... terlalu banyak pro... gimana orang gk kesel coba... mending pake aplikasi spring lebih mudah..kikir amat,1,1,Positif
3856,"ngebleng, ga bisa dibuka, ga bisa di uninstal dan juga gak bisa di instal",1,0,Negatif
3857,menurut aku jadi itu nggak susah-susah mengedit gitu ya,5,0,Positif
3858,Bagus bangat capcutnya suka deh,5,1,Positif
3859,jujur janggal aku nggak terlalu suka sih tapi ya mau gimana lagi ya aku lebih sukanya Aligh motion dan jujur aku tuh nggak terlalu banget suka banget sama capcut tapi yang ngeditnya itu cepet daripada alig motion jujur gitu aja terlalu banyak ngeditnya dan juga susah mendingan capcut daripada alight motion jadi aku beri + 5 dan satu lagi jangan memperbanyak iklan ya terima kasih,5,-1,Positif
3860,edit foto dan video,5,0,Positif
3861,jelek. lemot. kikir,1,-3,Negatif
3862,bagus banget kakkkkkkk jadinya nggak usah ngedit di TikTok lagi,5,1,Positif
3863,capcut sekarang bedah dan sedikit aneh.. sekarang aku mau edit video harus online.. ï¿½ï¿½ï¿½ï¿½ï¿½ï¿½ï¿½ï¿½ï¿½ï¿½ï¿½ï¿½ï¿½ï¿½ï¿½ï¿½ï¿½ï¿½ï¿½ï¿½ï,3,0,Netral
3864,gratisin epek min capcut prem kemahalan,1,0,Negatif
3865,"saya ingin refund, tetapi tidak ada keterangan lebih lanjutt.",3,0,Netral
3866,apakah aplikasi ini berfungsi dengan cepat?,5,0,Positif
3867,gila lag bgt template masa ga bisa di buka pdhl penyimpanan ku masih 94gb,1,-1,Negatif
3868,sangat bagus dan cocok untuk mengedit foto atau pun video,5,1,Positif
3869,sangat bagus tapi setelah di update agak ada iklan dan pro,5,0,Positif
3870,bagus bsngetttttttt,5,1,Positif
3871,keren banget ï¿½ï,5,1,Positif
3872,Bagus banget (:,5,1,Positif
3873,saya suka sama capcut tapi sekarang terlalu banyak iklan dan iklan ny jud*l saya sangat terganggu,3,-2,Negatif
3874,baguss,5,0,Positif
3875,gabisa di instal padahal udah hapus in memonyaa,1,0,Negatif
3876,ko gk bisa main epep,5,0,Positif
3877,"sengaja kasih b5 biar pada liat dari dulu pake capcut nyaman nyaman aja cuma skrng jdi kureng karna bnyak iklan apalagi iklan judoll hadeuh kalo iklan judol trus mau close malah lanjut ke situh slot nya gmna si kalo iklan kek pakaian makanan oke lah ini slott, tolong di perbaiki lagi ya developer",5,-3,Positif
3878,sangat bangus sekali,5,0,Positif
3879,"knapa saya kasih bintang satu, karna CapCut ada iklan nya dan gk seru aja gitu untuk mengedit nya bagus dan hasilnya bikin seru ya, kurang suka karna ada iklan yaï¿½ï¿½ï¿",1,1,Positif
3880,sangat rekomend untuk yang suka ngedit,5,0,Positif
3881,ini sangat penting,5,0,Positif
3882,bagus juga seh,5,1,Positif
3883,susah untuk ngeditnya,4,0,Positif
3884,"Sumpah ini aplikasi bagussss banget ï¿½ï¿½ï¿½ï¿½ï¿½ï¿½ï¿½ï¿½ï¿½ï¿½ï¿½ï¿½ï¿½ï¿½ï¿½ï¿½ï¿½ï¿½ï¿½ï¿½ï¿½ï¿½ï¿½ï¿½ï¿½ï¿½ï¿½ï¿½ï¿½ï¿½ï¿½ï¿½"" gmn gitu, it's okay gpp... tetap bagus aplikasinya, berguna ï¿½ï¿½ï¿",4,1,Positif
3885,bagus tapi banyak iklan,3,0,Netral
3886,apk aneh parah saldo sa malah di ambil buat beli makan itu balikin sini lu,1,-1,Negatif
3887,mantab,5,0,Positif
3888,banyak uji coba,1,0,Negatif
3889,sungguh sangat semua juga sempurna,5,0,Positif
3890,makin gak jelas kesini tidak seenak dulu sekarang banyak eror prompt dll gak sesuai jelek,1,-1,Negatif
3891,buat ngedit fidio bisa banget,5,0,Positif
3892,"aplikasi, gak jelas ini ngedit dikit pro, pas pake template gak jelas alur nya lagu ama vidio nya gak contras",1,0,Negatif
3893,Bagus banget untuk ngedit,5,1,Positif
3894,"kasih bintang empat karna terlalu banyak yg bayar, tapi ok",4,1,Positif
3895,bagus menurut saya tapi karena mb nya banyak apalagi ngeleg pas di pakai apalagi ada iklan yang sangat banyak jadi tolong di kurangi iklan nya biar pengguna lebih enak memakai aplikasi ini percuma aplikasi nya bagus kalo kelebihan iklan,3,-1,Negatif
3896,baguss bangettt jadi suka ke capcut aja,5,0,Positif
3897,"bagus, cuma kenpa bayar mulu, soalnya kan yang pake bukan cuma orang dewasa tapi juga ank sekolah. kalo bisa sih engga ya, atau gimana usia ajh gitu yah",2,1,Positif
3898,tampletnya bagus2 tapi sayang susah di instal,5,0,Positif
3899,ini apk bertingkah ya sekarang. mau download harus beli mana fitur2 nya sekarang berbayar. ingat lu pas masih blm ada yang pakai...sekarang malah sok2an download harus beli.,1,-1,Negatif
3900,aplik kasi burikk,1,0,Negatif
3901,sangat membantu,5,1,Positif
3902,bagus,4,1,Positif
3903,karna gak bisa masuk,1,0,Negatif
3904,"pas 2025 banyak banget sih yang pro , tapi sekarang ada yang pro jadi gratis, wahhh makasihh ya developer, sekarang jadi banyak lho yang gratis",5,0,Positif
3905,"knp video hasil export tidak terbaca oleh aplikasi lain seperti tiktok, shopee. Tapi terbaca di galery, bs diplay lancar. Bisanya hy langsung lewat bagikan ke tiktok setelah proses exp selese.",1,1,Positif
3906,sangat apik,5,0,Positif
3907,jadi tak bagus apa apa serba berbayar iklan slot mulai meresahkan sekarangï¿½ï¿½ï¿½ï¿½ï¿½,1,-1,Negatif
3908,bagus,5,1,Positif
3909,sangat bagus,5,1,Positif
3910,bagus enak di pake,5,1,Positif
3911,sangat bagus,5,1,Positif
3912,Aplikasi ini dapat mengedit gambar dan video,5,0,Positif
3913,kak tolong cap cut nya untuk penyimpanan nya dikurangin ya kak soal nya punya saya tidak cukup,1,0,Negatif
3914,"makin kesini video sex/bokep pun bermunculan,bahaya ini buat anakï¿½ï¿½ï¿½ï¿½ï¿½ï¿½ï¿½ï¿½ï¿½ï¿½ï¿½ï¿½ï¿½ï¿½ï¿½ï¿½ï¿½ï¿½ï¿½ï¿½ï¿½ï¿½ï¿½ï¿",5,0,Positif
3915,saya sangat suka gem ini bisa buat muka saya menjadi albino bukan albino saja TPI tanplat nya sangat banyak,5,0,Positif
3916,"bagusss bisaa editt fidio,,dll nyhh,, pokonya aplikasinya baguss Dann canggihh untuk mengedit foto maupun fidioï¿½ï¿½ï¿½ï¿½ï¿½ï",5,0,Positif
3917,l like it's,5,0,Positif
3918,pengeditan sangat bagus wajib dicoba,5,1,Positif
3919,enak make nyaa,4,0,Positif
3920,Nice....,4,0,Positif
3921,oke,5,1,Positif
3922,"terlalu banyak iklan dan sekarang berbayar tidak seperti dulu, sangat tidak rekomend",1,-2,Negatif
3923,coba deh jangan terlalu banyak iklan saat ingin nge ekspor jadi terganggu dan nunggu lma banget kalok emang ngak niat jangan bikin aplikasi nya sma sekali karena kalok kami nonton iklan kalian untung bisa dapat uang dari sekian banyak iklan kami tonton lah kami dpet uang ngak malah bikin resah tolong perbaiki,1,-3,Negatif
3924,ini pas udh di dongwlod tidak bisah di bukak terus harus donglot lagi emng pantekk apilikasi ini hp gua udh ip 17 tapi masi aja aplikasi tidak sesuai burik aplikasi ini,1,0,Negatif
3925,"kebanyakan iklan berkali""",4,-1,Positif
3926,sangat memuaskan sekali tolong yah di rubah lagi yah supaya lebih menari dan lebih bagus lagi,5,1,Positif
3927,Agak ngeaelin dikit ya apa apa barus pro gw kn kga ada duwit tawu,1,0,Negatif
3928,Saya kasi Bintang 1. SAMPAH Iklan nya lama dan banyak sekarang. apalagi Iklan Domino nya ï¿½ï,1,-2,Negatif
3929,bagus kayak mmk,5,1,Positif
3930,plerr,5,0,Positif
3931,kualitas dengan maksimal,3,0,Netral
3932,capcut bagus tapi kurngin iklan iklan nya dong kadang pas ekspor vidio ada iklan judol nya menurut gw itu bikin yg denger salah paham untuk aplikasi nya bagus rekomen poko nya,5,-1,Positif
3933,untuk video Ai nya tolong dong free gitu karena capcut mudah ga ribet,4,1,Positif
3934,sekarang banyak yng berbayar,1,-1,Negatif
3935,"Sumpah ya template nya bagus bgt . tapi kalau kita buat editan sendiri itu kebanyakan pro nya tolong kan jadi ga bisa edit"" sendiri",3,1,Positif
3936,"Habis terupdate kok jadi gini sih min. pasang sampul dari galeri, eh pas di simpan teks dalam video nya ikut nongol semua di cover, capek banget harus hapusin teks dan bikin tulisan lagi. di perbaharui dong min. posting cover dibersihkan dari teks nya ih",4,0,Positif
3937,monyet aplikasi kikir banyak judol,1,-1,Negatif
3938,uang saya tiba-tiba saja di ambil sama aplikasi ini saya niat nya beli makan nah tiba-tiba uang saya yang di gopay di ambil sama aplikasi ini uang ya untuk makan 3hari sekarang saya gak bisa makan 3hari,1,0,Negatif
3939,dari lama pakai ini aman aman aja sih tapi ini kalo masuk pasti ada iklan mulu,4,-1,Positif
3940,baguss,5,0,Positif
3941,dulu GK berbayar kok sekarang berbayar dan banyak iklan,1,-3,Negatif
3942,bagus banget,5,1,Positif
3943,saya kecewa dengan adanya fitur premium di apk ini,1,-2,Negatif
3944,saya mau tanya capcut saya kenapa ya? setiap saya buka capcut pertama nya vidio nya diam dulu abis itu baru berjalan padahal saya udah pake wifi tapi kayak gak jalan gitu tolong di perbaiki dong pihak capcut,1,0,Negatif
3945,"Kecewa bangett sama CAPCUT VIDIO E , Dana Aku terpotong saldo nya yang gak tau terpotong karena apa.. Emailpun gak ada pemberitahuan soal langganan, dan saya pun merasa tidak berlangnan karna baru download App Capcut. saya kasih bintang 1 krn jujur kecewa banget saldonya terpotong garaï¿½ï¿½ï¿½ï¿½ï¿½ï¿½ï¿½ï¿½ï¿",1,-2,Negatif
3946,banyak sekali iklan yg gk jelas,1,-1,Negatif
3947,"saya sudah menggunakan capcut dari tahun 2022 dan jujur saya agak kecewa karna sekarang banyak iklan apalagi iklan judol,saya juga pernah pas mau ekspor malah jadi harus bayar jadi tolong diperbarui lagi,dan diperbaiki lagi untuk saat ini saya kasih bintang 5",5,-3,Positif
3948,karena dia iklan sekarang,2,-1,Negatif
3949,bagus tapi banyak berbayar,4,0,Positif
3950,bagus,5,1,Positif
3951,bagus,5,1,Positif
3952,perbaikan ulang kadangsaat edit suaranya bilang sama videonya videonya habis baru suaranya mulai kalau bisa dibilang aplikasinya Banyak sampah dan virus-virus,1,0,Negatif
3953,"bagus banget suka, tapi bisa lah pro in akun saya min soalnya saya hobinya ngedit hehe",5,1,Positif
3954,tapi kadang gbsa di pake,2,0,Negatif
3955,suka banget sangat membantu,5,1,Positif
3956,gua suka cabcut,5,0,Positif
3957,aplikasi ini sangat senang karna buat trend bagusï¿½ï¿½ï¿½ï¿½ï¿½ï¿½ï¿½ï¿½ï¿½ï¿½ï¿½ï¿½ï¿½ï¿½ï¿½ï¿½ï¿½ï¿½ï¿½ï¿½ï¿½ï¿½ï¿½ï¿½ï¿½ï¿½ï¿½ï¿½ï¿½ï¿½ï¿½ï¿½ï¿½ï¿,5,1,Positif
3958,jujur saya ngedit di capcut sangat puasa banget,3,0,Netral
3959,pliss banget nih ini udah bagus banget tapi aku jadi susah ngedit soalnya malah jalannya lebih lambat dari yang awal udah capekï¿½ï¿½ï¿½ï¿½ï¿½ï¿½ï¿½ï¿½ï¿½ï,2,1,Positif
3960,pliss bisa di download aku kasih bintang lima,5,0,Positif
3961,bagus banget tapi punya ku ter instal terus tolong dong,5,1,Positif
3962,gbisa di download ï¿½ï¿½,1,0,Negatif
3963,sangat berguna,5,0,Positif
3964,"aplikasi Baguss, menarik juga,bisa edit foto, Vidio,dan lain'. akuu sukaa sekali sama aplikasi capcut. semogaa aplikasi capcut makinn berkembang luas di seluruh daerah dan sekitarnya",5,0,Positif
3965,bagui,2,0,Negatif
3966,di cromebook loading banget,3,0,Netral
3967,bagus,5,1,Positif
3968,keren,5,1,Positif
3969,bagus sekali rekomendasikam,5,1,Positif
3970,bagus,5,1,Positif
3971,bagus sekali editannya,4,1,Positif
3972,"halo capcut, saya menikmati saat mengedit, tapi ada fitur yang sangat berguna tapi di hapus, yaitu Edit video template lebih lanjut, saya sangat tidka suka dengan capcut sekarang, saay saya menggunakan template, seperti tidak berguna, saya tidak bisa memindahkan teks seperti fitur edit video yang ada di template, bahkan menambahkan gambar, tolong kembalikan fitur edit video pada template yang sudah di hapus",3,0,Netral
3973,"lama loading nya, terus apa-apa bayar, mau naik haji kah?",1,0,Negatif
3974,aok ini sangat telok sekali iya wak iya wak,1,0,Negatif
3975,keren,5,1,Positif
3976,AKU KASIH BINTANGï¿½ï¿½ï¿½ï¿½ï¿½ï¿½ï¿½ï¿½ï¿½ï¿½ï¿½ï¿½ï,5,0,Positif
3977,Ini kenapa ya ketika saya mendownload capcut gak bisa?mohon maaf coba di cek dulu yaï¿½ï,4,0,Positif
3978,Gak bisa di buka,1,0,Negatif
3979,intinya capcut sangat bagus #IZINN,5,1,Positif
3980,ok,5,1,Positif
3981,susah banget dowload nyaa mentang mentang ga sengaja kehapus,1,0,Negatif
3982,bagus,5,1,Positif
3983,ok,5,1,Positif
3984,baik,5,0,Positif
3985,gak bisa bikin jj/video,1,0,Negatif
3986,karena aku edit tak bisa ke TikTok sekian dari saya,1,0,Negatif
3987,tidak bisa download,1,0,Negatif
3988,ahh eek dah gabisa di download eek,1,0,Negatif
3989,aplikasi isi sangat bagus makasih yang udah bikin aplikasi ini,5,1,Positif
3990,masa mau mangkas video aja masih ada layar hitam nya,1,0,Negatif
3991,"sangat bagus, dan berguna , memudahkan kreator untuk mengedit foto atau video",5,1,Positif
3992,template capcut nya seru seru,5,2,Positif
3993,Baguss sekaliii,5,0,Positif
3994,Saya sangat suka dengan aplikasi CapCut ini,5,0,Positif
3995,"mantep sih,gtw dah",5,0,Positif
3996,terimakasih sangat berguna banget,5,0,Positif
3997,kenapa tiap dipake ngedit udah gitu ngeditnya banyak malah item walaupun uda ganti akun.,3,0,Netral
3998,aplikasinya bagus dan bermanfaat untuk mengonten,5,1,Positif
3999,apknya bagus si tapi kikirnya melebihi zioles sama talonï¿½ï¿½ï¿,1,1,Positif
4000,cocok buat jj rimex tapi mb nya gacukup,4,0,Positif
4001,menurut saya capcut itu bagus banget suka ngedit ngedit voto lainnya tapi aku kurang suka jadi bintang empat,4,1,Positif
4002,bagus,4,1,Positif
4003,bagussss sihhhh bisa bikin vidioï¿½ï¿½ï¿½ï¿½ï¿½ï¿½ï¿½ï¿½ï¿½ï¿½ï¿½ï¿½ï¿½ï¿½ï¿½ï¿½ï¿,5,0,Positif
4004,"jujur untuk hasil video nya bagus,tapi suka banyak iklan,tapi karna bagus jadi ak kasus bintang limaï¿½ï¿½ï¿½ï¿½ï¿½ï¿½ï¿½ï¿½ï¿½ï¿½ï¿½ï¿½ï¿½ï¿½ï¿½ï¿½ï¿½ï¿½ï¿½ï¿½ï¿½ï¿½ï¿½ï¿½ï¿½ï¿½ï¿½ï¿½ï¿½ï¿½ï¿½ï¿½ï¿½ï¿½ï¿½ï¿½ï¿½ï¿½ï¿½ï¿½ï¿½ï¿½ï¿½ï¿½ï¿½ï¿½ï¿½ï¿½ï¿½ï¿½ï¿½ï¿½ï¿½ï¿½ï¿½ï¿½ï¿½ï¿½ï¿½ï¿½ï¿½ï¿½ï¿½ï¿½ï¿½ï¿½ï¿½ï¿½ï¿½ï¿½ï¿½ï¿½ï¿½ï¿½ï¿½ï¿½ï¿½ï¿½ï¿½ï¿½ï¿½ï¿½ï¿½ï¿½ï¿½ï¿½ï¿½ï¿½ï¿½ï¿½ï¿½ï¿½ï¿½ï¿½ï¿½ï¿½ï¿½ï¿½ï¿½ï¿½ï¿½ï¿½ï¿½ï¿½ï¿½ï¿½ï¿½ï¿½ï¿½ï¿½ï¿½ï¿½ï¿½ï¿½ï¿½ï¿½ï¿½ï¿½ï¿½ï¿½ï¿½ï¿½ï¿½ï¿½ï¿½ï¿½ï¿½ï¿½ï¿½ï¿½ï¿½ï¿½ï¿½ï¿½ï¿½ï¿½ï¿½ï¿½ï¿½ï¿½ï¿½ï¿½ï¿½ï¿½ï¿½ï¿½ï¿½ï¿½ï¿½ï¿½ï¿½ï¿½ï¿½ï¿½",5,1,Positif
4005,"aplikasi yg sangat membantu, mudah dan sngat baik buat mengedit vidio yg menarik",5,2,Positif
4006,cepetin download nyaaa,5,0,Positif
4007,mantap ini bagus,5,2,Positif
4008,banyak iklanya dan kikir,1,-1,Negatif
4009,saya sangat suka saat mengedit di capcut sangat lancar dan enak mengedit,5,1,Positif
4010,banyak iklannya,1,0,Negatif
4011,bagus jj nya,5,1,Positif
4012,bagus dan lengkap tapi ada fitur yang kurang tapi wortel itu lah,5,1,Positif
4013,bagus,5,1,Positif
4014,"capcut itu bagus banget,kalau buat ngedit juga template nya bagusï¿½ï¿½ï¿½ï¿½ï¿½ï¿½ï¿½ï¿½ï¿½ï¿½ï¿½ï¿½ï¿½ï¿½ï¿½ï¿½ï¿½ï¿½ï¿½ï¿½ï¿½ï¿½ï¿½ï¿½ï¿½ï¿½ï¿½ï¿½ï¿½ï¿½ï¿½ï¿½ï¿½ï¿½ï¿½ï¿½ï¿½ï¿½ï¿½ï¿½ï¿½ï¿½ï¿½ï¿½ï¿½ï¿½ï¿½ï¿½ï¿½ï¿½ï¿½ï¿½ï¿½ï¿½,tapi kalau buat selesai mengedit su",5,2,Positif
4015,tolong capcut hapus konten template yang green screen itu soalnya bayak mengandung unsur video dewasa ini aplikasi untuk ngedit dan di pakai semua kalanganï¿½ï,5,0,Positif
4016,i like that bro,5,0,Positif
4017,sgt bagus,5,1,Positif
4018,seruuuuuu tpiii sayang banget soal nya ngebak trusss,4,0,Positif
4019,aplikasi ini sangat membatu saya,5,0,Positif
4020,Bagus banget,2,1,Positif
4021,sangat bgus untuk edit fhoto,5,0,Positif
4022,bagus,4,1,Positif
4023,JADI APA APA ITU HARUS PREMIUM MENTANG MENTANG UDAH TERKENAL,3,-1,Negatif
4024,Aplikasi ini sangat bagus dan juga cocok buat bikin vidio sayang banyak iklan Ny jdi bad mood kalo ad iklan nya dan jga kalo video nya bgus harus bayar ï¿½ï¿½ï¿½ï¿½,5,-1,Positif
4025,bagus banget sama membantu terutama untuk editor,5,2,Positif
4026,"lama banget download nya, padahal koneksi data nya masi banyal dan aman",1,0,Negatif
4027,"apk bagus banyak template juga, tp skrg hampir semuanya bayar, udh gt banyak iklan, penyimpanan nya juga gede bgt drpd aligthmotion, kurangi yg berbayar",2,-1,Negatif
4028,sudah lah capcut nambah kikir ï¿½ï¿½ï¿½ï¿½,1,-1,Negatif
4029,bagus,5,1,Positif
4030,sangat bagusss,5,0,Positif
4031,mengedit foto dan video dgn mudah,5,1,Positif
4032,Bu gd24uyqrh HDR 4 ketidaknyamanan,5,0,Positif
4033,mantap,4,1,Positif
4034,"tolong di perbaiki karena banyak yg memosting vidio"" tidak enak di lihat",2,0,Negatif
4035,bagus pokoknya,5,1,Positif
4036,banyak banget yang harus pro,1,0,Negatif
4037,"apk banyak iklan , template saat di share tidak bisa di gunakan alasanya video hilang padahal di hp pengirim masih ada dan bisa di gunakan di hp lain tidak. dikit dikit pro dikit dikit pro tiap update malah nambah fitur pro nya bukan berkurang",1,-1,Negatif
4038,bagus bagatt,5,1,Positif
4039,suka banget keren,5,1,Positif
4040,cap cut bagus bisa buat jjj,5,1,Positif
4041,"buset, ga bisa di download editannya. kudu bayar dulu. hemmm",1,0,Negatif
4042,DIKITï¿½ï¿½ï¿½ï¿½ï¿½ï¿½ï¿½ï¿½ï¿½ï¿½ï¿½ï¿½ï¿½ï¿½ï¿½ï¿½ï¿½ï¿½ï¿½ï¿½ï¿½ï¿½ï¿½ï¿½ï¿½ï¿½ï¿½ï¿½ï¿½ï¿½ï¿½ï¿½ï¿½ï¿½ï¿½ï¿,2,0,Negatif
4043,bagus,5,1,Positif
4044,mantap,5,1,Positif
4045,"sangat baguss,tapi saat saya lihat standar saya cukup kaget but It's okayy,baguss kokk (jempol)ï¿½ï",4,0,Positif
4046,bgus,5,0,Positif
4047,waw,5,0,Positif
4048,apk rusak,1,0,Negatif
4049,saya kurang suka capcut gara2 suka ada vidio yang jorok2ï¿½ï,1,0,Negatif
4050,"terlalu banyak yang pro, dan banyak iklan nya",2,-1,Negatif
4051,bagus buat edit edit video foto,5,1,Positif
4052,kenapa sih harus pakai perbarui gak suka udahlah banyak iklan karna lagi butuh aja kalau tidak butuh udah saya hapus ngapa sih aplikasi banyak mau diperbarui gak suka ï¿½ï¿½ï¿½ï¿½,3,-1,Negatif
4053,asyiik ngedit video dg capcut. tapi..klo gratisan banyak iklanya,4,0,Positif
4054,Bagus Untuk Sad,5,1,Positif
4055,aplikasi captcut nya bagus,5,1,Positif
4056,"tidak bisa membayar pro biasa, masa harus tim",1,0,Negatif
4057,bagus kok tapi..ï¿½ï¿½ï¿,4,1,Positif
4058,bagus ï¿½ï¿½ï¿,5,1,Positif
4059,ATASIN BUG NYAAA KOK PAS GUA PILIH TRANSISI UDAH DI KLIK EFEKNYA GAK MUNCUL SIHH!!,1,-1,Negatif
4060,ýýýýýýýýýýýýýýýýýýýýýýýý ýýýýýýýýýýýýýýýýýýýý,5,0,Positif
4061,"meskipun banyak kekurangan, tapi capcut masih layak di gunakan",4,0,Positif
4062,Keren,5,1,Positif
4063,bagussss bngt saya suka sama aplikasi capcut,5,0,Positif
4064,capcut di hp saya entah kenapa loading sehingga saya menghapus lalu mendownload lagu padahal jaringan bagud,2,0,Negatif
4065,"bisa bikin jj ,meme semua bisa jir pokoknya bagus banget deh ni capcutï¿½ï¿½ï¿½ï¿½ï¿½ï¿½ï¿½ï¿½",5,1,Positif
4066,"dulu mb nya dikit ,ko sekarang nambah sih, menuh menuhin memori",2,0,Negatif
4067,ngelag banget nek lai serius,2,0,Negatif
4068,"fitur nya bagus,tapi Content nya berbau dewasa dan tidak ramah untuk anak kecil dalam hal mengerjakan tugas sekolah,Dll",1,1,Positif
4069,aku sukaaa bngtt soalnya aku kalau ngedit vidio ficapcut bukan ditiktokkkï¿½ï¿½ï¿½ï¿½ï¿½ï¿½ï¿,5,0,Positif
4070,mantap pengeditan kini jadi mulus,5,1,Positif
4071,kenapa size apk nya gede banget,1,0,Negatif
4072,gimana sih ini saya template foto ke vidio malah jadinya hitam semua vidionya masalahnya apa sih ini,1,0,Negatif
4073,tolong di kembalikan versi lama versi sekarang susah d pake tidak komplit.,1,0,Negatif
4074,sangat mantap kan,5,1,Positif
4075,bagus banget jjj nya,5,1,Positif
4076,Karena bagus sekali,5,1,Positif
4077,kita baru mau coba jadi saya kasih 4 bintang,4,0,Positif
4078,bisa edit foto,5,0,Positif
4079,bagus banget buat bikin apaan aja,5,1,Positif
4080,kenapa tidak bisa menginstall nyaa padahal memori ruang sangatbbanyak,1,0,Negatif
4081,Bagus,5,1,Positif
4082,mantap sangat bgus,5,1,Positif
4083,terbaik,5,0,Positif
4084,aplikasi bagusï¿½ï¿½ï¿½ï¿½,4,1,Positif
4085,bagussssssssss,5,0,Positif
4086,Terlihat lebih menarik karena bisa berkesempatan membuat perubahan agar menarik orang lain lebih menyukainya apa yang menjadi gaya kreatif yang dimiliki para kreator.Hanya sayangnya dietitian suara agak kurang sesuai harapan karena kadang berubah sendiri bukan menghasilkan jadi bagus tapi lebay.Entah pengaruh dari suara AI atau drmn namun dipikir2 lebih bagus lgi bila pakai suara asli manusia yang membuat postingan tersebut.Tapi tetap semangat dan tidak membuat lemah meskipun kendala pasti ada,5,3,Positif
4087,banyaj yang dikitï¿½ï¿½ï¿½ï¿,1,0,Negatif
4088,membantu saya untuk mengedit foto dan video,5,1,Positif
4089,cancut,5,0,Positif
4090,okee,5,0,Positif
4091,capcut sekarang agak bermasalah juga yah...tolong dong di perbaiki lagi ...,3,0,Netral
4092,saya sudah lama punya capcut tapi knp ya sekarang capcut banyak yg pro lah standar lah kan kami juga cuma mau edit,1,0,Negatif
4093,bintang berbicara,5,0,Positif
4094,"aplikasi nya bagus bngt, tapi pas lagi mau ngedit -ngedit malah di bilang kesalahan jaringan padahal wifi aku lancar - lancar aja tapi aku udah muat banyak banget template tapi belum dapat dollarnya padahal udah monetisasi",4,3,Positif
4095,seru banget,5,1,Positif
4096,"jujur aplikasi capcut emang the best yang sekarang, walau kadang iklan tapi aku suka apk ini, karena editannya bagus, keknya capcut zaman sekarang sama zaman dahulu beda ya ï¿½ï¿½ï¿½ï¿½ï¿½ï¿½ï¿½ï¿½ï¿½ï¿½ï¿½ï¿½ï¿½ï¿½ï¿½ï¿½ï¿½ï¿½ï¿½ï¿½ï¿½ï¿½ï¿½ï¿½ï¿½ï¿½ï¿½ï¿½ï¿½ï¿½ï",5,0,Positif
4097,apk nya bagus,5,1,Positif
4098,like,5,0,Positif
4099,kurang banyak pengikut tolong ramaikann dan masa harus bayar tolong,4,0,Positif
4100,suka banget banyak yang bisa dibuat tapi kalo aku cari sesuatu kadang kadang malah beda,4,0,Positif
4101,Bagusss,5,0,Positif
4102,sekalian aja buat video harus premium kayak nanggung banget,1,-1,Negatif
4103,karena baru di instal tidak bisa dibuka padahal ini baru mau dipake penting,1,0,Negatif
4104,Bagus tapi banyak yang berbayar,4,0,Positif
4105,bagus tapi terlalu banyak pro atau bayar jad,3,1,Positif
4106,bagus template nya kece + Arabic ï¿½ï¿½ï¿,5,1,Positif
4107,bagus,5,1,Positif
4108,"ini capcut knpa dah, gw mau bkin vd pkek template ini gbsa itu gbsa katnya gegara pas gw klik poto gbsa katanya, elemen ini tdk dapat di ekspor katanya apalah",1,0,Negatif
4109,sangat baik tapii suka kembali nggak jelas tolong perbaiki,5,0,Positif
4110,"video yang ada di galeri sering tidak tampil di capcut saat mau di edit, padahal saya pengguna capcut pro",4,0,Positif
4111,ok aja,4,1,Positif
4112,"sebenarnya Bagus dan gatau salah siapa ya,tiba tiba duit di dana kepotong sendiri 80rb, soalnya aku ga otak atik apa apa,dan kemungkinan saya yang salah,tiba tiba kepotong aja 80rb",1,1,Positif
4113,aplikasi nya bagus tapi bisa lebih kurangi iklan nya,5,0,Positif
4114,"yaa capcut emg bagus enak juga dipake, mendig ini emang sih drpda am tpi gatau ya bgi yng suka am ya am bgi yng ska cc ya cc dn bgi yng ska 2ï¿½ï¿½ï¿½ï¿½ï¿½ï¿½ï¿½ï¿½ï¿½ï¿½ï¿½ï¿½ï¿½ï¿½ï¿½ï¿½ï¿½ï¿½ï¿½ï¿½ï¿½ï¿½ï¿½ï¿½ï¿½ï¿½ï¿½ï¿½ï¿½ï¿½ï¿½ï¿½ï¿½ï¿½ï¿",5,2,Positif
4115,kak gk bisa di download lagi padahal memori ku gk penuh knp ya kak?,1,0,Negatif
4116,ya begitulah,1,0,Negatif
4117,mahal. ga worth it,2,-1,Negatif
4118,"walapun banyak yg berbayar, gpp sy dah jd kreator capcut",5,-1,Positif
4119,makin kesini makin berbayar ï¿½ï,1,-1,Negatif
4120,bagus banget,5,1,Positif
4121,banyak yang berbayar udah lah iklan bikin kesel sering eror lagi padahal memori ku gak penuh bikin kesel apalagi ada beberapa template yang pakek iklan dulu baru bisa ke buka,5,-3,Positif
4122,iklannya woi di kontrol isinya judi online semua,1,0,Negatif
4123,gacorrr,5,0,Positif
4124,INI SANGAT BANGUS BISA MENGEDIT SENDIRI,5,0,Positif
4125,ok,5,1,Positif
4126,semua serba premium yaï¿½ï¿½,2,-1,Negatif
4127,capcut itu kadang loding nyan itu tu kalo di HP aku itu lama banten sampek panas tapi bagus deh,4,1,Positif
4128,jlk banget mending am,1,0,Negatif
4129,app kikir dikit2 ngejebak & maksa bgt bikin kita make fitur2 free trialï¿½ï,1,-1,Negatif
4130,"makin naik tahun makin ga bener nih capcut , udh gitu banyak bug nya lagi....",1,-1,Negatif
4131,BINTANG,5,0,Positif
4132,ini sangat baguss sekali saya kasih rating 5,5,0,Positif
4133,sebenernya apk ini baguss bangett tapi banyak iklan iklan yang tidak pantas juga terlalu banyak pro yang terkadang gratis eh lama lama bayar. aku kasih bintang 5 ya agar semangat dan tolong perhatikan iklan.dan akun pronya.,5,-2,Positif
4134,apaansi nih tiba tiba gw berlangganan gajelas banget kepotong saldo gw aneh bgt asli nih apk padahal ga pernah makee,1,0,Negatif
4135,aplikasi gak guna ada ai ada ai sikit'ai gak bisa di expors gak guna x,1,0,Negatif
4136,susah penyimpanan,1,0,Negatif
4137,aku bikin vidio disini terus oiya btw tingkatin terus ï¿½ï¿½ï¿½ï¿½ï,5,0,Positif
4138,Aplikasi ini sekarang seperti tiktok buka capcut yang saya kenal dulu,1,0,Negatif
4139,keren,5,1,Positif
4140,user friendly ï¿½ï¿½ï¿,5,0,Positif
4141,eror Mulu kerjaan nya,1,0,Negatif
4142,seru banget cintaa mana ada template nya kan memudahkan gitu i love you capcut -salamdariamel,5,1,Positif
4143,Karna membantu saya,5,1,Positif
4144,pliss kalau update itu gak ada iklan sama sekali,3,-1,Negatif
4145,aplikasi biadap langganan mahal mahal malah dapet ai yang gak bisa di andalkan di suruh ngetik lirik aja kok malah ngetik gak jelas dah cabut aja dari aplikasi kikir ini lah dah langganana mahal fitur kaya gitu lagi,1,-4,Negatif
4146,kren,5,0,Positif
4147,ok,5,1,Positif
4148,MB NYA AJA YANG BESAR TAPI APLIKASI NYA JELEK ANJ,1,-1,Negatif
4149,bagus bgt,5,1,Positif
4150,karena enak di edit,5,0,Positif
4151,"terlalu banyak pro, apa apa pro, padahal dulu banyak fitur yang gratis tapi sekarang malah pro, kebelet kaya ini",1,0,Negatif
4152,aplikasi memang bagus tapi saya tidak sengaja berlangganan di aplikasi cafcut dan dana saya di potong tanpa sepengatahuan saya sekarang saya meminta pengembalian dana namun belum ada respon mohon kerjasamanya dari pihak yang bersangkutan,1,1,Positif
4153,"capcut yg sekarang jelek banget, lebih suka capcut yg dulu, no iklan gertatisan dan cepet kalok ekspor poto, kalok sekarang mah lebih bnyk iklannya mau kespor video hasil edit sendiri aja sekarang harus bayar, pokoknya ngk suka banget deh mana lambat pula,kasih Bintang 1 aja capcut jelek, auto uninstal ï¿½ï",1,-3,Negatif
4154,"dkit dkit pro, skrng mau ngilangin tanda watermark aja hrus pro, tolong diperbaiki sekiranya nyaman digunakan oleh konsumen.",5,0,Positif
4155,"capcut sekarang dikitï¿½ï¿½ï¿½ï¿½ï¿½ï¿½ï¿½ï¿½ï¿½ï¿½ï¿½ï¿½ï¿½ï¿½ï¿½ï¿½ï¿½ï¿½ï¿½ï¿½ï¿½ï¿½ï¿½ï¿½ï¿½ï¿½ï¿½ï¿½ï¿½",1,-2,Negatif
4156,Keren Abiss,5,1,Positif
4157,"saya peringatkan saja, ini apk mulai tambah pelit, dan soal kenapa saya kasih bintang lima, agar dapat ditemui lebih cepat, dan saya sarankan, jika setiap selesai mengedit, hapus cache untuk mengurangi memory",5,0,Positif
4158,"jujur aja aku pengguna aplikasi ini kalau soal templet memang bagusï¿½ï¿½ï¿½ï¿½ï¿½ï¿½ï¿½ï¿½ï¿½ï¿½ï¿½ï¿½ï¿½ï¿½ï¿½ï¿½ï¿½ï¿½ï¿½ï¿½ï¿½ï¿½ï¿½ï¿½ï¿½ï¿½ï¿½ï¿½ï¿½ï¿½ï¿½ï¿½ï¿½ï¿½ï¿½ï¿½ï¿½ï¿½ï¿½ï¿½ï¿½ï¿½ï¿½ï¿½ï¿½ï¿½ï¿½ï¿½ï¿½",1,1,Positif
4159,"aplikasi nya bagus tapi bisa kah kurang kan MB nya?, gau rating 4, kalau MB nya berkurang, saya kasih bintang 5",4,1,Positif
4160,"terlalu kikir, jujur nih ya.",3,-1,Negatif
4161,kenapa capcut sering nge lag ya padahal sudah saya perbarui tolong diperbaiki,3,-1,Negatif
4162,"aplikasi ga jelas banyak bugnya, terus semua fitur kebanyakan pro",1,0,Negatif
4163,"ini gmn ya sekarang aku g bisa download ,padahal saya udh hapus aplikasi lumayan banyak tolong ini gmn",1,0,Negatif
4164,bagus bagus,4,2,Positif
4165,bagus tapi ada yg bayarï¿½ï¿½ï¿,4,1,Positif
4166,capcut slalu mengambil uang saya di dana pdahal saya didak mlakukan langganan apapun,1,0,Negatif
4167,ngelag banget,2,0,Negatif
4168,apk kok kakuï¿½ï¿½ï¿½ï¿½ï¿½ï,5,0,Positif
4169,"NGESELIN BANGET CAPCUT YANG SEKARANG,AWALNYA NGEDIT 2 VIDEO POV GAK BAYAR TAPI KENAPA PAS NGEDIT VIDEO POV KETIGA HARUS BAYAR?!!!! MANA UDAH NGEDIT BANYAK BANGET LAGI!!! BERJAM JAM BIKIN VIDEO POV PAS MAU DI EKSPOR MALAH HARUS BAYAR,HARUSNYA NGERTI LAH GAK SEMUA ORANG ITU KAYA",1,-1,Negatif
4170,bagussss,5,0,Positif
4171,sumpah ngelag mulu gk pernah lancar kalau aku ngedit,1,1,Positif
4172,kenapa gak bisa di unduh walaupun ruangan masih cukup banyak,1,0,Negatif
4173,keren dan mudah,5,2,Positif
4174,bagusss sih baguss tapi mengistal nya lama,3,0,Netral
4175,"apk nya bagus bngt ,tapi tolong perbanyak filter atau semacamnya itu di gratisin soal nya bokek kebanyakan juga yg make capcut itu anak anak yg nge edit vidio buat di up load ke youtube jadi tolong ya",5,1,Positif
4176,menurut ku ini sangat bagus bintang 5,1,1,Positif
4177,ini pengalaman yang tidak mengenakkan waktu aku lagi ngedit video yang panjang titibaï¿½ï¿½ï¿½ï¿½ï¿½ï¿½ï¿½ï¿½ï¿½ï¿½ï¿½ï¿½ï¿½ï¿½ï¿½ï¿½ï¿½ï¿½ï¿½ï¿½ï¿½ï¿½ï¿½ï¿½ï¿½ï¿½ï¿½ï¿½ï¿½ï¿½ï¿½ï¿½ï¿½ï¿½ï¿½ï¿½ï¿½ï¿½ï¿½ï¿½ï¿½ï¿½ï¿½ï¿½ï¿½ï¿½ï¿,3,0,Netral
4178,aku mencari cari untuk mengedit dan akhirnya aku menemukan capcut. ya walaupun banyak iklannya tapi fitur-fitur nya mantep bagus poll....!,5,1,Positif
4179,jujur saya pengguna lama capcut dan capcut sering kali nge lag padahal jaringan lg baik-baik saja,2,-1,Negatif
4180,"gk usah dikasih keterangan Sih, soalnya semua org udah tau kalo capcut udah pasti bagus ï¿½ï¿½ï¿½ï¿½",5,1,Positif
4181,"tolong iklannya di hilangin, mengganggu bangat",3,0,Netral
4182,baguss bangett 100% sihhh lopyuuu capcutt,5,0,Positif
4183,bagus bangey,5,1,Positif
4184,baguss tapi kenpa kalo ada foto atau vidio yg baru suka susah munculnya,3,0,Netral
4185,sangat bagus,5,1,Positif
4186,ini berguna untuk kita yang ingin makonten tetapi kebanyak pro,3,0,Netral
4187,habis update kenapa malah tidak bisa masuk2.. keterangan masalah keamanan harus download dari toko resmi.. laah emang PlayStore gak resmi?,1,0,Negatif
4188,bagus dan berguna,5,1,Positif
4189,Aplikasinya bagus banget kalian wajib download ya,5,1,Positif
4190,tolong deh ini gak usah kasih iklan jud0l knp? risih tw,1,-1,Negatif
4191,ini aplikasi edit atau apasih! gua mau pakek template ae meni kudu bayar terus juga setiap kali gua edit foto pasti bakal hilang udah edit lagi hilang lagi BRENGSEK EMNG INI APLIKASI EDIT!!!,2,0,Negatif
4192,bagus,5,1,Positif
4193,ini bagus tapi suka patah patah atau ngelag saat sendang mengeditnyaï¿½ï,4,1,Positif
4194,editan nya oke tapi kok banyak video yang mesum Dan tidak pantassss tolong keamanan nya kitingkatkan,3,1,Positif
4195,gamang ngedit vidio,5,0,Positif
4196,bagus untuk,5,1,Positif
4197,bagus bermanfaat,5,1,Positif
4198,bagusss banget,5,0,Positif
4199,agak kurang satu fitur (bikin vidio di hp kok susah tolong jangan di susahin ya ï¿½ï¿½ï¿½ï¿½ï¿½ï¿½ï¿½ï¿½ï¿½ï¿½ï¿½ï¿½ï¿½ï¿½ï¿,5,0,Positif
4200,lama kali woi gwe donlot nya gua nungguin Ampe sejam,1,0,Negatif
4201,pada umumnya TPI banyak iklan dan pro,4,-1,Positif
4202,gatau jujur janggal btw ini seruu bisa gantiin tiktok,5,0,Positif
4203,capcut sangat bagus buat ngedit,5,1,Positif
4204,bagus untuk ngedit,5,1,Positif
4205,bagusss bangetttt,5,0,Positif
4206,"gabisa download udh berulang kali, padahal penyimpanan normal"" aja ko",1,0,Negatif
4207,banyak iklan judol,2,-1,Negatif
4208,"menurutku apk ini bagus template nya kece kece dan lancar juga di pakeï¿½ï¿½ï¿½ï¿½ï¿½ï¿½ï¿½ï¿½ï¿½ï¿½ï¿½ï¿½ï¿½ï¿½ï¿½ï¿½ï¿½ï¿½ï¿½ï¿½ï¿½ï¿½ï¿½ï¿½ï¿½ï¿½ï¿½ï¿½ï¿½ï¿½ï¿½ï¿½ï¿½ï¿½ï¿½ï¿½ï¿½ï¿½ï¿½ï¿½ï¿½ï¿½ï¿½ï¿½ï¿½ï¿½ï¿½ï¿½ï¿½ï¿½ï¿½ï¿½ï¿½ï¿½ï¿½ï¿½ï¿½ï¿½ï¿½ï¿½ï¿½ï¿½ï¿½ï¿½ï¿½ï¿½ï¿½ï¿½ï¿½ï¿½ï¿½ï¿½ï¿½ï¿½ï¿½ï¿½ï¿½ï¿½ï¿½ï¿½ï¿½ï¿½ï¿½ï¿½ï¿½ï¿½ï¿½ï¿½ï¿½ï¿½ï¿½ï¿½ï¿½ï¿½ï¿½ï¿½ï¿½ï¿½ï¿½ï¿½ï¿½ï¿½ï¿½ï¿½ï¿½ï¿½ï¿½ï¿½ï¿½ï¿½ï¿½ï¿½ï¿½ï¿½ï¿½ï¿½ï¿½ï¿½ï¿½ï¿½ï¿½ï¿½ï¿½ï¿½ï¿½ï¿½ï¿½ï¿½ï¿½ï¿½ï¿½ï¿½ï¿½ï¿½ï¿½ï¿½ï¿½ï¿½ï¿½ï¿½ï¿½ï¿½ï¿½ï¿½ï¿½ï¿½ï¿",2,4,Positif
4209,sangat cocok,5,0,Positif
4210,cap cut nya bagus banget,2,1,Positif
4211,sangat membantu dan bagusssss 100000%,5,1,Positif
4212,"Saya pengguna lama Capcut, dari waktu capcut masih free sampai akhirnya jadi berbayar. Jujur capcut ngebantuin aku nyelesain tugas kelompok kalau misalnya disuruh edit video.. tapi untuk sekarang, ga dulu. Ini saya kasih 2 bintang bukan karna capcut yang jadi berbayar tapi karna capcutnya bisa tibaï¿½ï¿½ï¿½ï¿½ï¿½ï¿½ï¿½ï¿½ï¿½ï¿½ï¿½ï¿½ï¿½ï¿½ï¿½ï¿½ï¿½ï¿½ï¿½ï¿½ï¿½ï¿½ï¿½ï¿½ï¿½ï¿½ï¿½ï¿½ï¿½ï¿½ï¿½ï¿½ï¿½ï¿½ï¿½ï¿½ï¿½ï¿½ï¿½ï¿½ï¿½ï¿½ï¿½ï",2,-2,Negatif
4213,"sangat tidak suka, dulu capcut masih ful gratis sekarang mau stabilkan vidio aja harus bayar.capcut manis di awal aja akhir nya sakit",1,0,Negatif
4214,okee sih minusnya banyak yg di pro aja,4,0,Positif
4215,pliss ini apk bguss bngtt woyy.. penting bgt di aku yangg bikin alternatif universe terus bikin judul nya dsinii.. inyinyaa bguss dehh,5,0,Positif
4216,aku mau donlod aplikasi capcut malah ga bisa tolong jelasin kenapa gitu,1,0,Negatif
4217,capcut anjjj duit makan gua di potong cokk hadehhhhh laper dah dua 2 hari ini duit gua untuk jajan sekolah cokkk gua kerja 3 hari buat ngekos malh di potong langganan capcut pro tolong lah capcut balikin duit gua masak gua ngemis minta makan kgk ada hati nuraninya lu,1,0,Negatif
4218,bagussss,5,0,Positif
4219,Ok,5,1,Positif
4220,"jujur apknya error bgt di hp ku, malah bergb lagi, ga worth it",1,-1,Negatif
4221,Kalau mau ekspor template harus melihat iklan gak kayak dulu gak ada iklan nya ï¿½ï¿½ï¿½ï¿½ï¿½ï,1,-2,Negatif
4222,tolong dong pihak capcut hapus video porno itu karena banyak orang ketagihan nonton tolong ya terima kata kata saya,1,0,Negatif
4223,bagus cuma pas aku scroll malah ada vidio sus ï¿½ï¿½ï¿½ï¿½ï¿½ï,5,1,Positif
4224,okyy,5,0,Positif
4225,ini bagus,5,1,Positif
4226,enak aja di buat untuk ngedit cantik pulak,4,0,Positif
4227,ýýýýýýýýýýýý,5,0,Positif
4228,harus berlangganan supaya lancar ï¿½ï¿½ï¿½ï¿½,1,1,Positif
4229,Dikit Dikit Harus dipaksa bayar Kikir,3,-1,Negatif
4230,"udah di bantu terkenal bukannya ngasih fitur yang lebih wow, eh malah pro",4,0,Positif
4231,wah jadi aku bisa ngonten,5,0,Positif
4232,keluarin SG opm lagi mjn,5,0,Positif
4233,apk ini udah gak bayar lagi tapi kenapa saat aku cari capcut kenapa gak ada?,1,0,Negatif
4234,"capcut kikir, kembalikan capcut yg dulu",5,-1,Positif
4235,"awalnya aman walaupun banyak yg harus pro, tapi lama kelamaan error jir. pas buka template, vidionya ngefreeze. tapi lagunya masih jalan",3,-1,Negatif
4236,sangat bagus buat membuat jj,5,1,Positif
4237,aplikasinya keren bangetï¿½ï,5,1,Positif
4238,saya sangat menyukai apk ini,5,0,Positif
4239,dia yg bisa jadi aplikasi ku yg berfungsi bgt,5,0,Positif
4240,Capcut saya bagus untuk di gunakan,5,1,Positif
4241,bagus,5,1,Positif
4242,bagus banget bisa bikin gfx,5,1,Positif
4243,"banyak vidio aneh aneh,bahaya kalo diliat anak anak",1,0,Negatif
4244,banyak vidio 18+ nya plis capcut hilangin....,2,0,Negatif
4245,nice,5,0,Positif
4246,"banyak iklan anjirrr. trus suka lemot, aplikasi tak terbuka",1,-2,Negatif
4247,menurut saya bagus,5,1,Positif
4248,bagus tapi kenapa tidak bisa untuk tiktok lite,3,1,Positif
4249,bagus tapi banyak iklan nya,5,0,Positif
4250,bagus,5,1,Positif
4251,Video templates that are too vulgar should be banned ï¿½ï,1,0,Negatif
4252,aku pengen banget download capcut tapi gak bisa teruss,1,0,Negatif
4253,"jelek , makin banyak pro , harus donwload ulang , gk bagus",1,0,Negatif
4254,iklan nya 100,1,-1,Negatif
4255,jelek berat,1,-1,Negatif
4256,"bagus, tapi kebanyakan premium bikin stres aja.",2,0,Negatif
4257,baik,5,0,Positif
4258,tidak sesuai dengan apa yang di posting,2,0,Negatif
4259,"aplikasi kebanyakan fitur premium, jadi sampah",1,-1,Negatif
4260,"kalau aku si menurut aku sih bagus bagus aja, lagian juga selama ini capcut banyak bgt kan template gratisnya? ga semuanya berbayar guys, untuk yg capcut pro itu ya sesuai sama kalian aja, kalau kalian mau ya udah, kalau gamau juga gapapa. gaada yang maksa, lagian klau kalian maunya semuanya gratis, inget kata kata ini ya ""hidup itu gaada yg gratis."" ya wlaupun skrng aplikasi ini sering lag, tapi worth it lah. come on guys, hargain. jgn bisanya koar koar doang.",5,0,Positif
4261,semuanya aja pro sekalian,1,0,Negatif
4262,ngebug mulu,1,0,Negatif
4263,keren ...bisa hiburan setiap saat ...keren habeeeeees ...ï¿½ï¿½ï¿½ï¿½ï¿½ï¿½ï¿½ï¿½,5,2,Positif
4264,seru tqpi lelet di hp samsung,4,1,Positif
4265,jujur capcut kok gini iya sekarang GK bisa dia donlot,2,0,Negatif
4266,nge update nya pls cepetinï¿½ï¿½ï¿½ï¿½ï¿½ï¿½ï¿½ï¿½ï¿½ï¿½ï¿½ï,4,0,Positif
4267,jujur capcut itu enak karna bisa bikin jedak jeduk,5,0,Positif
4268,good bgtt,5,0,Positif
4269,aplikasi apaan nih balikin saldo gopay saya 85.000 ribu saya gk ingin langganan di capcut tapi saldo gopay saya kesedot untuk membayar langganan capcut ya ampun ada ada aja dah ini aplikasi,1,-1,Negatif
4270,udah di instal tapi gk bisa buka,1,0,Negatif
4271,saya udah kepotong otomatis biaya tahunan 450 ribu tapi pas gunain premium atau pro kaga bisa ..harus bayar lagi biaya standar .. trus yang otomatis kepotong itu biaya apa,1,-1,Negatif
4272,bagus banget tpi kadang kadang ngeleg padahal jaringan nya udah bagus,5,2,Positif
4273,KEBELET HAJI,1,0,Negatif
4274,aku suka banget sama capcut,5,0,Positif
4275,kenapa ada vid s**,1,0,Negatif
4276,mantap jiwa ï¿½ï,5,1,Positif
4277,"Aplikasinya sih bagus banyak fitur,template,dll. Tetapi mohon maaf knapa akhir akhir ini ketika saya selesai mengedit dan ingin mengekspor, ekspornya tidak berjalan masih stuck diangka 0%. Mohon perbaiki bug ini, Terima kasihï¿½ï",3,0,Netral
4278,"buat aplikasi dan editnya bagus,cuman ada 1 masalah,setiap mau bikin teks sendiri kadang suka eror,bisa tapi munculnya lama padahal udh di ketik,ya udh itu aja,aku ga tau itu bug dari hp aku atau bukan,nanti kalo udh di perbaikin aku kasih bintang lima ya,",4,0,Positif
4279,sangat bagus saya jdi ktegihna ngedit di cp ini,1,1,Positif
4280,sudah tidak kayak dulu. masa mau export aja bayar hadeh ï¿½ï¿½ï¿½ï¿½ï¿½ï¿½ï¿½ï¿½ï¿½ï¿½ï¿½ï¿½ï¿½ï¿½ï¿½ï¿½ï¿½ï¿½ï¿½ï¿½ï¿½ï¿½ï¿½ï¿½ï¿½ï¿½ï¿½ï¿½ï¿½ï¿½ï¿½ï¿½ï¿½ï¿½ï,1,0,Negatif
4281,"tmbh diupdate jd aneh, saat kita ngedit lalu diekspor vd ny jd hitam",2,0,Negatif
4282,capcut sangat bagusss dan kerenn dia membuat poto vidioo ku semua nya keren nerkat nya jdii aku kasi bintang 5 karna dia beguss,5,1,Positif
4283,ýýýýýýýýýýýýýýýýýýýý,5,0,Positif
4284,Love cap Cut,5,0,Positif
4285,bagus,5,1,Positif
4286,menurut saya udah bagus untuk mengedit edit foto maupun video tapi yang paling perlu untuk saya tolong kurangi mb nya sedikit karna tidak bisa di instal di hp saya mohon minta tolong ya itu saja saran dari saya Terima kasis,2,1,Positif
4287,"kadang ngelag,tapi bagus untuk mengedit",4,1,Positif
4288,"Saldo saya terpotong begitu saja tanpa mengajukan pembelian apapun, sudah mengajukan refund dana tapi masih belum di gubris juga",1,0,Negatif
4289,aplikasi ini bagus untuk mengedit suatu gambar menjadi lebih indah aku suport aplikasi ini hingga kapan pun,1,1,Positif
4290,Bagus sekali aplikasi ini aku kasih bintang 5ya capcut,5,1,Positif
4291,"Makin lama makin banyak premium, lama-lama mau download juga harus premium di play store. Mau buka aplikasi harus premium, tutup aplikasi harus premium.. waduhh",1,-4,Negatif
4292,"SENGAJA GW KASIH BINTANG 5 , BIAR KEBACA SAMA KALIAN,NI APK TUH LAMA LAMA SESAT COK BANYAK TEMPLATE PELECEHAN,JUDOL,DLL INI APK SEKARANG RUSAK BET ASLIï¿½ï",5,0,Positif
4293,keren,5,1,Positif
4294,jujur keren mantap cut nya transisi nya Peh kalo kalian GK download Peh rugi buat ngedit bagus ï¿½ï,5,2,Positif
4295,"apk ini udah kelewat kikir,kenapa saya kasih bintang lima karena bintang 1 jarang diperlihatkan,hampir semua fitur disini berbayar,lebih bagus capcut dulu karena gratis dan gak ada iklan,bayangin gw sendang mengedit video hampir 2 jam dan pas saya mau ekspor malah berbayar apakah editan gw itu sia sia.... iya sia sia,gw juga baru keluar dari apk kikir ini beberapa detik,pas balik lagi ada iklan jud*l.sekian ulasan dari saya dan semoga diberi tanggapan terima kasihï¿½ï¿½ï¿",5,-5,Positif
4296,bagus,5,1,Positif
4297,hebat,5,0,Positif
4298,suka aj gitu ilangin iklan Napa,4,-1,Positif
4299,aplikasi ini sangat bagus seru bgt ï¿½ï¿½ï¿,5,2,Positif
4300,kenapa gabisa di download,5,0,Positif
4301,b aja,5,0,Positif
4302,"tolong dong perbaiki, saya ingin membuka capcut gaboleh, padahal saya sudah mengosongkan ruangan penyimpanan, tolong dong capcut di perbaiki lagi",1,0,Negatif
4303,"terima kasih, dari aplikasi ini saya dapat cuan, dan gak tanggung2, lumayan gede gajinya, tapi harus partner.",5,0,Positif
4304,menurut kuh sih ini bagus buat bikin jj,5,1,Positif
4305,bgus bg mls bngt cri kata kata,3,0,Netral
4306,Tidak Disarankan Untuk Pakai Ini Aplikasi,1,0,Negatif
4307,bisa gakk kembalikan. uang saya saya tidak membeli membersif,1,0,Negatif
4308,bagusy aj sih,5,0,Positif
4309,"tolong untuk pihak capcut untuk video ai nya buat yang nggak usah pakai kredit untuk latihan, masak udah langganan pro harus beli kredit lagi untuk latihan buat video ai. kredit cuma dapat 500 untuk pemula seperti saya yang buat video sering salah sangat kurang. jangan lah terlalu kikir ai pembuat video mu juga nggak selalu benar. jadi untuk pihak capcut tolong segera memperbaiki sistemnya",3,-1,Negatif
4310,bagus banget ï¿½ï,5,1,Positif
4311,aplikasi kikir buat pengguna gratisan,5,-1,Positif
4312,banyak iklan,2,-1,Negatif
4313,membuatu si guys untuk membuat vidio youtu jadi kalau ngedit vidio jadi bagus kalau li gak mau banyak mods aja jadi gak ikan no watermark Dan unlock premium untuk yang bintang 1,5,0,Positif
4314,pas aku pake pro aku gak bayar gratis beneran sumpah ini bagus banget sih cocok buat yang ribet dan juga kalo pro gak ada iklan tapi malah ke hapus ya udah jadi nya ada iklan aku kasih bintang 5 biar semangat update nya,5,-1,Positif
4315,yaaa bagusss dan semoga semua nya tak berbayar ï¿½ï¿½ï¿½ï¿½ï¿½ï¿½ï¿½ï¿½ï¿½ï¿½ï¿½ï¿½ï¿½ï¿½ï¿½ï,5,-1,Positif
4316,butut,1,0,Negatif
4317,biasa,3,0,Netral
4318,aplikasi ini bisa membantu saya senang dan bisa membantu membuat konten saya,5,2,Positif
4319,mau bikin capcut sama papa mama,5,0,Positif
4320,gak jelas!!! pro semua!! hapus aja,1,0,Negatif
4321,aplikasi nya keren,5,1,Positif
4322,capacut Ini sangat baguss Saya makai aplkasi Ini Dari 2023saya suka apakai pakay nay,5,0,Positif
4323,gg banget,5,0,Positif
4324,Terlalu banyak iklan. buang,1,-1,Negatif
4325,anjir semenjak aku download ini aku mendapat kan hp dari admin anjir saya suka aplikasi ini walaupun kalah sama am,5,0,Positif
4326,I Hate The pro version,1,0,Negatif
4327,jangan jadiin pro. udah habis uangnya. kan mau yang gak ada pro,2,0,Negatif
4328,"uang tiba2 hilang di gopay masuknya ke capcut,aplikasi gjls,sengaja gua kasih 5 b biar di liat",5,0,Positif
4329,aplikasi nya bagus cuma banyak iklan tolong iklan nya di kurangi,5,-1,Positif
4330,masa mau nge ekspor harus bayar yang bener aja padahal engga ada pake fitur pro loh,1,0,Negatif
4331,"aplikasi pencuri uang, langganan berbayar Tampa melakukan konfirmasi terlebih dahulu dan asal mengambil uang saja tanpa konfirmasi pembayaran, saya tidak menggunakan aplikasi anda di ponsel saya lalu kenapa saya harus membayar ?",1,-1,Negatif
4332,wah aku bisa bikin animasi pake capcut bagus,5,1,Positif
4333,capcut ajg gw lagi main tiba tiba iklan mana pas pencet X nya malah pergi ke playstore lagi minimal tu kalo mau ngiklan jangan maksa cuih,1,-1,Negatif
4334,kenapa ngebug mulu,3,0,Netral
4335,untuk segi app si bagus untuk mengedit cuman makin lama makin mahal aja Karna kebanyakan pro doang sih,4,0,Positif
4336,aplikasi ini sengat bagus,5,1,Positif
4337,mau apus capcut,5,0,Positif
4338,maksa banget disuruh download yg versi terbaru tapi gk bisa,1,0,Negatif
4339,sangat bagus aplikasinya,5,1,Positif
4340,bagus banget,5,1,Positif
4341,kerenn,4,0,Positif
4342,mantap poko nya dari saya,5,1,Positif
4343,bagus banget,5,1,Positif
4344,aplikasinya ngebug saya download di playstor bagaimana bisa terdeteksi bahaya,1,0,Negatif
4345,bagus,5,1,Positif
4346,"bagus banget tpi tolong knp ya di aku ngelek2 gitu, tppi baguss banget kokï¿½ï¿½ï¿",5,1,Positif
4347,"sumpah ini capcut ku agak aneh kenapa udah dikasih suara malah gaada suaranya sih!? apalagi suka banget tiba-tiba ngulang dari awal pas lagi ngedit video, plis jangan kayak gitu capcut aku kan capek ngedit video kalo ke gini!",4,0,Positif
4348,"banyak di sisipi iklan judol, kok bisa ya lolos playstore kalo ada sisipan ikla judol",1,-1,Negatif
4349,"Saya download dari playstore update versi terbaru Tapi setelah di update aplikasi malah muncul poup notifikasi ""versi saat ini tidak aman, unduh versi resmi di toko playstore"". Lha update macam apa ini tidak bisa di pake capcut saya.",1,0,Negatif
4350,aku memberi kan 1bintang karena membayarï¿½ï¿½ï¿,1,0,Negatif
4351,"semenjak update, capcut nya ga bisa dibbuka",3,0,Netral
4352,tidak menyakinkan banyak iklan jadul,1,-1,Negatif
4353,"bagus banget buat ngedit bagi pemula cocok! gampang untuk Tweening, ngedit video, potong video, dan lain lain sukaaaa bangetttt sama capcut iniï¿½ï¿½ï",5,2,Positif
4354,"Bagus bnget,tapi bnyak iklannyaa",5,1,Positif
4355,bagus dan perfesonal sekali capcut ini,5,1,Positif
4356,saya sudah menggunakan apk dari tahun 2023 dan untuk apk pas di hp saya walaupun hp spek rendah aplikasi ini memang keren dan kadang lag dan kadang lancar aplikasi ini rekomendasi banget .,5,2,Positif
4357,"bagus banget editan nya cuma lolot buat nginstal vidio nya masa 0 terus ngga naik naik biasanya kan 1 kaya naik gitu lah angkanya, malah itu mah 0 aja",5,1,Positif
4358,aplikasi jelek!!!! seumur hidup gabakal redownload !!!!!!!!!,1,-1,Negatif
4359,"maaf banget, ini capcut kenapa gak sebagus yang dulu ya?, sekarang banyak standar, terus pronya juga banyak banget jadi ga kesisa buat yang ga berbayar, tolong banget jadikan capcut lebih baik lagi bukan kaya gini, apalagi aplikasinya tambah banyak MBnya saya mohon untuk memperbaiki lagi capcut ini secepatnya saya soalnya juga ingin mengedit foto dan video agar lebih bagus sama seperti orang orang jadi saya mohon di hilangkan standarnya terus pronya jangan banyakï¿½ï¿½ï¿½ï¿½ï¿½ï¿½ï¿½ï¿½ï¿½ï¿",1,0,Negatif
4360,kenapa capcut kok harus ada tulisan edit aku pencet gabisa di edit,4,0,Positif
4361,Capcut ini bagus tapi banyak iklan baru keluar terus masuk lagi iklan dan tolong lah hapus atau blokir vidio cewek yg bajunya terbuka ini apk edit bukan bkp jadi tolong bantuan nya ya,3,-1,Negatif
4362,sangat bagus,5,1,Positif
4363,god aplikasi,5,0,Positif
4364,saya sangat kecewa padahal saya tidak melakukan pembelian di sini tapi ngga tau kenapa uang saya keluar sendiri bayar sendiri tanpa persetujuan saya,1,-1,Negatif
4365,lumayan,5,0,Positif
4366,tolong kembalikan dana saya saya tidak perna membeli apapun kembalikan,1,0,Negatif
4367,bagus Dan recommended banger aplikasinya,4,1,Positif
4368,langganan capcut yang tidak disetujui mau mengajukan refund,1,0,Negatif
4369,sangat bagus dan terbaik karena memiliki semua jenis lagu dan filter bahkan untuk memotong video pun ada saya sangat menyukai nya berkat aplikasi ini channel saya menjadi lebih ramai,5,1,Positif
4370,aplikasi kebanyak bayar sekarang makin jelek,1,-1,Negatif
4371,apk kikir,1,-1,Negatif
4372,"aplikasinya bagus, tapi punyaku kok tiba2 jadi akun pro padahal ngga langganan ataupun coba uji coba gratis. takut banget kalau tiba2 ada tagihan",3,0,Netral
4373,lucu lucu,5,0,Positif
4374,ýýýýýý,5,0,Positif
4375,edit nya bagus,5,1,Positif
4376,sistem eror masuk akun susah sekali gabisa trss. video yang harusnya jj malah nggak jj,1,0,Negatif
4377,"foto/vdio galeri kadang ga masuk di capcut ngusahin banget.sekarang harus berbayar semua padahal dari dulu gratis makanya banyak yang donload,fiturnya juga masi sama kaya dulu cuman sekarang berbayar padahal fiturnya sama aja malah nambah jelek suka ngeleg jadinya",2,-3,Negatif
4378,bagus fitur update terus,5,1,Positif
4379,"tolong capcut di updet lebih ketat. ada oknum yang tidak bertanggung jawab yang mengepost vidio 18+ di templet tolong di perketat yah. (Please update CapCut with stricter moderation. There are irresponsible individuals posting 18+ videos in templates, please tighten security. ) ï¿½ï",2,0,Negatif
4380,"enak kali kau ya, udh capek capek aku edit panjang lebar, aplikasi kau malah ngebug dan ilang semua hasil kerja keras ku, sisa lah aku dengan projek kosong padahal awalnya penuh, mana mahal banget lagi aplikasinya pake ai ai segala padahal hasilnya pun juga jelek",1,-2,Negatif
4381,"saat lihat template banyak banget yang 18+, parah, apa lagi untuk anak anak yang lihat,harus segera di blokir videonya",1,-1,Negatif
4382,kenapa capcut habis di update selalu ada notifikasi pemberitahuan update.padahal sudah di update.tolong diperbaiki !!!,1,0,Negatif
4383,ýýýý,5,0,Positif
4384,Karena suruh bayar jirr katanya gratis ï¿½ï,3,0,Netral
4385,sangat luar biasa membantu.,5,1,Positif
4386,"kok mkin ksni mkin gk jelas appx,pdhl dlu gmpng bgt mke hp ap aj bsa mudh,tp skrg mlh d pribt si",3,0,Netral
4387,saya mau download capcut kenapa gak bisaa!!!! padahal memo longgar ga full.... hissss bikin Betek dehhh benci bgt!! ku ksih bintang 1 pokonya aku gamau tau ya,1,0,Negatif
4388,isi pikiranku kamu menjadi terlalu banyak membuang waktu,5,0,Positif
4389,capcut bermanfaat sekali untuk mengedit sesuatu,5,0,Positif
4390,top,5,0,Positif
4391,"Aplikasi ini bagus buat aku yang gampang lupa, banyak fitur yang gampang buat aku pahami. Cuman aku paling ga suka kalau udah bagian ngedit terus saat unduh editannya ternyata ada bagian khusus untuk pro yang di mana aku sudah teliti untuk tidak memakai fitur pro tersebut. Lalu situasiku ini sedang ngedit di malam hari, mood di malam hari gampang hancur, jdi aku menangis karna cape mengulang bikin videonya 5x, aku mohon lebih diperbaiki lagi dan diteliti dengan jelas agar tidak terjadi kembali.",2,4,Positif
4392,"tahu nya ga enak, terus pempek nya itu loh asin bgt gasukaï¿½ï¿½ï¿",1,0,Negatif
4393,jujur saya penguna lama ini capcut makin diupdate makin ngelag dan suka keluar sendiri tolong dong,1,0,Negatif
4394,ngk bisa di buka.,1,0,Negatif
4395,bagus untuk membuat konten,5,1,Positif
4396,Keren,5,1,Positif
4397,Moga aplikasi ini hilang. Biar gak ada tugas editing lagi,1,0,Negatif
4398,Agak susah di update,4,0,Positif
4399,bagus,5,1,Positif
4400,"cobalah berfikir sejara logika,, masa cara pengapusan file nya harus manual satu persatu , cobalah dijadikan ( PILIH SEMUA) jadinyakan ngga cape menghapus file yang ngga kepake lagi,,!!! makin ngga jelas.. mana banyak iklan judol, *njin* lagi.",1,-1,Negatif
4401,"karena suka ngelag , and klk maj bikin JJ , pasti ftonya suka hitam",3,0,Netral
4402,lagu yg baru dong,5,0,Positif
4403,terbaik,5,0,Positif
4404,gacor,5,0,Positif
4405,"udah bagus geratis kenapah harus bayar,pake setiker akah harus bayar.. nanti pada kaburr beralih ke yk lain",3,1,Positif
4406,oke bagus aplikasi ya,5,2,Positif
4407,aplikasi ya bagus editan ya juga bagus,5,2,Positif
4408,bgus si bgus tapi capcut skrang udh banyak iklan dan vidio nya ng blurr agk kecewa...,2,-2,Negatif
4409,gajelas hal kecil di suruh bayar apasih kita ini pengen ngedit gratis lihat comen ini balas comen ini saya hanya ingin ngedit gratis saya masih belum punya uang,1,0,Negatif
4410,jujur baguss tapiii pas di coba template ny kok lirik sama. lagu ny gk nyatuu tolonkkk dongggg gimana ini,3,0,Netral
4411,Makin lama makin ribet ini make capcut,1,0,Negatif
4412,makin kesini capcut kontennya makin ga relevan,1,0,Negatif
4413,dak pacak di download,1,0,Negatif
4414,sangat bagus buat edit video,5,1,Positif
4415,ada template yg bagus malah berbayar,1,0,Negatif
4416,"sebenarnya apk ini bagus, cuman sering bermasalah, tolong bantu developer nya untuk di perbaiki lagi bug nya",3,0,Netral
4417,SUKA BGT POKOK NYA DEEHHï¿½ï¿½ï¿,5,0,Positif
4418,"bagus banget,,,",5,1,Positif
4419,mulai sekarang beberapa fitur menjadi ada pro nya saya tida suka.,4,0,Positif
4420,bagus banget,5,1,Positif
4421,kikir jir apa apa harus nonton iklan kalo ga premium,3,-3,Negatif
4422,"sekarang jadi banyak iklannya, eksport template pun sering gagal. 3 iklan dalam sekaligus.",1,-1,Negatif
4423,tolong ya admin capcut template vidio hapus aja soalnya banyak yang tidak pantas untuk anakï¿,1,0,Negatif
4424,aku downloadnya sudah bgt,2,0,Negatif
4425,baguss,3,0,Netral
4426,bagus,5,1,Positif
4427,capcut sbnrny bagus tp punya kekurangannya di smwny fiturny pro harus berlanggann biaya dan gara gara capcut aku jadi gabisa dowload mainan deh gara mbny besrr hp ku juga ngelk,2,1,Positif
4428,capcut dikasih penawaran suda di klaim pas bayar tidak bisa coba urus dulu men,1,0,Negatif
4429,mantap,5,1,Positif
4430,"pas di buat ekspor gabisa, cuma layar putih dan buat balik nya harus keluar apk dulu, udah di pencet ekspor cm kaya mau nampilin iklan tapi ga jadi, dan itu udah bbrpa kali ku coba ttp aja, sampe ku uninstal jg ttp aja, ku keluar akun, hapus akun masuk lagi sama aja tetep gabisa",2,-1,Negatif
4431,aplikasi ini sangat bagusssss ï¿½ï¿½ï¿½ï¿½ï¿½ï¿½ï¿½ï¿½ï¿½ï¿½ï¿½ï¿½ï¿,5,0,Positif
4432,berguna asli buat ngedit editannya bagus semua lgi,5,1,Positif
4433,"pas masuk capcut nya malah ada tulisan ""aplikasi ini tidak aman,unduh di toko resmi"" padahal unduh nya di play store,ngapa dah",1,0,Negatif
4434,saya mau ekspor buat filem tapi kata nya uji coba 7 hari tanpa rp 0 gimana sih capcut harus di perbaiki,1,0,Negatif
4435,bagus cukk,5,1,Positif
4436,ok,5,1,Positif
4437,boleh minta tolong nggak diturunin mb-nya,2,0,Negatif
4438,memuat efek nya mentok terus di 30 maaf yaa tolong perbaikiï¿½ï,2,0,Negatif
4439,"bagus banget, walupun banyak banget iklan tapi pas udah jadinya GK kalengï¿½ï¿½",5,0,Positif
4440,bisa buat ngedit yang enga bisa ngedit,5,0,Positif
4441,tolong pihak capcut banyak video porno pake grenscren cepet di atasi karna banyak anak kecil danerusak generasi muda!!!!!,1,0,Negatif
4442,Fitur ini bagus tapi lama menginstalï¿½ï,5,1,Positif
4443,apk cukup bagus tapi kurang'in iklan nya dong,5,0,Positif
4444,sgt bagus,5,1,Positif
4445,ýýýýýýýýýýýý ýýýýýýýýýýýýýýýýýýýýýýýýýýýý ýýýýýýýýýýýýýýýýýýýý ýýýýýýýýýýýý ýýýýýýýýýýýýýýýýýýýý ýýýýýýýý ýýýýýýýýýýýýýýýýýýýýýýýý ýýýýýýýýýýýýýýýýýýýý ýýýýýýýýýýýý ýýýýýýýýýýýýýýýý ýýýýýýýýýýýýýýýýýýýý ýýýýýýýýýýýý ýýýýýýýý*ýýýýýýýý ýýýýýýýýýýýý ýýýýýýýýýýýý ýýýýýýýýýýýýýýýý ýýýýýýýýýýýý ýýýýýýýýýýýýýýýý ýýýýýýýýýýýý ýýýýýýýýýýýý ýýýýýýýýýýýýýýýýýýýýýýýýýýýý ýýýýýýýýýýýýýýýý ýýýýýýýýýýýý,4,0,Positif
4446,"menurut ku ini approve, bagus ap nya tapi bayarannya kurangin, aku kasih bintang lima karna aku gk bisa edit video/foto, sebenernya masih ada ap lain, tapi aku lebih milih capcut sih, sekali lagi bagus",5,2,Positif
4447,woi capcut gw lagi ngedit dari tadi pro mulu dah gk ada gratisan kah? udah ngedit lama lama terus ekspor malah ada fitur pro,1,0,Negatif
4448,"bagus bgt ,, aku suka apk ini soalnya bisa ngedit , tpi minesnya pas awalï¿½ï¿½ï¿½ï¿½ï¿½ï¿½ï¿½ï¿½ï¿½ï¿½ï¿½ï¿½ï¿½ï¿½ï¿½ï¿½ï¿½ï¿½ï¿½ï¿½ï¿½ï¿½ï¿½ï¿½ï¿½ï¿½ï¿½ï¿½ï¿½ï¿½ï¿½ï¿½ï¿½ï¿½ï¿½ï¿½ï¿½ï¿½ï¿½ï¿½ï¿½ï¿½ï¿½ï¿½ï¿½ï¿½ï¿½ï¿½ï¿½ï¿½ï¿½ï¿½ï¿½ï¿½ buka capcut itu ngelagï¿½ï¿½ï¿½ï¿½ï¿½ï¿½ï¿½ï¿½ï",5,2,Positif
4449,min tolong ram nya di turun nin sihh org mau donlot ga bisa taik masih mending ku kssih bintang 5 kalo ga? mampus lah kau org mau donlot koo ga bisa,5,0,Positif
4450,baguss bangett cumann MB nyaa menurut kuu terlalu banyakkï¿½ï¿½ï¿,5,0,Positif
4451,"gmn yh??, saya kalau mau bkin jj kenapa selalu ga pas cahaya nya??, tolong diperbaikiï¿½ï",4,0,Positif
4452,Bagus banget aplikasi nya,5,1,Positif
4453,bagus dan canggih bikin nagih,5,1,Positif
4454,goodd,5,0,Positif
4455,"capcut kikir banget, tapi... oke bagus sih ï¿½ï¿½ï¿",4,1,Positif
4456,karna buagus banget dehhhhhhhh ï¿½ï¿½ï¿½ï¿½ï¿½ï¿½ï¿½ï¿½ï¿½ï¿½ï¿½ï¿½ï¿½ï¿½ï¿½ï¿½ï¿½ï¿½ï¿½ï¿½ï¿½ï¿½ï¿½ï¿½,4,0,Positif
4457,kurang suka sama capcut sekarang soalnya banyak banget beredar konten pull up yaitu konten 18+ yang ga pantes buat dilihat jadi tolong buat adminnya hilangin konten kayak gitu,2,0,Negatif
4458,cukup bgs,5,0,Positif
4459,"jujur aplikasinya bagus' aja tapi mangkin lama semangkin banyak iklan yang tidak pantas untuk anak yang berusia di bawah 18+,tolong di hapus ya iklan judol atau iklan yang tidak pantasï¿½ï¿½ï¿½ï¿½ï¿½ï¿½ï¿½ï¿½",2,-2,Negatif
4460,"untuk aplikasi nya sndri udh bagus, mau ngedit gampang & mudah kl pke cc. tp yg pling nyselin skrg mkin lama mkin kikir ni app, kebelet haji ap gmn? dikit2 prem+bnyk iklan. ad jg template skrang kyk ngliat bkp, bnyk foto yg mengandung unsur 18+. tolong untuk pihak cc untuk segera tangani, bkn cm orng dewasa aj yg make cc tp bbrapa anak dibawah umur jg ad yg make. smoga kedepannya bisa lbih baik lagi dan smoga bs kyk dlu lg.",4,1,Positif
4461,bagus bangett tapi capcut sekarang banyak iklan nya,4,0,Positif
4462,kenapa saya tidk bish memakai aplikasi ini lgi saya igin bish mendowolod apli kasi ini lgi plis tolong syaï¿½ï¿½ï¿½ï¿½,5,0,Positif
4463,editan nya cukup bagus,4,1,Positif
4464,"ingin memberi sarann,kalauu capcut di tambahin capcut lite yang hanyaa untuk melihat tempate, terkadang ada orang yang hanyaa menggunakan template ketika mendownload capcut bukan menggunakannyaa untuk mengedit jadii saran saya mungkin di buat capcut lite lebih baik, karna ukuran capcut biasa lumayan cukup besarr untuk hp kelas bawah",5,0,Positif
4465,hiburan serta berbagai Edit foto,5,0,Positif
4466,sukakk ajaaï¿½ï,5,0,Positif
4467,Jelekkk,5,0,Positif
4468,"memuaskan tapi editannya,,,",5,0,Positif
4469,good,5,0,Positif
4470,fitur Beta tidak ada template(kalau tidak salah) kalo ada tunjukin dongï¿½ï¿½ï¿½ï¿½ï¿½ï¿½ï¿½ï¿½ï¿½ï¿½ï¿½,1,0,Negatif
4471,Capcut knp kau bayak iklan sihhhhhï¿½ï¿½ï¿½ï¿½ï¿½ï¿½ï¿,1,-1,Negatif
4472,"notif iklannya tidak baik sama sekali, masih ada banyak foto yg bagus digunakan kenapa harus menggunakan foto iklan yg 18+, memalukan tidak pantas!!!!!!",1,0,Negatif
4473,sangat bagus,5,1,Positif
4474,mantap men,4,1,Positif
4475,ngeleg,2,0,Negatif
4476,"aplikasii capcutt inii bagusss sekalii, sayaa menyukainyaa",5,0,Positif
4477,menurut saya aplikasi semuanya bagus tapi tidak semua orang suka tapi aku suka kamu,5,1,Positif
4478,aplikasi ini sangat membantu terima kasih atas layanannya,5,1,Positif
4479,ka coba jangan bayar soalnya jadi susah,1,0,Negatif
4480,bagus banget,5,1,Positif
4481,keren,5,1,Positif
4482,"bagus, tpi semakin kesini semakin premium.",2,0,Negatif
4483,"kenapa ketika saat ng ekspor suka ngustuck terus, tolong perbaiki lah, penyimpanan masih banyak padahal, ngebug kah?",1,0,Negatif
4484,bagus banget bisa bantu aku untuk ngedit vidio tapi bikin memo aku full,5,1,Positif
4485,ýýýý,5,0,Positif
4486,bagus sih tapi agak lama,4,1,Positif
4487,"Apk Nya Bagus Dan Cocok Untuk Mengedit video Apapun! Tetapi Aku kasih Saran Bug Nya Di ilangin Ya,Soalnya pas mau Ekspor Tibaï¿½ï¿½ï¿½ï¿½ï¿½ï¿½ï¿½ï¿½ï¿½",4,-1,Positif
4488,mau langganan tapi ko error terus apa masalahnya ya,5,-1,Positif
4489,Terima kasih Capcut telah membantu saya dalam mengedit video,5,1,Positif
4490,baik,5,0,Positif
4491,lumayan,4,0,Positif
4492,ini kenapa capcut saya template nya bokep semua dah,1,0,Negatif
4493,sï¿½ï¿½ï¿½ï¿½ï¿½ï,5,0,Positif
4494,"bagus banget, apalagi bisa ngedit vidio",5,1,Positif
4495,bagus banget dan rekomendasi untuk kaum satset sih menurut saya,5,2,Positif
4496,baguss tpi punya aku bnyk iklan,5,-1,Positif
4497,bagus tapi suka Ke un>stal muluuu,5,1,Positif
4498,lumayan bagus buat belajar ngedit makasih saya udh belajar 1 tahun dan saya pun pindah ke aligh mation untuk belajar,5,1,Positif
4499,kebanyakan templatnya bayar,3,0,Netral
4500,kenapa capcut sekarang ga bisa di eksplor talong jawab,1,0,Negatif
4501,"bagus bngt jujur, tpi kalo bisa jngn ngelek",5,0,Positif
4502,aplikasi yg sangat bagus.,5,1,Positif
4503,bagus sekali untuk ngedit,5,1,Positif
4504,terlalu banyak MB,5,0,Positif
4505,refund yang memuaskan. Terimakasih banyak ï¿½ï,5,0,Positif
4506,"aplikasi berbayar, hati hati",1,-1,Negatif
4507,sekarang barbayarï¿½ï¿½ï¿,1,0,Negatif
4508,dikit dikit kredit ï¿½ï¿½ï¿½ï¿½ï¿½ï¿½ï¿,1,0,Negatif
4509,"g ad alsn, tpi ttp bgs app ny.",5,0,Positif
4510,"susah di install nya, padahal sebelumnya bisa tapi sekarang kok bnyk sekali kendala nya tolong diperbaiki lagi sistem nya. agar tidak membuat orang kesal saja",1,0,Negatif
4511,"banyak bug, kikir, gak pake fitur pro tapi tetep di palak, tau gk pendapat saya apa? HAWK CUH tuh pendapat saya soal apk ini",1,-2,Negatif
4512,sangat bagus untuk di edit,5,1,Positif
4513,bagus sih tapi kurang bagus aahh gitu lah pokonya,4,2,Positif
4514,tpi ram nya nambah truss,5,0,Positif
4515,kata aku sih bagus tapi suka ada editan yang standar aku kurang suka tapi gak mau ada standarnya terus suka ada iklan jud*l gitu aku kasih bintang lima semangat ya,5,0,Positif
4516,kurang karrna banyak berbayarnya sekarang,3,0,Netral
4517,karena ga busa di byka,1,0,Negatif
4518,suka,5,0,Positif
4519,bagus poll,5,1,Positif
4520,harus bayar,1,0,Negatif
4521,benar benar buruk capcut yg skrng......,1,-1,Negatif
4522,jujur bagus banget untuk edit,5,1,Positif
4523,saya barusan membeli kredit tapi kok gak masuk yaa lewat qris,5,0,Positif
4524,makin lama makin banyak iklan dan sring bgt ngelag pas bagian mau ekspor foto atau video pdhl jaringan oke2 aja,1,-1,Negatif
4525,"sekarang banyak yang suruh geser poto dan isi nya sangat tidak baik,jangan di donlod anak anda akan terhasut seperti itu",1,0,Negatif
4526,tolong pihak capcut untuk template yang tidak senonoh mohon untuk dihilangkan karena mata saya ternodaiï¿½ï,1,0,Negatif
4527,baguss,5,0,Positif
4528,aku lumayan suka sih tapi iklan ny ju**l jadi aku kurang suka tapi aku suka aplikasi ini karna bisa ngedit vidio,4,-1,Positif
4529,"parah di template ada video Bokeh, tolong di perbaiki",5,-1,Positif
4530,"bagus banget, kalau bisa bintang 0 saya sukaï¿½ï",1,1,Positif
4531,pelajari,5,0,Positif
4532,banyak kali iklan,2,-1,Negatif
4533,bagus buat edit vt tpi kurangin iklanny,4,1,Positif
4534,apk tidak bisa di buka,1,0,Negatif
4535,ýýýý sangat bagus,5,1,Positif
4536,"lama bgt pas download padahal semua jaringan,sinyal,wifi bagus bgt",1,1,Positif
4537,cukup bagus,5,1,Positif
4538,suka ajh sih,5,0,Positif
4539,mau ekspor vidio gabisa terus,4,0,Positif
4540,bagus wajib download sihh,5,1,Positif
4541,"aplikasi ini sangat mengecewakan dikit"" bayar dikit"" bayar coba aja kayak culu gratis",1,0,Negatif
4542,bagus banget sih tapi gak terlalu gitu deh,4,1,Positif
4543,aplikasi ini sangat bagus,5,1,Positif
4544,sangat membantu dalam mengedit video,5,1,Positif
4545,bagus ai nya paling bagus dan gratis,5,2,Positif
4546,bisa edit Poto dan mudah,5,1,Positif
4547,aplikasi ini sangat baik baguss,5,0,Positif
4548,saya sang at senang dengan apl ini sang at menghibut bangetï¿½ï¿½ï¿,5,0,Positif
4549,karena sering tidak bisa memuat gambar nya,1,0,Negatif
4550,apk tolol,1,0,Negatif
4551,"berguna sih, untuk buat drama",5,0,Positif
4552,bagus tapi agak lelet,5,1,Positif
4553,tolong hapus video bkp nya tolong banget plis di perbaiki atau di blokir tidak baik untuk bocil yang mau ngedit,1,0,Negatif
4554,aku beri bintang empat karena banyak yang pelitï¿½ï¿½ï¿,4,0,Positif
4555,"bagus banget buat JJ,trend,dll",5,1,Positif
4556,saya agak kecewa dan agak suka karena editannya sangat bagus,4,0,Positif
4557,lumayan lah,3,0,Netral
4558,gak bisa ke layar ini nya,5,0,Positif
4559,gak bisa di donlod,1,0,Negatif
4560,maaf kenapa ya saya yang awalnya patner turun ke buddy dan saya sudah menyelesaikan syarat untuk naik ke patner kenapa saya belum naik2 ya padahal jumblah ekspor sudah melebihi jumlah,2,0,Negatif
4561,bagus gak kedulu lagi iklan banyak sekarang sudah mengurangi,5,0,Positif
4562,mantap ya udah GK kayak dulu lagi mentang udah kaya atau gmn nih?,1,1,Positif
4563,pembohongan uji coba gratis malah bayar mending di banned aja aplikasi begini,1,0,Negatif
4564,ga bisa di download,1,0,Negatif
4565,karena bagus..... wkwkwkwkwkwkwkwkwkwkkwk,4,1,Positif
4566,sangat seruh,5,0,Positif
4567,"bagus, tapi kadang gk lengkap sama trenï¿½ï¿½ï",3,1,Positif
4568,capcut berbayar tidak sesuai scrip. sudah disusun capek2 yang ada dibuat kemauan sendiri diluar scrip. Berulang2 salah terus. Mendingan capcut yg dulu. Sesuai perintah scrip tidak pernah salah. Nyesel pakai berbayar. Pikir 2x swbelum download dan bayar.,1,-2,Negatif
4569,aplikasi nya seru dan engga bikin bosen aku suka benget,5,1,Positif
4570,jelek lebih bagus yg dulu,1,0,Negatif
4571,"fitur kebanyakan pro, iklan mulu dan banyak bug. dan sekarang mau hapus air cc nya harus berlangganan dulu.",1,-2,Negatif
4572,butut,1,0,Negatif
4573,"bagus, cocok buat orang yang malas ngedit",5,1,Positif
4574,kenapa udah menginstal tapi ga ke instal ya? pdahal penyimpanan ga penuh,3,0,Netral
4575,bagus banget mana bisa mencari yg kita mau Poko nya bagus deh,5,2,Positif
4576,"aplikasi pengedit foto dan video yg terbaik yg pernah saya download, dan bisa menghasilkan dollar kalau kita jadi kreator ï¿½ï¿½ï¿½ï¿½ï¿½ï¿½ï¿½ï¿½ï¿½ï¿½ï¿½ï¿½ï¿½ï¿½ï¿½ï¿½ï¿½ï¿½ï¿½ï¿½ï¿½ï¿½ï¿½ï¿½ï¿½ï¿½ï¿½ï¿½ï¿½ï¿½ï¿½ï¿½ï¿½ï¿½ï¿½ï¿½ï¿½ï¿½ï¿½ï¿½ï¿½ï¿½ï¿½ï¿½ï¿½ï¿½ï¿½ï¿½ï¿½ï¿½ï¿½ï¿½ï¿½ï¿½ï¿½ï¿½ï¿½ï¿½ï¿½ï¿½ï¿½ï¿½ï¿½ï¿½ï¿½ï¿½ï¿½ï¿½ï¿½ï¿½ï¿½ï¿½ï¿½ï¿½ï¿½ï¿½ï¿½ï¿½ï¿½ï¿½ï¿½ï¿½ï¿½ï¿½ï¿½ï¿½ï¿½ï¿½ï¿½ï¿½ï¿½ï¿½ï¿½ï¿½ï¿½ï¿½",4,0,Positif
4577,aku dari kecil selalu pakai capcut,5,0,Positif
4578,"Apk ngedit yg jelek bgt,mending mah musnah aja ini apk.pay to win banget,gw edit aja minta bayarï¿½ï¿½ï¿½ï¿½ï¿½ï¿½ï¿½ï¿½ï¿½ï¿½ï¿½""uji coba gratis"" eh ujung ujung nya malah suruh masukin sandi,bayar kan lawakï¿½ï",1,-1,Negatif
4579,uji coba gratis trs tiba tiba pas udh stop langganan saldo hbs,1,0,Negatif
4580,suka banget sama capcut bisa buat video menurut ku mending capcut soal nya kallau am tu susah bagi gwek,3,0,Netral
4581,ýýýýýýýýýýýýýýýýýýýýýýýý ýýýýýýýýýýýýýýýýýýýýýýýýýýýý ýýýýýýýýýýýýýýýý ýýýýýýýýýýýýýýýý ýýýýýýýýýýýýýýýý ýýýýýýýýýýýýýýýýýýýýýýýý ýýýýýýýýýýýýýýýýýýýýýýýýýýýýýýýý,5,0,Positif
4582,aplikasinya buruk gaa bisa di donlet,2,-1,Negatif
4583,pay 2 edit,1,0,Negatif
4584,bagus banget ï¿½ï¿½ï¿½ï¿½ï¿½ï¿½ï¿½,5,1,Positif
4585,pokoknya suka bngt,5,0,Positif
4586,menurut aku aplikasi ini udah bagus banget tapi kalo di hape aku yang Oppo a17 itu suka ngelg ngeleg kalo di hape Abah itu enggak ï¿½ï,2,1,Positif
4587,"parah iklan nya iklan judol (judi online) ini tuh mines bnget, pdhl dulu bagus' aja ga seburuk ini, dulu mah gada tuh yng namanya iklan judol di capcut",1,-3,Negatif
4588,"baguss. buat template banyak variannya,juga nggak ada iklannya",5,0,Positif
4589,"bagus, kalo masih ada yang bilang capcut yang bener itu keap:/kaet atau kepkat",3,1,Positif
4590,bintang lima kurangi pro nya,5,0,Positif
4591,apa yang dicari keluar nya yang lain gak jelas,1,0,Negatif
4592,bagus banget karena bisa buat jj rainbow bubblegum red rubyï¿½ï,5,1,Positif
4593,bagus,5,1,Positif
4594,Bagus banget apalagi jedak jeduk nya ï¿½ï¿½ï¿,5,1,Positif
4595,bagus bgt,5,1,Positif
4596,jelek,1,-1,Negatif
4597,bagus cuy,5,1,Positif
4598,aplikasinya mantap ï¿½ï¿½ï¿,5,1,Positif
4599,aku sudah memakai beberapa video tapi hasilnya sangat bagus!!!!!!,4,1,Positif
4600,buat ngedit enak,5,0,Positif
4601,apk ini sangat keren untuk edit vdio ff dan JJ ff mantappï¿½ï¿½ï¿½ï¿½ï¿½ï¿½ï¿½ï¿½ï¿½ï¿½ï¿,5,1,Positif
4602,bagus aja,5,1,Positif
4603,sip bagus mantap,5,2,Positif
4604,DUIT SAYA ABIS KEKURAS GARA GARA FITUR KAMU YG UJI COBA GRATIS UANG SENILAI 100K BUAT MAKAN 2 HARI SAYA ILANG DALAM SEKEJAP TOLONG KEMBALI KAN UANG ITU,1,0,Negatif
4605,"jujur capcut ini bagus banget aku suka dehhh jadinya ,oh iya makasih yah yang udah bikin capcut ini makasih yah kak",5,1,Positif
4606,Suka banget,5,0,Positif
4607,"baguss banget, tapi MB nya makin naik",4,0,Positif
4608,ini bukan game tapi bisa ngedit ngedit video seru,5,1,Positif
4609,gak ada apa apa,1,0,Negatif
4610,karna lama lama banyak iklan dan ngeleg juga,5,-1,Positif
4611,mnatap bosku,5,0,Positif
4612,bagus,5,1,Positif
4613,"capcut makin kikir, pelit banget seriusan. udah ekspor nge stuck stuck, dh cape ekspor video nya gak ke simpen... tolong di perbaikin lagiï¿½ï¿½ï¿½ï¿½ï¿½ï¿½ï¿½ï¿½ï¿½ï¿½ï¿½ï¿½ï¿½ï¿½ï¿½ï¿½ï¿½ï¿½ï¿½ï¿½ï¿½ï¿½ï¿½ï¿½ï¿½ï¿½ï¿½ï¿½ï¿½ï¿½ï¿½ï¿½ï¿½ï¿½ï¿½ï¿½ï¿½ï¿½ï¿½ï¿½ï¿½ï¿½ï¿½ï¿½ï¿½ï¿½ï¿½ï¿½ï¿½ï¿½ï¿½ï¿½ï¿½ï¿½ï¿½ï¿½ï¿½ï¿½ï¿½ï¿½ï¿½ï¿½ï¿½ï¿½ï¿½ï¿½ï¿½ï¿½ï¿½ï¿½ï¿½ï¿½ï¿½ï¿½ï¿½ï¿½ï¿½ï¿½ï¿½",1,-3,Negatif
4614,waktu edit tinggal export tibaï¿½ï¿½ï¿½ï¿½ï¿½ï¿½ï¿½ï¿½ï¿½ï¿½ï¿½ï¿½ï¿½ï¿½ï¿½ï¿½ï¿½ï¿½ï¿½ï¿½ï¿½ï¿½ï¿½ï¿½ï¿½ï¿½ï¿½ï¿½ï¿½ï¿½ï¿½ï¿½,4,-1,Positif
4615,"aplikasinya bagus udah bisa pake template sama bisa edit video sendiri, tapi boleh gak fitur pro nya di kurang?. mau bayar tapi masalah nya uang saya harus saya gunakan untuk beli yang penting' saja.",4,1,Positif
4616,kadang susah untuk saya download lagi,1,0,Negatif
4617,bayar semua ï¿½ï,2,0,Negatif
4618,aplikasi nya bagus sih cuma tolong MB nya jangan di gedein bet jadi agak boros buang buang memori ï¿½ï¿½ï¿,3,1,Positif
4619,bagus aplikasinya tapi ketika lagi melihat hasilnya selalu tidak seperti aslinya dan membeku itu sangat mengangu,1,1,Positif
4620,sangat puasss sekaliiï¿½ï,5,0,Positif
4621,BAGUSï¿½ï¿½ï¿½ï¿½ï¿½ï,5,1,Positif
4622,jnj bagusss bangetttt yaaaaaaaaa terharu gw,5,0,Positif
4623,wow wi,5,0,Positif
4624,sangat bagus,5,1,Positif
4625,sangat bagus untuk mengedit tidak terlalu banyak iklan pokok nya baguss gak sia sia donwload iniï¿½ï¿½,5,0,Positif
4626,"edit video ringan pun hasilnya sering corrupt, ga jalan setengahnya lah, ngeblank item lah dll.. btw edit video yang sama persis di app lain normal",1,0,Negatif
4627,di suruh uji coba gratis malah bayar tanpa persetujuan mikir song,1,0,Negatif
4628,ngelag bgt jdi gk suka,2,0,Negatif
4629,bagus,5,1,Positif
4630,bagus aja aku suka cuma memo aku yg bikin kesel,5,1,Positif
4631,ok,5,1,Positif
4632,baguss,5,0,Positif
4633,cape edit gak muncul di penyimpanan,1,0,Negatif
4634,"capcut sekarang gak kaya dulu, buat admin mending lu baca semua keluhan para pengguna apk ini, sering bug di tambah iklannya juga gak ngotak lagi",1,-1,Negatif
4635,bgs.,5,0,Positif
4636,woii aplikasi konct sdlo gw men tarik tarik aja tanpa sepengetahuan gw,5,0,Positif
4637,"alahhh, ngedit 4 menit malah ngelag segitu ngedit kaga pake banyak efek bijiiiii",1,0,Negatif
4638,apk apa lah ini masa saldo aku terpotong terus cokk,1,0,Negatif
4639,bagus aja,5,1,Positif
4640,saldo gw Napa lo ambil gw gak pernah langganan,1,0,Negatif
4641,Mantap,5,1,Positif
4642,bguss,4,0,Positif
4643,Enak sekali,5,0,Positif
4644,aplikasi sebagus ini banyak iklan pengen orang uninstall,2,-1,Negatif
4645,menurut saya ini apk terlalu kikir,1,-1,Negatif
4646,ini sangat bagus,5,1,Positif
4647,"terima kasih capcut, yang tadinya video video saya resolusi nya kurang bagus, berkat bantuan capcut jadi bagus ï¿½ï",5,2,Positif
4648,bagus la,1,1,Positif
4649,Pro aja terus,1,0,Negatif
4650,kenapa semuanya standar dan harus bayar...ribwt dah looo capcut...srmakin hari semkin bertingkah aja iklan tiap saat..bayar2 semuanya mau di bayar...bukan gk sanggup byar tapi setlh di bayR malah gk bagus editannya kan jdi nyesel,1,0,Negatif
4651,bagusan AM,1,0,Negatif
4652,bagus banget tapi minus ny sering ngeleg biasa tiba2 kluar dari aplikasi,4,1,Positif
4653,kok makin bnya iklannya sih,2,0,Negatif
4654,"ko sekarang erorr yaa, masa harus install ulang baru ada foto yang mau di edit",2,0,Negatif
4655,bagus sih tapi sekarang kok capcut banyak yang buat video yang gak senonoh ya mohon di hapus ya vidio yang kayak gitu atau template yang kyk gitu,4,1,Positif
4656,Suka lamaa terusss,2,0,Negatif
4657,ehh tolong dong benering kenapa ya kalau mau nambahin teks ngelag bet,1,0,Negatif
4658,"tiba tiba aja saldo kepotong karna uji coba, balikin saldo guaa",1,0,Negatif
4659,"aplikasi nya lumayan bagus tapi kok tiba tiba keluar sendiri terus kalo di dowload ulang tu semua vidio yang dulu pernah gua coba eh malah harus nunggu iklan ,aplikasi nya benerin lagi",1,0,Negatif
4660,saya merekomendasikan aplikasi ini aman dan terpercaya,5,0,Positif
4661,"Saya beri rating 5 karena ini bisa membuat saya untuk berpengalaman dalam mengedit foto,membuat video,dan membuat jj,jadi menurut saya aplikasi ini bagus karena bisa mengajarkan kita untuk mengedit apapun yang kita butuhkan,ya hanya itu yang bisa saya sampaikan jadi yaudah bye byeï¿½ï¿½ï¿",4,1,Positif
4662,cuma putar mundur aja sekarang prosesnya lama banget,1,0,Negatif
4663,padahal pengguna lama tapi akun ku ga bisa di pake,1,0,Negatif
4664,Bagus banget deh pokoknya ï¿½ï¿½ï¿,5,1,Positif
4665,jujur lebih suka capcut dari pada yang lain,5,0,Positif
4666,bgus dan menyenangkan,5,0,Positif
4667,"makin lama makin byk yg berbayarï¿½ï¿½ï¿½ï¿½ï¿½ï¿½ï¿½ï¿½ï¿½ï¿½ï¿½ï¿½ï¿½ï¿½ï¿½ï¿½ï¿½ï¿½ï¿½ï¿½ï¿½ï¿½ï¿½ï¿½ï¿½ï¿½ï¿"" aja + byk bgt yg msih gratis ï¿½ï",2,-2,Negatif
4668,tidak bisa di donwnload tapi apk nya bagus banget buat nyindir si ular,5,1,Positif
4669,udh pro ini kok makin banyak bugg aduh kacaunya gw kasih bintang 5 biar pd liat,5,0,Positif
4670,beuhh aplikasinya sangat bagus tapi jika ingin tidak ada iklan harus VIP deh.,5,0,Positif
4671,baguss,5,0,Positif
4672,aplikasi selalu eror,1,0,Negatif
4673,bagus,5,1,Positif
4674,ekspor aja harus bayar dulu ekspor nggak di suruh bayar Sekarang bayar gimana sih,1,0,Negatif
4675,Bagussss,5,0,Positif
4676,saya sering edit foto saya disini dan selalu bagus,5,1,Positif
4677,bagus,5,1,Positif
4678,"saya suka sama aplikasinya, tapiiiii, pas mau di ekspor malah ada bacaan ""ada kesalahan teknis, harap coba lagi"" pas pencet coba lagi malah ada bacaan kaya gitu lagii, aku gk tau bug atau bagaimana, tapi pas pake template lain sama aja, tolong diperbaiki lagi, terimakasih ï¿½ï¿½ï¿½ï¿½",4,-1,Positif
4679,lumayan,4,0,Positif
4680,gak bisa di ekspor jj nya,1,0,Negatif
4681,baguss,5,0,Positif
4682,Bagus sekali,3,1,Positif
4683,Banyak kurangnya,1,0,Negatif
4684,ini kenapa setiap mau ambil template selalu ada tulisan kesalahan teknis? mohon diperbaiki pihak capcut,2,0,Negatif
4685,koyok asu,3,0,Netral
4686,"kikir bet,hapus background awalnya gratis. tiba tiba harus langanan",1,-1,Negatif
4687,elemen ini gk bisa di import mmk lu,1,0,Negatif
4688,kakean iklan,1,-1,Negatif
4689,APLIKASI EDIT VIDEO PHOTO PALING KIKIR..,1,-1,Negatif
4690,woi apa apaan ini aplikasi udah berlangganan masih aja gak bisa dipake fitur pro nya aplikasi sampah,1,0,Negatif
4691,"jujur bgs aj sih, tp kenapa tiba tiba hampir semuanya pro woi lahh?? kebelet haji kah admin? pls lah masa sound aja juga harus pro? pls lah.. kami cuma pengen ngedit, jangan mentang-mentang kalian udah bagus n gampang bisa semuanya di pro in,, ayoo laahhh plss.. udah kan? aku kita ke am aja ..ï¿½ï",1,2,Positif
4692,Kerendahan pokoknyaï¿½ï¿½ï¿,5,0,Positif
4693,terimakasih untuk segala pelayanan nya yang sangat bagus,5,1,Positif
4694,"capcut banyak iklan nyaa, iklan itu harus di hapus.",4,-2,Positif
4695,"sekarang cap cut ga seru karna harus bayar , mana klo bayar langsung nguras dana gopay",1,1,Positif
4696,good,4,0,Positif
4697,enak kalu ngedit vidio gak ribet amat ya,5,0,Positif
4698,gak bisa do dowload lagi ini capcut kenapa lagi,3,0,Netral
4699,aku suka bgt pakai aplikasi ini untuk buat/edit vidio sama pakainya juga lumayan gampang sama bisa pakai suara ai cuma ngetik aja kadang aku juga pakai suara asli. tapi keruangannya banyak fitur pro bisa dicoba tapi ga bisa di exploreï¿½ï¿½ï¿,5,1,Positif
4700,bagus capcut berguna buat bikin jj ï¿½ï,5,1,Positif
4701,aplikasi nya bagus,4,1,Positif
4702,saya kasi bintang 4 karna banyak iklan judinya tolong pihak capcut ganti iklan judinya jadi iklan sembarang asalkan tidak mengandung judi,4,-3,Positif
4703,"jangan kikir yach, mentang mentang banyak yng download malah berbayar semua, udah mana iklan nya kadang ga jelas, tolong yach di perbaiki biar nyaman aman dan tentram dari hate hate netizen yach",1,-3,Negatif
4704,aplikasi kikir ya kali udah nonton 3x tetep GK bisa extrak,1,-1,Negatif
4705,saya kasih bintang satu karena capcut sekarang tambah stresss,1,0,Negatif
4706,gak bisa di download,1,0,Negatif
4707,cukup berguna,5,0,Positif
4708,"bagus banget tapi kadang nge bug, gk papa lah",5,0,Positif
4709,aplikasi ini membuat vidio vidio yang saya buat jadi bagus!,5,1,Positif
4710,apk ny kikir bngt ceunahhhh 11/12 sama fir'aun anj,1,-1,Negatif
4711,aku sukaaa banget,5,0,Positif
4712,menurut ku aplikasi ini bagus,5,1,Positif
4713,"saya pengguna lama capcut, sekarang gak kaya dulu banyak iklan dan banyak PRO nya yang awalnya efek free jadi harus bayar banya bayaranya sekarang tidak cocok untuk editï¿½ï¿½ï",1,-1,Negatif
4714,mantull) llll) lllllllllllllllllll) llllll),4,0,Positif
4715,"capcut makin kesini makin kesana, apa apa harus pro jelek kali",1,-1,Negatif
4716,adalah pokoknya,3,0,Netral
4717,apk nya bagus,5,1,Positif
4718,sangat berguna,5,0,Positif
4719,"apa apaan ini, capcut makin GK jelas. masa mau ekpor harus nonton iklan segala, mana sampe 6 kali lagi. Sumpah ini capcut kikir banget, maksa untuk langganan Pro. Fiturï¿½ï¿½ï¿½ï¿½ï¿½ï¿½ï¿½ï¿½ï¿½ï¿½ï¿½ï¿½ï¿½ï¿½ï¿½ï¿½ï¿½ï¿½ï¿½ï¿½ï¿½ï¿½ï¿½ï¿½",1,-2,Negatif
4720,"Bikin, Tema (Dark) Tema gelap biar, Tmbah mnarik bagi, Pencinta tema gelap gan, Mkasih ï¿½ï¿½ï¿",5,0,Positif
4721,"fitur nya banyak yang harus bayar nanti 2030 kalo mau masukin vido atau foto juga harus bayar kayanya,terus 2045 instal nya juga harus bayar dan seterusnya sampe kaya",1,0,Negatif
4722,bagus,5,1,Positif
4723,"gak bisa beralasan lagi,ini sumpah bagus banget",5,1,Positif
4724,tolong developer nyaa saldo saya kesedot otomatis,1,-1,Negatif
4725,bayak iklannya,1,0,Negatif
4726,r ama,5,0,Positif
4727,sukaaaa bngt sm aplikasi ini,5,0,Positif
4728,"aku kasih bintang 1 karena, setiap mau disimpan berbayar aku gaksukaï¿½ï¿½ï¿",1,-1,Negatif
4729,"keren banget tapi kalo ambil template susah,mudain dong admin kasih lancar aja walaupun pake kuota hehehï¿½ï",5,2,Positif
4730,aplikasi nya bagus,3,1,Positif
4731,bad apps,1,0,Negatif
4732,kok aku g bs unduh ya vt yg aku buat?,1,0,Negatif
4733,Apk ini sangat bagus semua foto vidio bisa di upload di sesuaikan sesuai dengan keinginan jaringannya pun bagus banget ga ngelek pokok ny memuaskan deh terimakasih,5,1,Positif
4734,"aplikasi kikir dari 2021 sampe 2024 setia banget gw ama capcut tapi giliran sekarang apa apa bayar pakai itu bayar semua nya di jadikan duit,gimana creator kecil yg sedang memulai karir ini kalau pake itu bayar pake ini bayar",1,-1,Negatif
4735,aplikasi capcut emang bagus,5,1,Positif
4736,jujur capcut bagus untuk mengedit foto vidio juga bisa bikin jj atau colab aku kasih bintang lima ya kaka,5,1,Positif
4737,"very bad, I've been using CapCut for a long time but this time it's really really bad, you really want to be rich, everything is paid now, I've even subscribed but I can't use it, What do you want? Is this a scam? I'm really annoyed about this. Even now, there are so many ads. Every time I want to download a video, I have to use an ad first. I really like editing in CapCut, but now not everything has to be standard",1,0,Negatif
4738,suka kadang erorr,4,0,Positif
4739,"Aplikasi ini sangat bagus untuk mengedit video jadi, jika ada video yang ingin di edit download CapCut-Editor Video aja untuk mengeditnya, tapi kenapa kebanyakan pro semua fiturnya, berbayar lagi",4,0,Positif
4740,"APLIKASI KIKIR, APA APA WAJIB PRO DASAR KAPITALIS",1,-1,Negatif
4741,gk geratis,1,0,Negatif
4742,"ngelag abisss,pas di download juga lemotttt gasuka deh",1,0,Negatif
4743,Razeki ingin dapat kan capcul,5,0,Positif
4744,ngaca dlu deck kalo mau bikin aplikasi,1,0,Negatif
4745,apa masa umur 16 gak boleh,1,0,Negatif
4746,seru karena bisa mengedit sepuasnya tanpa lama,5,1,Positif
4747,bagus,5,1,Positif
4748,ngelag terus jir pas aku mau cari vidio di camera malah gak ada,1,0,Negatif
4749,capcut sekarang terlalu bnyak iklan dan iklan nya judol semua,1,-2,Negatif
4750,keren aku jadi bisa ngedit lagi deh makasih ya yang buat aplikasi ini aku happy bangetï¿½ï,5,1,Positif
4751,"jujur janggal,eh maaf, jujur bagus banget senang untuk editï¿",5,1,Positif
4752,"lumayan bagus tapi ada banyak iklan! dan ada juga banyak fitur fitur yang harus dibayar dan template nya juga ada yang harus dibayar! kurangi sedikit ya!, ï¿½ï¿½ï¿½ï¿½ï¿½ï¿½ï¿½ï¿½ï¿½ï¿½ï¿½ï¿",3,0,Netral
4753,aku sangat suka sama ini ini sungguh bagus,5,1,Positif
4754,sangat bagus untuk editing poto dan video,5,1,Positif
4755,krg bgs krna hrs byr,2,0,Negatif
4756,awalnya sih aku download itu bagus tapi kok lama-lama malah berhenti terus selalu keluar terus dari aplikasi ini padahal udah aku update 3 kali tetep aja gini nyesel aku nginstal aplikasi ini apalagi bikin hp lemot lagi ï¿½ï¿½ï¿½ï¿½ï¿½ï,5,0,Positif
4757,ngambil duit orang langganan kaga yam,1,0,Negatif
4758,kontL sekarang edit apa apa berbayar,1,-1,Negatif
4759,iklan terlalu banyak,1,-1,Negatif
4760,tlg fitur stabilizer itu jgn di pro in. kurang2i lah fitur yg pro gitu. kan bisa pake iklan juga. kaya nonton iklan brp kali setiap penggunaan berapa jam. drpd gini ribet sumpah,1,-2,Negatif
4761,kebanyakan pro + banyak iklan,2,-1,Negatif
4762,gacorrr,5,0,Positif
4763,bagus bisa ngedit ngedit,4,1,Positif
4764,semua bayar parahh,1,0,Negatif
4765,bagus banget dan berguna sekali ï¿½ï¿½ï¿½ï¿½ï¿½ï¿½ï¿½ï¿½,5,1,Positif
4766,bgs Weh suka ma fitur ak nuaw,3,0,Netral
4767,saya sangat suka dengan capcut karena aplikasi nya tanpa iklan,5,-1,Positif
4768,sangat Bagus,5,1,Positif
4769,"bring ,vn ,pengedit lainnya lebih oke",1,1,Positif
4770,bagus banget buat jj,5,1,Positif
4771,terlalu mahal harga untuk pro,1,-1,Negatif
4772,ok tapi belum di coba,5,1,Positif
4773,bagus banget,4,1,Positif
4774,bagus tapi tolong dibikin lebih bagus,5,2,Positif
4775,susah instal,1,0,Negatif
4776,"banyak bug, harus bayar gaenak",1,-1,Negatif
4777,apk ga bisa di buka gaje,1,0,Negatif
4778,jujur ya capcut sekarang Ngak bisa di download padahal penyimpanan ku banyak lagi lama banget download tau tau gak bisa,1,0,Negatif
4779,padahal udah ke instal tapi pas di buka gak bisa malah keluwar mulu berkaliï¿,1,0,Negatif
4780,suka,5,0,Positif
4781,BUGGGGGGGGGG,1,0,Negatif
4782,jelek,1,-1,Negatif
4783,editan nya sangat bagus,5,1,Positif
4784,"parah, ntah apa"" aja yang muncul negatif""",2,-1,Negatif
4785,coba gratis dan knp tiba tiba berlangganan dan bikin boncos hadehhhhh mahalnya gak ketulungan ï¿½ï¿½ï¿½ï¿½ï¿½ï¿½ï¿½ï¿½ï¿½ï¿½ï¿½ï¿½ï¿½ï¿½ï¿½ï¿½ï¿½ï¿½ï¿½ï¿½ï¿½ï,1,0,Negatif
4786,membantu,4,1,Positif
4787,bagus,5,1,Positif
4788,capcut selalu ingin meminta langganan/membayar jadi saya tidak bisa menggunakan capcut lagi,3,0,Netral
4789,hindari iklannya aja,4,0,Positif
4790,kikir amat bgst,1,-1,Negatif
4791,seru dan gatau kenapa aplikasinya kaya hasilin edit sendiri dan cocok untuk gamer yang ingin mengedit vidio atau pun foto itu saja kata kata saya untuk aplikasi capcut assalamualaikum warahmatullahi wa barokatuï¿½ï,5,1,Positif
4792,download nya lama ngelag/ ngebug gajelas mohon diperbaiki,1,0,Negatif
4793,sangat lah bagus dan bagus,5,2,Positif
4794,apk Ter kikirï¿½ï,3,-1,Negatif
4795,i likee aplikasi ini ï¿½ï¿½ï¿,5,0,Positif
4796,"jujur saya kurang suka sama cap cut yang sekarang,menurut saya kebanyakan iklan,dan banyak yang pro",1,-1,Negatif
4797,video trend dan dll ada di capcut aku sangat suka aplikasi ini semoga bermanfaat ya jangan menyesal ya kalau kalian cuma lihat doang kalian semua harus mencoba aplikasi ini ï¿½ï¿½ï¿½ï,5,0,Positif
4798,bisa untuk mengedit apa saja,5,0,Positif
4799,kebanyakan kocak,1,0,Negatif
4800,sanggat bagus,5,1,Positif
4801,terima kasih CapCut sangat memuaskan bisa membahagiakan hati saya,5,0,Positif
4802,aplikasi nya bagus suka setiap bikin vd selalu bagus dan gak ngeblur,5,2,Positif
4803,"apk nya bagus, bisa bikin jj tapi ada sebagian jj yg agak sesad, jdi tidak boleh di bikin anak' dan jj nya kadang tidak ada suara",4,1,Positif
4804,bagus,4,1,Positif
4805,jangan banyakin yg bayar,2,0,Negatif
4806,baguss,5,0,Positif
4807,responsif plain guys responsif,5,0,Positif
4808,bagus aku suka,5,1,Positif
4809,"mohon fitur ""uji coba gratis""mohon diberhentikan",1,0,Negatif
4810,Behhhh kece joieerrrrrrrrrrr,5,0,Positif
4811,bgs cm JNGN SMW NY PREMIUM LAH NJINK,3,-1,Negatif
4812,"tolong ya setiap saya mau coba template itu selalu saja ada kata "" tidak ada media"" padahal di galeri fotonya suda ada semua tolong jangan bikin bug seperti ini ya susah juga nanti kalau ada yang mau coba template tapi malah ada bug kayak gini tolong segera dihilangkan ya bug seperti ini biar nyaman juga ï¿½ï¿½ï¿½ï¿½",2,-3,Negatif
4813,bagus,5,1,Positif
4814,sebenarnya formal cuman ga bisa di download tolong dong ini 5 aplikasi saya hapus ga bisa bisa Din download anehhh,4,0,Positif
4815,saya setiap Minggu menggunakan capcut sangat bagus sekali hasilnya walau agak ngelek dikit,5,0,Positif
4816,saya tidak suka karena sekrang capcut berubah editan nya jadi mesu* ini bisa menyebabkan anak,2,0,Negatif
4817,aplikasi inih sangat bagus saya suka sekali,5,1,Positif
4818,makin kikir mbud,1,-1,Negatif
4819,bagus banget aplikasinya berguna banget bagi aku,5,1,Positif
4820,karna aku suka pakai biar foriwrs ku banyak,5,0,Positif
4821,aplikasi kikirr,1,0,Negatif
4822,"aplikasinya bagus bisa bntu adit fto maupun vidio,tpi akhirï¿½ï¿½ï¿½ï¿½ï¿½ï¿½ï¿½ï¿½ï¿½ï¿½ï¿½ï¿½ï¿½ï¿½ï¿½ï¿½ï¿½ï¿½ï¿½",5,1,Positif
4823,sangat buruk ï¿½ï,1,-1,Negatif
4824,"karena udah pake capcut dari lama aja si, tapi sekarang ma, apa apa juga pro",4,0,Positif
4825,Bagus bangett,5,1,Positif
4826,mantap capcut ini laik ku jadi 1rb,5,1,Positif
4827,"sejauh ini saya puas cuma kalo bisa durasi panjang AI nya di gratiskan, sekian",5,1,Positif
4828,"ga butuh fitur AI gratis sih, mending gratisin aja fitur editnya tuï¿½ï",2,0,Negatif
4829,saya tidak bisaengekstark nya kenapa yaa,1,0,Negatif
4830,buruk kali . hp jadi lelet,1,-1,Negatif
4831,bagusss,3,0,Netral
4832,banyak bt iklannya buset,1,0,Negatif
4833,"tingkatin keamanan kontennya, mlh jadi sarang bkp",1,0,Negatif
4834,kok ga bisa di download?,1,0,Negatif
4835,tak bisa di download,1,0,Negatif
4836,"bagus bagus ,",5,2,Positif
4837,banyak fitur pro ny ajgï¿½ï,3,0,Netral
4838,skrng trlalu banyak iklannya,3,0,Netral
4839,apak nya sangat membantu,5,1,Positif
4840,banyak iklan capcut bagus tapi awal makin kesini banyak iklan iklan nya panjang,2,-2,Negatif
4841,sekarang makin gede updatenya,1,0,Negatif
4842,BAGUS BANGET!!!!!!!!,5,1,Positif
4843,BAGUS TAPI SAYANG TIDAK BISA DI INSTAL,1,1,Positif
4844,Biasanya kesel kalo ada iklan dan di suruh bayarr,3,-1,Negatif
4845,aplikasi ini sangat membantu dan bergunaaa bintang 5!!ï¿½ï¿½ï¿½ï¿½ï¿½ï,5,1,Positif
4846,"video ku udah 3 hari gak. di ekspor. padahal penyimpanan masih banyak, udah install ulang berkaliï¿½ï¿½ï¿½ï¿½ï¿½ï¿½ï¿½ï¿½ï¿½ï¿½ï¿½ï¿½ï¿½ï¿½ï¿½ï¿½ï¿½ï¿½ï¿½ï¿½ï¿",2,0,Negatif
4847,bagus sih cuman suka tiba-tiba hitam si foto nyaï¿½ï¿½ï¿½ï¿½ï¿½ï¿½ï¿½ï¿½ï¿½ï¿½ï¿½ï¿½ï¿½,3,1,Positif
4848,bagus tapi gj,5,1,Positif
4849,Bagus banget kalo lagi gabut bisa edit dicap cut,5,1,Positif
4850,GAJELAS BGT SUMPAH BARU BUKA CAPCUT MALAH LANGSUNG LEG KELUAR KELUAR IH TOLONG PLIS PEPRBAIKI PDHL BGS TEMPLAT NYA,1,0,Negatif
4851,tak bisa di install,1,0,Negatif
4852,setiap video yg ada di CAPCUT ada ngelek ngelek nya pas download jg lama,2,-2,Negatif
4853,sangat baik,5,0,Positif
4854,aplikasi capcut ini baguss tapi aplikasi ini tiba tiba hilanggï¿½ï¿½ï¿½ï¿½ï¿½ï¿½ï¿½ï¿,5,0,Positif
4855,cap cup enakan banget yah heheheheh. ï¿½ï¿½ï¿,5,0,Positif
4856,aplikasi nya sangat bagus cuman lelet aja pokoknya bintang lima deh jadi creator capcut bisa mengaktifkan fitur pro,5,1,Positif
4857,bagusssss bgtttt,5,0,Positif
4858,lumayan bagus,3,1,Positif
4859,ngasal,1,0,Negatif
4860,Bagus aplikasinya,5,1,Positif
4861,"apaan dh, update bilangnya memperbaiki masalah tpi yg ad mlah tmbah masalah nih apk",1,0,Negatif
4862,Bagus,5,1,Positif
4863,aplikasi nya bagus banget ya walaupun ada iklan nya tapi pokonya bagus bgtt ï¿½ï,5,1,Positif
4864,"mantap ini saya bisa mengedit dengan baik dan kesalahan kesalahan editan gua yang masih kurang karna saya adalah pemula sekarang saya pun bisa edit dengan baik dan berkembang saat ini, terima kasih atas terhadap tulisan saya yang sudah yah saya pamit dulu dahh ï¿½ï¿½ï¿½ï¿½ï¿½ï¿½ï¿½ï¿½ï¿½ï¿½ï¿½ï¿½ï¿½ï¿½ï¿½ï¿½ï¿½ï¿½ï¿½ï¿½ï¿½ï¿½ï¿½ï",1,1,Positif
4865,bagus banget buat ngedit acara atau sound animasi,4,1,Positif
4866,ngeleg,3,0,Netral
4867,kebanyakan 18+ï¿½ï¿½ï¿,1,0,Negatif
4868,"uang saya kepotong otomatis, saya ajukan refund tetap saja tidak balik",1,0,Negatif
4869,enak kalo mau ngedit tinggal pilih aja,5,0,Positif
4870,bgus bat,5,0,Positif
4871,saat ingin tambah foto buat konten gak bisa jadi kalau mau tambah foto harus hapus lalu download lagi,3,0,Netral
4872,"It's pretty good, it can make JJ, but please, there shouldn't be any ads, I don't like it, sometimes when my friend has the CapCut application, when he enters it, it comes out again, I'll give it 4 stars first.",4,0,Positif
4873,dikit dikit bayar.....,4,0,Positif
4874,capcut (good),5,0,Positif
4875,bagus dan menarik setiap mau buat JJ,5,1,Positif
4876,jjr sk ngedit di cpct krna bgs dn brguna bgi smua org wlpn ad ikln yg sk ngslin tp cpct sgt brguna kl buat ngedit gmpng si d bnding yg sblh cm ikln ny aj yg ngslin wkwk,5,0,Positif
4877,"aplikasi nya bagus, pro nya murah aja, berkualitas HD, seperti kamera 360ï¿½ï¿½ï¿½ï¿½ï¿½ï¿½ï¿½ï¿½ï¿½ï¿½ï¿½",5,1,Positif
4878,aplikasi nya lumayan bagus,5,1,Positif
4879,bagus skliii,5,1,Positif
4880,seru,5,1,Positif
4881,yey,5,0,Positif
4882,baik,5,0,Positif
4883,ini sangat seru bagiku,5,1,Positif
4884,Pokonya aplikasi ini sgt bagus bgt buat mengedit video jadi bagus gitu ak kasih bintang 4 lah soalnya baguss ï¿½ï¿½ï¿½ï¿½ï¿½ï¿½ï¿½ï¿½ï¿½ï¿½ï¿½ï¿½ï¿½ï¿½ï¿½ï¿½ï¿½ï¿½ï¿½ï¿½ï¿½ï¿½ï¿½ï¿½ï¿½ï¿½ï¿½ï¿½ï¿½ï¿½ï¿½ï¿½ï¿½ï¿½ï¿½ï¿½ï¿½ï¿½ï¿½ï¿½ï¿½ï¿½ï¿½ï¿½ï¿½ï¿½ï¿½ï¿½ï¿½ï¿½ï¿½ï¿½ï¿½ï¿½ï¿½ï¿½ï¿½ï¿½ï¿½ï¿½ï¿½ï¿½ï¿½ï¿½ï¿½ï¿½ï¿½ï¿½ï¿½ï¿½ï¿½ï¿½ï¿½ï¿½ï¿½ï¿½ï¿½ï¿½ï¿½ï¿½ï¿½ï¿½ï¿½ï¿½ï¿½ï¿½ï¿½ï¿½ï¿½ï¿½ï¿½ï¿½ï¿½ï¿½ï¿½ï¿,4,1,Positif
4885,keren,5,1,Positif
4886,bagus lumayan lah buat bikin jj sama teman teman ku pas lagi latihan badminton pokok nya debes banget y,5,1,Positif
4887,terlalu banyak iklan nya,3,-1,Negatif
4888,Berbayar.Hapus,1,0,Negatif
4889,aplikasi lumayan bgs,5,0,Positif
4890,kenapa saat menghasilkan video ngelag ya atau HP ku aja yg ngelag kasih saran dong,5,0,Positif
4891,bagus banget,5,1,Positif
4892,kakean iklan gok ekspor dadak nunggu iklan kepencet pindah apk lol,1,-2,Negatif
4893,gak suka karena ada fitur premium/pro nya,2,-1,Negatif
4894,setuju,3,0,Netral
4895,busa di pakai untuk AI,5,0,Positif
4896,serba uji coba gratis,1,0,Negatif
4897,kenapa sih ga bisa download aplikasinya iniii,1,0,Negatif
4898,saldo dana saya disedot tanpa persetujuan sayaa,1,0,Negatif
4899,kecewa aplikasi satu ini dulu fitur gratisan nya banyak bisa di akses semua orang sekarang di batasi terpaksa atau tidak harus berlangganan meskipun kadang mau berlangganan suka mikir antara kebutuhan sehari-hari atau cuma ending konten tolong depolover capcut bisa mengkondisikan aplikasi nya antara gratisan sama berbayar terima kasih,1,-2,Negatif
4900,ga ada foto mau pun vidio yg ada di galegi,1,0,Negatif
4901,"bagus sih apk nya,tapi agk ngeleg",4,1,Positif
4902,template ga gerak,2,0,Negatif
4903,saya beri bintang 1 karna saya mau bikin video ternyata baran di tulis nya gratis jadi saya pecen dana saya hilang sebesar 83k,1,0,Negatif
4904,tidak sesuai dengan keinginan kita,1,0,Negatif
4905,kasih 4 aja,4,0,Positif
4906,aku belom bisa bikin video,2,0,Negatif
4907,Folder suka hilang-hilang an,3,0,Netral
4908,kebayakan iklan,1,-1,Negatif
4909,"Aplikasi Ini Sangat Greedy Dan Membutuhkan Uang.. Untuk Resolusi FHD Butuh Pembayaran Standar, Update Yang Dibuat Juga, Yang Harus-Nya Sudah Simple... Menjadi Lebih Ribetin",1,0,Negatif
4910,ýýýýýýýýýýýýýýýýýýýýýýýýýýýýýýýýýýýýýýýýýýýýýýýýýýýýýýýýýýýýýýýý,5,0,Positif
4911,Alat digunakan oleh pengguna bukan pengguna dipakai alat .,5,0,Positif
4912,"soalnya kalo mau download ulang itu susah, kenapa ya kira kira nya",2,0,Negatif
4913,banyak iklan,1,-1,Negatif
4914,apk nya sih udah BAGUS banget ya tapi kurangin dong pro nya kan aku suka ngedit langganannya jadi kurangin pro nya yaaa,5,1,Positif
4915,fiturnya pro semua,1,0,Negatif
4916,"tidak fantast, prasaan pas dulu gabanyak fitur prem nya, eh makin kesini kok kyk hampir semua di premiumin ya?",1,0,Negatif
4917,Tidak bisa di Download,1,0,Negatif
4918,"ngedit udah jauh2 mau clear, lag bug tiba2 balik lagi. buang2 waktu bjirï¿½ï",2,-2,Negatif
4919,SUKAA BNGEETT SAMA CAPCUT LOPYUU,5,0,Positif
4920,aplikasi nya baguss,5,0,Positif
4921,sangatt suka,5,0,Positif
4922,ýýýýýýýýýýýý,5,0,Positif
4923,bagus untk mng edit vdi trus jg lg nya ask,4,1,Positif
4924,dari tadi nungguin 3 jam lama banget instalnya sampe gagal,1,0,Negatif
4925,aku suka sih tapi menyebalkan banget,5,0,Positif
4926,good,5,0,Positif
4927,kenapa yaa kalau mau buka capcut selalu ada kelao kelip,4,0,Positif
4928,"aplikasi penyedot saldo, jangan di download kalo tidak mau saldo anda hilang",1,0,Negatif
4929,semakin jelek semakin gak jelas fitur-fitur nya,1,-1,Negatif
4930,aplikasi ini sangat bagus dan real guys,5,1,Positif
4931,banyak yang pake pro,3,0,Netral
4932,bagus bagus banget,5,2,Positif
4933,baguss bangett sukaaa,5,0,Positif
4934,aplikasi nya bagus,5,1,Positif
4935,bagus sih tapi kadang templet ny cuma item,4,1,Positif
4936,sangaaaattt bergunaaaa dan baguussss ï¿½ï¿½ï¿½ï¿½,5,0,Positif
4937,selalu ngelek,1,-1,Negatif
4938,saya bisa mengedit foto saya dan video saya dengan fiturnya yang sangat bagus,5,1,Positif
4939,halo capcut saya mintak pengembalian dana yang saya tidak menyetujui pembayaran tersebut,1,0,Negatif
4940,ini aplikasi edit yang super bagus,5,1,Positif
4941,baguss,5,0,Positif
4942,apk gak jelas jangan download,1,0,Negatif
4943,wow keren dan unik,5,1,Positif
4944,makin banyak yang pro di tambah banyak bgt video 18+,1,0,Negatif
4945,jujur ini keren banget saya rat 4,4,1,Positif
4946,aplikasi SAMPAH!!!,1,0,Negatif
4947,baguss tapi kebanyakan video 18+ tolong dihilangi,4,0,Positif
4948,bagus jadi banyak yang suka ke saya,5,1,Positif
4949,coba dulu ya,4,0,Positif
4950,aplikasi ini bagus bantu aku banya kali ngedit poto dan vidio walaupun ada yang kurang tp udah bagus sih,4,2,Positif
4951,jujur aman aja buat ngedit cuma minus di iklan doang,4,-1,Positif
4952,aneh sumpah,1,0,Negatif
4953,gk bisa di download,1,0,Negatif
4954,Aplikasi Kikir,1,-1,Negatif
4955,bagus sih... tapi ... banyak yang udah pro ini CC kebelet umroh kah? pro semuaaa,4,1,Positif
4956,tidak bisa login,1,0,Negatif
4957,makan tu premiumï¿½ï,1,-1,Negatif
4958,"saya suka aplikasi ini selain untuk mengedit, bisa juga agar gambar atau vidio lebih keren!",5,1,Positif
4959,kenapa gak bisa pake templat pake foto akuh??,5,0,Positif
4960,Alhamdulillah cukup menghibur,5,0,Positif
4961,seru bisa bikin jj,4,1,Positif
4962,bagus aja,5,1,Positif
4963,karena gak bisa di download plss bisa kedownload dong demi guaH,1,0,Negatif
4964,Aplikasi sangat baguusa sekali mantap,5,1,Positif
4965,aplikasi ini membantu saya mengedit video,5,1,Positif
4966,APLIKASI SAMPAH SEMUANYA BAYAR EDIT BAYAR GERAK BAYAR NAFAS BAYAR SEMUA BAYAR,1,0,Negatif
4967,g semua orang .. itu orang mampu . knpa sekarang berbayar.. mereka berfikir untuk makan saja udah sukur.. mengedit foto sendri untuk di jadikan momen indah itu. sangat nyaman.. knpa sekarang harus bayar? kn bisa dengan cara nonton iklannya.. ï¿½ï¿½ï¿½ï¿½ï¿½ï¿½ï¿½ï¿½ï¿½ï¿½ï¿½ï¿½ï¿½ï¿½ï¿½ï¿½ï¿½,2,-1,Negatif
4968,"saya suka dengan aplikasi capcut ini, karna bisa menggunakan template sekaligus bisa juga mengedit foto, tapi pas dicoba template ini di tiktok, aku saya harus update nya duluï¿½ï¿½ï¿",3,0,Netral
4969,bagus banget,5,1,Positif
4970,sikit skit iklan semakin ga jelas,1,-1,Negatif
4971,cukup puas,4,1,Positif
4972,banyak banget ya sekarang harus bayar duluuu sad bgttt,1,0,Negatif
4973,"capcut sekarang bayarrr, ga bisa gratisannn. kasian buat user gratisan kaya saya giniiiï¿½ï¿½ï¿",2,0,Negatif
4974,sangat membantu,5,1,Positif
4975,"Trash and ugly, almost everythings is cost money,please fix this capcut, i want the old capcut back",1,0,Negatif
4976,tolong turunin mb nya ke 111,2,0,Negatif
4977,bagus bangettttttt tp mb nya di kurangin dikit,5,1,Positif
4978,bagus banget cocok buat bikin miniflog trus iklan nya juga ga terlalu lama paling cuman 5 detik dah selesai pokoknya aplikasi ini tuh bagus bangett dan keren,5,2,Positif
4979,bagus digunakan,4,1,Positif
4980,gak bisa di buka gak jelas,1,0,Negatif
4981,Aplikasi ini membuat saya lebih mudah membuat video,5,1,Positif
4982,lumayan,4,0,Positif
4983,bagus,5,1,Positif
4984,banyak pro males jadinya,1,0,Negatif
4985,bagus banget,5,1,Positif
4986,karena aplikasi ini berbayar walupun hanya mengekspor,2,-1,Negatif
4987,keren,2,1,Positif
4988,KENAPA BANYAK FITUR PROOO??? SAYA LAGI BOKEK WOEEEE ï¿½ï¿½ï¿½ï¿½,2,0,Negatif
4989,bisa ngerti coyï¿½ï,5,0,Positif
4990,terlalu banyak iklan dan capcut sekarang knpa harus bayar?,2,-1,Negatif
4991,bagussï¿½ï¿½ï¿½ï¿½ï¿½ï¿½ï,5,0,Positif
4992,saya sudah lama mengagumi capcut. bukanya makin lma mkin bagus. sekrng tmbh lelet / ngeleg. maaf bintang 3 rasa sudah cukup. trimakasi sudah membantu selama ini. cz sudah pindah kelain app.,3,2,Positif
4993,kenapa tidak bisa di dolwd!!!!,1,0,Negatif
4994,capcut anjingg,2,0,Negatif
4995,NGAMBIL DUIT ORANG TANPA IZIN,1,0,Negatif
4996,aplikasi nya jelek nggak pantes di pakek,5,-1,Positif
4997,saldo dana saya terpotong otomatis sudah pengajuan refund tapi ngga balik juga!,1,0,Negatif
4998,karena apalikasi ini juga berguna untuk mengedit ai,5,0,Positif
4999,baguss,5,0,Positif
5000,aplikasi nya bagusï¿½ï¿½ï¿½,5,1,Positif
